2025-12-16 23:33:11,918 - __main__ - INFO - {"event": "Starting Telegram Dispatcher Platform...", "logger": "__main__", "level": "info", "timestamp": "2025-12-16T20:33:11.918510Z"}
2025-12-16 23:33:11,918 - __main__ - INFO - {"event": "Starting Telegram Dispatcher Platform...", "logger": "__main__", "level": "info", "timestamp": "2025-12-16T20:33:11.918510Z"}
2025-12-16 23:33:12,314 - __main__ - INFO - {"event": "Bot started. Press Ctrl+C to stop.", "logger": "__main__", "level": "info", "timestamp": "2025-12-16T20:33:12.314297Z"}
2025-12-16 23:33:12,314 - __main__ - INFO - {"event": "Bot started. Press Ctrl+C to stop.", "logger": "__main__", "level": "info", "timestamp": "2025-12-16T20:33:12.314297Z"}
2025-12-16 23:33:12,314 - aiogram.dispatcher - INFO - Start polling
2025-12-16 23:33:12,314 - aiogram.dispatcher - INFO - Start polling
2025-12-16 23:33:15,662 - aiogram.dispatcher - INFO - Run polling for bot @disp_hunter_bot id=8589419100 - 'Disp_Hunter'
2025-12-16 23:33:15,662 - aiogram.dispatcher - INFO - Run polling for bot @disp_hunter_bot id=8589419100 - 'Disp_Hunter'
2025-12-16 23:35:21,553 - aiogram.event - INFO - Update id=873021188 is handled. Duration 421 ms by bot id=8589419100
2025-12-16 23:35:21,553 - aiogram.event - INFO - Update id=873021188 is handled. Duration 421 ms by bot id=8589419100
2025-12-16 23:35:25,938 - aiogram.event - INFO - Update id=873021189 is not handled. Duration 0 ms by bot id=8589419100
2025-12-16 23:35:25,938 - aiogram.event - INFO - Update id=873021189 is not handled. Duration 0 ms by bot id=8589419100
2025-12-16 23:35:42,883 - aiogram.event - INFO - Update id=873021190 is not handled. Duration 0 ms by bot id=8589419100
2025-12-16 23:35:42,883 - aiogram.event - INFO - Update id=873021190 is not handled. Duration 0 ms by bot id=8589419100
2025-12-16 23:36:34,791 - aiogram.event - INFO - Update id=873021191 is handled. Duration 250 ms by bot id=8589419100
2025-12-16 23:36:34,791 - aiogram.event - INFO - Update id=873021191 is handled. Duration 250 ms by bot id=8589419100
2025-12-16 23:37:05,925 - aiogram.event - INFO - Update id=873021192 is not handled. Duration 0 ms by bot id=8589419100
2025-12-16 23:37:05,925 - aiogram.event - INFO - Update id=873021192 is not handled. Duration 0 ms by bot id=8589419100
2025-12-16 23:37:05,926 - aiogram.event - ERROR - Cause exception while process update id=873021192 by bot id=8589419100
TypeError: process_order_content() missing 1 required positional argument: 'session'
Traceback (most recent call last):
  File "C:\Users\Play\AppData\Local\Programs\Python\Python311\Lib\site-packages\aiogram\dispatcher\dispatcher.py", line 320, in _process_update
    response = await self.feed_update(bot, update, **kwargs)
               ^^^^^^^^^^^^^^^^^^^^^^^^^^^^^^^^^^^^^^^^^^^^^
  File "C:\Users\Play\AppData\Local\Programs\Python\Python311\Lib\site-packages\aiogram\dispatcher\dispatcher.py", line 164, in feed_update
    response = await self.update.wrap_outer_middleware(
               ^^^^^^^^^^^^^^^^^^^^^^^^^^^^^^^^^^^^^^^^
  File "C:\Users\Play\AppData\Local\Programs\Python\Python311\Lib\site-packages\aiogram\dispatcher\middlewares\error.py", line 27, in __call__
    return await handler(event, data)
           ^^^^^^^^^^^^^^^^^^^^^^^^^^
  File "C:\Users\Play\AppData\Local\Programs\Python\Python311\Lib\site-packages\aiogram\dispatcher\middlewares\user_context.py", line 58, in __call__
    return await handler(event, data)
           ^^^^^^^^^^^^^^^^^^^^^^^^^^
  File "C:\Users\Play\AppData\Local\Programs\Python\Python311\Lib\site-packages\aiogram\fsm\middleware.py", line 43, in __call__
    return await handler(event, data)
           ^^^^^^^^^^^^^^^^^^^^^^^^^^
  File "C:\Users\Play\AppData\Local\Programs\Python\Python311\Lib\site-packages\aiogram\dispatcher\event\telegram.py", line 126, in trigger
    return await wrapped_inner(event, kwargs)
           ^^^^^^^^^^^^^^^^^^^^^^^^^^^^^^^^^^
  File "C:\Users\Play\AppData\Local\Programs\Python\Python311\Lib\site-packages\aiogram\dispatcher\event\handler.py", line 43, in call
    return await wrapped()
           ^^^^^^^^^^^^^^^
  File "C:\Users\Play\AppData\Local\Programs\Python\Python311\Lib\site-packages\aiogram\dispatcher\dispatcher.py", line 283, in _listen_update
    return await self.propagate_event(update_type=update_type, event=event, **kwargs)
           ^^^^^^^^^^^^^^^^^^^^^^^^^^^^^^^^^^^^^^^^^^^^^^^^^^^^^^^^^^^^^^^^^^^^^^^^^^
  File "C:\Users\Play\AppData\Local\Programs\Python\Python311\Lib\site-packages\aiogram\dispatcher\router.py", line 161, in propagate_event
    return await observer.wrap_outer_middleware(_wrapped, event=event, data=kwargs)
           ^^^^^^^^^^^^^^^^^^^^^^^^^^^^^^^^^^^^^^^^^^^^^^^^^^^^^^^^^^^^^^^^^^^^^^^^
  File "C:\Users\Play\AppData\Local\Programs\Python\Python311\Lib\site-packages\aiogram\dispatcher\router.py", line 153, in _wrapped
    return await self._propagate_event(
           ^^^^^^^^^^^^^^^^^^^^^^^^^^^^
  File "C:\Users\Play\AppData\Local\Programs\Python\Python311\Lib\site-packages\aiogram\dispatcher\router.py", line 189, in _propagate_event
    response = await router.propagate_event(update_type=update_type, event=event, **kwargs)
               ^^^^^^^^^^^^^^^^^^^^^^^^^^^^^^^^^^^^^^^^^^^^^^^^^^^^^^^^^^^^^^^^^^^^^^^^^^^^
  File "C:\Users\Play\AppData\Local\Programs\Python\Python311\Lib\site-packages\aiogram\dispatcher\router.py", line 161, in propagate_event
    return await observer.wrap_outer_middleware(_wrapped, event=event, data=kwargs)
           ^^^^^^^^^^^^^^^^^^^^^^^^^^^^^^^^^^^^^^^^^^^^^^^^^^^^^^^^^^^^^^^^^^^^^^^^
  File "C:\Users\Play\AppData\Local\Programs\Python\Python311\Lib\site-packages\aiogram\dispatcher\router.py", line 153, in _wrapped
    return await self._propagate_event(
           ^^^^^^^^^^^^^^^^^^^^^^^^^^^^
  File "C:\Users\Play\AppData\Local\Programs\Python\Python311\Lib\site-packages\aiogram\dispatcher\router.py", line 181, in _propagate_event
    response = await observer.trigger(event, **kwargs)
               ^^^^^^^^^^^^^^^^^^^^^^^^^^^^^^^^^^^^^^^
  File "C:\Users\Play\AppData\Local\Programs\Python\Python311\Lib\site-packages\aiogram\dispatcher\event\telegram.py", line 126, in trigger
    return await wrapped_inner(event, kwargs)
           ^^^^^^^^^^^^^^^^^^^^^^^^^^^^^^^^^^
  File "C:\Users\Play\AppData\Local\Programs\Python\Python311\Lib\site-packages\aiogram\dispatcher\event\handler.py", line 43, in call
    return await wrapped()
                 ^^^^^^^^^
TypeError: process_order_content() missing 1 required positional argument: 'session'
2025-12-16 23:37:05,926 - aiogram.event - ERROR - Cause exception while process update id=873021192 by bot id=8589419100
TypeError: process_order_content() missing 1 required positional argument: 'session'
Traceback (most recent call last):
  File "C:\Users\Play\AppData\Local\Programs\Python\Python311\Lib\site-packages\aiogram\dispatcher\dispatcher.py", line 320, in _process_update
    response = await self.feed_update(bot, update, **kwargs)
               ^^^^^^^^^^^^^^^^^^^^^^^^^^^^^^^^^^^^^^^^^^^^^
  File "C:\Users\Play\AppData\Local\Programs\Python\Python311\Lib\site-packages\aiogram\dispatcher\dispatcher.py", line 164, in feed_update
    response = await self.update.wrap_outer_middleware(
               ^^^^^^^^^^^^^^^^^^^^^^^^^^^^^^^^^^^^^^^^
  File "C:\Users\Play\AppData\Local\Programs\Python\Python311\Lib\site-packages\aiogram\dispatcher\middlewares\error.py", line 27, in __call__
    return await handler(event, data)
           ^^^^^^^^^^^^^^^^^^^^^^^^^^
  File "C:\Users\Play\AppData\Local\Programs\Python\Python311\Lib\site-packages\aiogram\dispatcher\middlewares\user_context.py", line 58, in __call__
    return await handler(event, data)
           ^^^^^^^^^^^^^^^^^^^^^^^^^^
  File "C:\Users\Play\AppData\Local\Programs\Python\Python311\Lib\site-packages\aiogram\fsm\middleware.py", line 43, in __call__
    return await handler(event, data)
           ^^^^^^^^^^^^^^^^^^^^^^^^^^
  File "C:\Users\Play\AppData\Local\Programs\Python\Python311\Lib\site-packages\aiogram\dispatcher\event\telegram.py", line 126, in trigger
    return await wrapped_inner(event, kwargs)
           ^^^^^^^^^^^^^^^^^^^^^^^^^^^^^^^^^^
  File "C:\Users\Play\AppData\Local\Programs\Python\Python311\Lib\site-packages\aiogram\dispatcher\event\handler.py", line 43, in call
    return await wrapped()
           ^^^^^^^^^^^^^^^
  File "C:\Users\Play\AppData\Local\Programs\Python\Python311\Lib\site-packages\aiogram\dispatcher\dispatcher.py", line 283, in _listen_update
    return await self.propagate_event(update_type=update_type, event=event, **kwargs)
           ^^^^^^^^^^^^^^^^^^^^^^^^^^^^^^^^^^^^^^^^^^^^^^^^^^^^^^^^^^^^^^^^^^^^^^^^^^
  File "C:\Users\Play\AppData\Local\Programs\Python\Python311\Lib\site-packages\aiogram\dispatcher\router.py", line 161, in propagate_event
    return await observer.wrap_outer_middleware(_wrapped, event=event, data=kwargs)
           ^^^^^^^^^^^^^^^^^^^^^^^^^^^^^^^^^^^^^^^^^^^^^^^^^^^^^^^^^^^^^^^^^^^^^^^^
  File "C:\Users\Play\AppData\Local\Programs\Python\Python311\Lib\site-packages\aiogram\dispatcher\router.py", line 153, in _wrapped
    return await self._propagate_event(
           ^^^^^^^^^^^^^^^^^^^^^^^^^^^^
  File "C:\Users\Play\AppData\Local\Programs\Python\Python311\Lib\site-packages\aiogram\dispatcher\router.py", line 189, in _propagate_event
    response = await router.propagate_event(update_type=update_type, event=event, **kwargs)
               ^^^^^^^^^^^^^^^^^^^^^^^^^^^^^^^^^^^^^^^^^^^^^^^^^^^^^^^^^^^^^^^^^^^^^^^^^^^^
  File "C:\Users\Play\AppData\Local\Programs\Python\Python311\Lib\site-packages\aiogram\dispatcher\router.py", line 161, in propagate_event
    return await observer.wrap_outer_middleware(_wrapped, event=event, data=kwargs)
           ^^^^^^^^^^^^^^^^^^^^^^^^^^^^^^^^^^^^^^^^^^^^^^^^^^^^^^^^^^^^^^^^^^^^^^^^
  File "C:\Users\Play\AppData\Local\Programs\Python\Python311\Lib\site-packages\aiogram\dispatcher\router.py", line 153, in _wrapped
    return await self._propagate_event(
           ^^^^^^^^^^^^^^^^^^^^^^^^^^^^
  File "C:\Users\Play\AppData\Local\Programs\Python\Python311\Lib\site-packages\aiogram\dispatcher\router.py", line 181, in _propagate_event
    response = await observer.trigger(event, **kwargs)
               ^^^^^^^^^^^^^^^^^^^^^^^^^^^^^^^^^^^^^^^
  File "C:\Users\Play\AppData\Local\Programs\Python\Python311\Lib\site-packages\aiogram\dispatcher\event\telegram.py", line 126, in trigger
    return await wrapped_inner(event, kwargs)
           ^^^^^^^^^^^^^^^^^^^^^^^^^^^^^^^^^^
  File "C:\Users\Play\AppData\Local\Programs\Python\Python311\Lib\site-packages\aiogram\dispatcher\event\handler.py", line 43, in call
    return await wrapped()
                 ^^^^^^^^^
TypeError: process_order_content() missing 1 required positional argument: 'session'
2025-12-16 23:37:26,692 - aiogram.event - INFO - Update id=873021193 is handled. Duration 92 ms by bot id=8589419100
2025-12-16 23:37:26,692 - aiogram.event - INFO - Update id=873021193 is handled. Duration 92 ms by bot id=8589419100
2025-12-16 23:37:28,633 - aiogram.event - INFO - Update id=873021194 is not handled. Duration 0 ms by bot id=8589419100
2025-12-16 23:37:28,633 - aiogram.event - INFO - Update id=873021194 is not handled. Duration 0 ms by bot id=8589419100
2025-12-16 23:39:42,406 - __main__ - INFO - {"event": "Starting Telegram Dispatcher Platform...", "logger": "__main__", "level": "info", "timestamp": "2025-12-16T20:39:42.406386Z"}
2025-12-16 23:39:42,406 - __main__ - INFO - {"event": "Starting Telegram Dispatcher Platform...", "logger": "__main__", "level": "info", "timestamp": "2025-12-16T20:39:42.406386Z"}
2025-12-16 23:39:42,788 - __main__ - INFO - {"event": "Bot started. Press Ctrl+C to stop.", "logger": "__main__", "level": "info", "timestamp": "2025-12-16T20:39:42.788981Z"}
2025-12-16 23:39:42,788 - __main__ - INFO - {"event": "Bot started. Press Ctrl+C to stop.", "logger": "__main__", "level": "info", "timestamp": "2025-12-16T20:39:42.788981Z"}
2025-12-16 23:39:42,789 - aiogram.dispatcher - INFO - Start polling
2025-12-16 23:39:42,789 - aiogram.dispatcher - INFO - Start polling
2025-12-16 23:39:43,191 - aiogram.dispatcher - INFO - Run polling for bot @disp_hunter_bot id=8589419100 - 'Disp_Hunter'
2025-12-16 23:39:43,191 - aiogram.dispatcher - INFO - Run polling for bot @disp_hunter_bot id=8589419100 - 'Disp_Hunter'
2025-12-16 23:40:24,173 - __main__ - INFO - {"event": "Starting Telegram Dispatcher Platform...", "logger": "__main__", "level": "info", "timestamp": "2025-12-16T20:40:24.173535Z"}
2025-12-16 23:40:24,173 - __main__ - INFO - {"event": "Starting Telegram Dispatcher Platform...", "logger": "__main__", "level": "info", "timestamp": "2025-12-16T20:40:24.173535Z"}
2025-12-16 23:40:24,590 - __main__ - INFO - {"event": "Bot started. Press Ctrl+C to stop.", "logger": "__main__", "level": "info", "timestamp": "2025-12-16T20:40:24.590819Z"}
2025-12-16 23:40:24,590 - __main__ - INFO - {"event": "Bot started. Press Ctrl+C to stop.", "logger": "__main__", "level": "info", "timestamp": "2025-12-16T20:40:24.590819Z"}
2025-12-16 23:40:24,591 - aiogram.dispatcher - INFO - Start polling
2025-12-16 23:40:24,591 - aiogram.dispatcher - INFO - Start polling
2025-12-16 23:40:24,926 - aiogram.dispatcher - INFO - Run polling for bot @disp_hunter_bot id=8589419100 - 'Disp_Hunter'
2025-12-16 23:40:24,926 - aiogram.dispatcher - INFO - Run polling for bot @disp_hunter_bot id=8589419100 - 'Disp_Hunter'
2025-12-16 23:41:10,471 - __main__ - INFO - {"event": "Starting Telegram Dispatcher Platform...", "logger": "__main__", "level": "info", "timestamp": "2025-12-16T20:41:10.471116Z"}
2025-12-16 23:41:10,471 - __main__ - INFO - {"event": "Starting Telegram Dispatcher Platform...", "logger": "__main__", "level": "info", "timestamp": "2025-12-16T20:41:10.471116Z"}
2025-12-16 23:41:10,857 - __main__ - INFO - {"event": "Bot started. Press Ctrl+C to stop.", "logger": "__main__", "level": "info", "timestamp": "2025-12-16T20:41:10.857994Z"}
2025-12-16 23:41:10,857 - __main__ - INFO - {"event": "Bot started. Press Ctrl+C to stop.", "logger": "__main__", "level": "info", "timestamp": "2025-12-16T20:41:10.857994Z"}
2025-12-16 23:41:10,858 - aiogram.dispatcher - INFO - Start polling
2025-12-16 23:41:10,858 - aiogram.dispatcher - INFO - Start polling
2025-12-16 23:41:11,214 - aiogram.dispatcher - INFO - Run polling for bot @disp_hunter_bot id=8589419100 - 'Disp_Hunter'
2025-12-16 23:41:11,214 - aiogram.dispatcher - INFO - Run polling for bot @disp_hunter_bot id=8589419100 - 'Disp_Hunter'
2025-12-16 23:42:13,348 - src.bot.middleware.logging_middleware - INFO - Message received: /start from user 5782455721
2025-12-16 23:42:13,348 - src.bot.middleware.logging_middleware - INFO - Message received: /start from user 5782455721
2025-12-16 23:42:13,704 - src.bot.middleware.logging_middleware - INFO - Handler completed successfully
2025-12-16 23:42:13,704 - src.bot.middleware.logging_middleware - INFO - Handler completed successfully
2025-12-16 23:42:13,705 - aiogram.event - INFO - Update id=873021195 is handled. Duration 358 ms by bot id=8589419100
2025-12-16 23:42:13,705 - aiogram.event - INFO - Update id=873021195 is handled. Duration 358 ms by bot id=8589419100
2025-12-16 23:42:16,370 - src.bot.middleware.logging_middleware - INFO - Callback received: order:list from user 5782455721
2025-12-16 23:42:16,370 - src.bot.middleware.logging_middleware - INFO - Callback received: order:list from user 5782455721
2025-12-16 23:42:16,393 - src.bot.handlers.order_handlers - ERROR - Error listing orders: (sqlite3.OperationalError) no such table: orders
[SQL: SELECT orders.id, orders.dispatcher_id, orders.state, orders.content, orders.normalized_content, orders.is_vip, orders.created_at, orders.updated_at, orders.confirmed_at, orders.sent_at, orders.closed_at 
FROM orders 
WHERE orders.dispatcher_id = ? ORDER BY orders.created_at DESC]
[parameters: (5782455721,)]
(Background on this error at: https://sqlalche.me/e/20/e3q8)
Traceback (most recent call last):
  File "C:\Users\Play\AppData\Local\Programs\Python\Python311\Lib\site-packages\sqlalchemy\engine\base.py", line 1967, in _exec_single_context
    self.dialect.do_execute(
  File "C:\Users\Play\AppData\Local\Programs\Python\Python311\Lib\site-packages\sqlalchemy\engine\default.py", line 951, in do_execute
    cursor.execute(statement, parameters)
  File "C:\Users\Play\AppData\Local\Programs\Python\Python311\Lib\site-packages\sqlalchemy\dialects\sqlite\aiosqlite.py", line 180, in execute
    self._adapt_connection._handle_exception(error)
  File "C:\Users\Play\AppData\Local\Programs\Python\Python311\Lib\site-packages\sqlalchemy\dialects\sqlite\aiosqlite.py", line 340, in _handle_exception
    raise error
  File "C:\Users\Play\AppData\Local\Programs\Python\Python311\Lib\site-packages\sqlalchemy\dialects\sqlite\aiosqlite.py", line 162, in execute
    self.await_(_cursor.execute(operation, parameters))
  File "C:\Users\Play\AppData\Local\Programs\Python\Python311\Lib\site-packages\sqlalchemy\util\_concurrency_py3k.py", line 132, in await_only
    return current.parent.switch(awaitable)  # type: ignore[no-any-return,attr-defined] # noqa: E501
           ^^^^^^^^^^^^^^^^^^^^^^^^^^^^^^^^
  File "C:\Users\Play\AppData\Local\Programs\Python\Python311\Lib\site-packages\sqlalchemy\util\_concurrency_py3k.py", line 196, in greenlet_spawn
    value = await result
            ^^^^^^^^^^^^
  File "C:\Users\Play\AppData\Local\Programs\Python\Python311\Lib\site-packages\aiosqlite\cursor.py", line 40, in execute
    await self._execute(self._cursor.execute, sql, parameters)
  File "C:\Users\Play\AppData\Local\Programs\Python\Python311\Lib\site-packages\aiosqlite\cursor.py", line 32, in _execute
    return await self._conn._execute(fn, *args, **kwargs)
           ^^^^^^^^^^^^^^^^^^^^^^^^^^^^^^^^^^^^^^^^^^^^^^
  File "C:\Users\Play\AppData\Local\Programs\Python\Python311\Lib\site-packages\aiosqlite\core.py", line 133, in _execute
    return await future
           ^^^^^^^^^^^^
  File "C:\Users\Play\AppData\Local\Programs\Python\Python311\Lib\site-packages\aiosqlite\core.py", line 65, in _connection_worker_thread
    result = function()
             ^^^^^^^^^^
sqlite3.OperationalError: no such table: orders

The above exception was the direct cause of the following exception:

Traceback (most recent call last):
  File "C:\Users\Play\Desktop\disp-tax\src\bot\handlers\order_handlers.py", line 250, in list_orders
    orders = await OrderService.get_dispatcher_orders(
             ^^^^^^^^^^^^^^^^^^^^^^^^^^^^^^^^^^^^^^^^^
  File "C:\Users\Play\Desktop\disp-tax\src\services\order_service.py", line 381, in get_dispatcher_orders
    result = await session.execute(query)
             ^^^^^^^^^^^^^^^^^^^^^^^^^^^^
  File "C:\Users\Play\AppData\Local\Programs\Python\Python311\Lib\site-packages\sqlalchemy\ext\asyncio\session.py", line 449, in execute
    result = await greenlet_spawn(
             ^^^^^^^^^^^^^^^^^^^^^
  File "C:\Users\Play\AppData\Local\Programs\Python\Python311\Lib\site-packages\sqlalchemy\util\_concurrency_py3k.py", line 201, in greenlet_spawn
    result = context.throw(*sys.exc_info())
             ^^^^^^^^^^^^^^^^^^^^^^^^^^^^^^
  File "C:\Users\Play\AppData\Local\Programs\Python\Python311\Lib\site-packages\sqlalchemy\orm\session.py", line 2351, in execute
    return self._execute_internal(
           ^^^^^^^^^^^^^^^^^^^^^^^
  File "C:\Users\Play\AppData\Local\Programs\Python\Python311\Lib\site-packages\sqlalchemy\orm\session.py", line 2249, in _execute_internal
    result: Result[Any] = compile_state_cls.orm_execute_statement(
                          ^^^^^^^^^^^^^^^^^^^^^^^^^^^^^^^^^^^^^^^^
  File "C:\Users\Play\AppData\Local\Programs\Python\Python311\Lib\site-packages\sqlalchemy\orm\context.py", line 306, in orm_execute_statement
    result = conn.execute(
             ^^^^^^^^^^^^^
  File "C:\Users\Play\AppData\Local\Programs\Python\Python311\Lib\site-packages\sqlalchemy\engine\base.py", line 1419, in execute
    return meth(
           ^^^^^
  File "C:\Users\Play\AppData\Local\Programs\Python\Python311\Lib\site-packages\sqlalchemy\sql\elements.py", line 526, in _execute_on_connection
    return connection._execute_clauseelement(
           ^^^^^^^^^^^^^^^^^^^^^^^^^^^^^^^^^^
  File "C:\Users\Play\AppData\Local\Programs\Python\Python311\Lib\site-packages\sqlalchemy\engine\base.py", line 1641, in _execute_clauseelement
    ret = self._execute_context(
          ^^^^^^^^^^^^^^^^^^^^^^
  File "C:\Users\Play\AppData\Local\Programs\Python\Python311\Lib\site-packages\sqlalchemy\engine\base.py", line 1846, in _execute_context
    return self._exec_single_context(
           ^^^^^^^^^^^^^^^^^^^^^^^^^^
  File "C:\Users\Play\AppData\Local\Programs\Python\Python311\Lib\site-packages\sqlalchemy\engine\base.py", line 1986, in _exec_single_context
    self._handle_dbapi_exception(
  File "C:\Users\Play\AppData\Local\Programs\Python\Python311\Lib\site-packages\sqlalchemy\engine\base.py", line 2355, in _handle_dbapi_exception
    raise sqlalchemy_exception.with_traceback(exc_info[2]) from e
  File "C:\Users\Play\AppData\Local\Programs\Python\Python311\Lib\site-packages\sqlalchemy\engine\base.py", line 1967, in _exec_single_context
    self.dialect.do_execute(
  File "C:\Users\Play\AppData\Local\Programs\Python\Python311\Lib\site-packages\sqlalchemy\engine\default.py", line 951, in do_execute
    cursor.execute(statement, parameters)
  File "C:\Users\Play\AppData\Local\Programs\Python\Python311\Lib\site-packages\sqlalchemy\dialects\sqlite\aiosqlite.py", line 180, in execute
    self._adapt_connection._handle_exception(error)
  File "C:\Users\Play\AppData\Local\Programs\Python\Python311\Lib\site-packages\sqlalchemy\dialects\sqlite\aiosqlite.py", line 340, in _handle_exception
    raise error
  File "C:\Users\Play\AppData\Local\Programs\Python\Python311\Lib\site-packages\sqlalchemy\dialects\sqlite\aiosqlite.py", line 162, in execute
    self.await_(_cursor.execute(operation, parameters))
  File "C:\Users\Play\AppData\Local\Programs\Python\Python311\Lib\site-packages\sqlalchemy\util\_concurrency_py3k.py", line 132, in await_only
    return current.parent.switch(awaitable)  # type: ignore[no-any-return,attr-defined] # noqa: E501
           ^^^^^^^^^^^^^^^^^^^^^^^^^^^^^^^^
  File "C:\Users\Play\AppData\Local\Programs\Python\Python311\Lib\site-packages\sqlalchemy\util\_concurrency_py3k.py", line 196, in greenlet_spawn
    value = await result
            ^^^^^^^^^^^^
  File "C:\Users\Play\AppData\Local\Programs\Python\Python311\Lib\site-packages\aiosqlite\cursor.py", line 40, in execute
    await self._execute(self._cursor.execute, sql, parameters)
  File "C:\Users\Play\AppData\Local\Programs\Python\Python311\Lib\site-packages\aiosqlite\cursor.py", line 32, in _execute
    return await self._conn._execute(fn, *args, **kwargs)
           ^^^^^^^^^^^^^^^^^^^^^^^^^^^^^^^^^^^^^^^^^^^^^^
  File "C:\Users\Play\AppData\Local\Programs\Python\Python311\Lib\site-packages\aiosqlite\core.py", line 133, in _execute
    return await future
           ^^^^^^^^^^^^
  File "C:\Users\Play\AppData\Local\Programs\Python\Python311\Lib\site-packages\aiosqlite\core.py", line 65, in _connection_worker_thread
    result = function()
             ^^^^^^^^^^
sqlalchemy.exc.OperationalError: (sqlite3.OperationalError) no such table: orders
[SQL: SELECT orders.id, orders.dispatcher_id, orders.state, orders.content, orders.normalized_content, orders.is_vip, orders.created_at, orders.updated_at, orders.confirmed_at, orders.sent_at, orders.closed_at 
FROM orders 
WHERE orders.dispatcher_id = ? ORDER BY orders.created_at DESC]
[parameters: (5782455721,)]
(Background on this error at: https://sqlalche.me/e/20/e3q8)
2025-12-16 23:42:16,393 - src.bot.handlers.order_handlers - ERROR - Error listing orders: (sqlite3.OperationalError) no such table: orders
[SQL: SELECT orders.id, orders.dispatcher_id, orders.state, orders.content, orders.normalized_content, orders.is_vip, orders.created_at, orders.updated_at, orders.confirmed_at, orders.sent_at, orders.closed_at 
FROM orders 
WHERE orders.dispatcher_id = ? ORDER BY orders.created_at DESC]
[parameters: (5782455721,)]
(Background on this error at: https://sqlalche.me/e/20/e3q8)
Traceback (most recent call last):
  File "C:\Users\Play\AppData\Local\Programs\Python\Python311\Lib\site-packages\sqlalchemy\engine\base.py", line 1967, in _exec_single_context
    self.dialect.do_execute(
  File "C:\Users\Play\AppData\Local\Programs\Python\Python311\Lib\site-packages\sqlalchemy\engine\default.py", line 951, in do_execute
    cursor.execute(statement, parameters)
  File "C:\Users\Play\AppData\Local\Programs\Python\Python311\Lib\site-packages\sqlalchemy\dialects\sqlite\aiosqlite.py", line 180, in execute
    self._adapt_connection._handle_exception(error)
  File "C:\Users\Play\AppData\Local\Programs\Python\Python311\Lib\site-packages\sqlalchemy\dialects\sqlite\aiosqlite.py", line 340, in _handle_exception
    raise error
  File "C:\Users\Play\AppData\Local\Programs\Python\Python311\Lib\site-packages\sqlalchemy\dialects\sqlite\aiosqlite.py", line 162, in execute
    self.await_(_cursor.execute(operation, parameters))
  File "C:\Users\Play\AppData\Local\Programs\Python\Python311\Lib\site-packages\sqlalchemy\util\_concurrency_py3k.py", line 132, in await_only
    return current.parent.switch(awaitable)  # type: ignore[no-any-return,attr-defined] # noqa: E501
           ^^^^^^^^^^^^^^^^^^^^^^^^^^^^^^^^
  File "C:\Users\Play\AppData\Local\Programs\Python\Python311\Lib\site-packages\sqlalchemy\util\_concurrency_py3k.py", line 196, in greenlet_spawn
    value = await result
            ^^^^^^^^^^^^
  File "C:\Users\Play\AppData\Local\Programs\Python\Python311\Lib\site-packages\aiosqlite\cursor.py", line 40, in execute
    await self._execute(self._cursor.execute, sql, parameters)
  File "C:\Users\Play\AppData\Local\Programs\Python\Python311\Lib\site-packages\aiosqlite\cursor.py", line 32, in _execute
    return await self._conn._execute(fn, *args, **kwargs)
           ^^^^^^^^^^^^^^^^^^^^^^^^^^^^^^^^^^^^^^^^^^^^^^
  File "C:\Users\Play\AppData\Local\Programs\Python\Python311\Lib\site-packages\aiosqlite\core.py", line 133, in _execute
    return await future
           ^^^^^^^^^^^^
  File "C:\Users\Play\AppData\Local\Programs\Python\Python311\Lib\site-packages\aiosqlite\core.py", line 65, in _connection_worker_thread
    result = function()
             ^^^^^^^^^^
sqlite3.OperationalError: no such table: orders

The above exception was the direct cause of the following exception:

Traceback (most recent call last):
  File "C:\Users\Play\Desktop\disp-tax\src\bot\handlers\order_handlers.py", line 250, in list_orders
    orders = await OrderService.get_dispatcher_orders(
             ^^^^^^^^^^^^^^^^^^^^^^^^^^^^^^^^^^^^^^^^^
  File "C:\Users\Play\Desktop\disp-tax\src\services\order_service.py", line 381, in get_dispatcher_orders
    result = await session.execute(query)
             ^^^^^^^^^^^^^^^^^^^^^^^^^^^^
  File "C:\Users\Play\AppData\Local\Programs\Python\Python311\Lib\site-packages\sqlalchemy\ext\asyncio\session.py", line 449, in execute
    result = await greenlet_spawn(
             ^^^^^^^^^^^^^^^^^^^^^
  File "C:\Users\Play\AppData\Local\Programs\Python\Python311\Lib\site-packages\sqlalchemy\util\_concurrency_py3k.py", line 201, in greenlet_spawn
    result = context.throw(*sys.exc_info())
             ^^^^^^^^^^^^^^^^^^^^^^^^^^^^^^
  File "C:\Users\Play\AppData\Local\Programs\Python\Python311\Lib\site-packages\sqlalchemy\orm\session.py", line 2351, in execute
    return self._execute_internal(
           ^^^^^^^^^^^^^^^^^^^^^^^
  File "C:\Users\Play\AppData\Local\Programs\Python\Python311\Lib\site-packages\sqlalchemy\orm\session.py", line 2249, in _execute_internal
    result: Result[Any] = compile_state_cls.orm_execute_statement(
                          ^^^^^^^^^^^^^^^^^^^^^^^^^^^^^^^^^^^^^^^^
  File "C:\Users\Play\AppData\Local\Programs\Python\Python311\Lib\site-packages\sqlalchemy\orm\context.py", line 306, in orm_execute_statement
    result = conn.execute(
             ^^^^^^^^^^^^^
  File "C:\Users\Play\AppData\Local\Programs\Python\Python311\Lib\site-packages\sqlalchemy\engine\base.py", line 1419, in execute
    return meth(
           ^^^^^
  File "C:\Users\Play\AppData\Local\Programs\Python\Python311\Lib\site-packages\sqlalchemy\sql\elements.py", line 526, in _execute_on_connection
    return connection._execute_clauseelement(
           ^^^^^^^^^^^^^^^^^^^^^^^^^^^^^^^^^^
  File "C:\Users\Play\AppData\Local\Programs\Python\Python311\Lib\site-packages\sqlalchemy\engine\base.py", line 1641, in _execute_clauseelement
    ret = self._execute_context(
          ^^^^^^^^^^^^^^^^^^^^^^
  File "C:\Users\Play\AppData\Local\Programs\Python\Python311\Lib\site-packages\sqlalchemy\engine\base.py", line 1846, in _execute_context
    return self._exec_single_context(
           ^^^^^^^^^^^^^^^^^^^^^^^^^^
  File "C:\Users\Play\AppData\Local\Programs\Python\Python311\Lib\site-packages\sqlalchemy\engine\base.py", line 1986, in _exec_single_context
    self._handle_dbapi_exception(
  File "C:\Users\Play\AppData\Local\Programs\Python\Python311\Lib\site-packages\sqlalchemy\engine\base.py", line 2355, in _handle_dbapi_exception
    raise sqlalchemy_exception.with_traceback(exc_info[2]) from e
  File "C:\Users\Play\AppData\Local\Programs\Python\Python311\Lib\site-packages\sqlalchemy\engine\base.py", line 1967, in _exec_single_context
    self.dialect.do_execute(
  File "C:\Users\Play\AppData\Local\Programs\Python\Python311\Lib\site-packages\sqlalchemy\engine\default.py", line 951, in do_execute
    cursor.execute(statement, parameters)
  File "C:\Users\Play\AppData\Local\Programs\Python\Python311\Lib\site-packages\sqlalchemy\dialects\sqlite\aiosqlite.py", line 180, in execute
    self._adapt_connection._handle_exception(error)
  File "C:\Users\Play\AppData\Local\Programs\Python\Python311\Lib\site-packages\sqlalchemy\dialects\sqlite\aiosqlite.py", line 340, in _handle_exception
    raise error
  File "C:\Users\Play\AppData\Local\Programs\Python\Python311\Lib\site-packages\sqlalchemy\dialects\sqlite\aiosqlite.py", line 162, in execute
    self.await_(_cursor.execute(operation, parameters))
  File "C:\Users\Play\AppData\Local\Programs\Python\Python311\Lib\site-packages\sqlalchemy\util\_concurrency_py3k.py", line 132, in await_only
    return current.parent.switch(awaitable)  # type: ignore[no-any-return,attr-defined] # noqa: E501
           ^^^^^^^^^^^^^^^^^^^^^^^^^^^^^^^^
  File "C:\Users\Play\AppData\Local\Programs\Python\Python311\Lib\site-packages\sqlalchemy\util\_concurrency_py3k.py", line 196, in greenlet_spawn
    value = await result
            ^^^^^^^^^^^^
  File "C:\Users\Play\AppData\Local\Programs\Python\Python311\Lib\site-packages\aiosqlite\cursor.py", line 40, in execute
    await self._execute(self._cursor.execute, sql, parameters)
  File "C:\Users\Play\AppData\Local\Programs\Python\Python311\Lib\site-packages\aiosqlite\cursor.py", line 32, in _execute
    return await self._conn._execute(fn, *args, **kwargs)
           ^^^^^^^^^^^^^^^^^^^^^^^^^^^^^^^^^^^^^^^^^^^^^^
  File "C:\Users\Play\AppData\Local\Programs\Python\Python311\Lib\site-packages\aiosqlite\core.py", line 133, in _execute
    return await future
           ^^^^^^^^^^^^
  File "C:\Users\Play\AppData\Local\Programs\Python\Python311\Lib\site-packages\aiosqlite\core.py", line 65, in _connection_worker_thread
    result = function()
             ^^^^^^^^^^
sqlalchemy.exc.OperationalError: (sqlite3.OperationalError) no such table: orders
[SQL: SELECT orders.id, orders.dispatcher_id, orders.state, orders.content, orders.normalized_content, orders.is_vip, orders.created_at, orders.updated_at, orders.confirmed_at, orders.sent_at, orders.closed_at 
FROM orders 
WHERE orders.dispatcher_id = ? ORDER BY orders.created_at DESC]
[parameters: (5782455721,)]
(Background on this error at: https://sqlalche.me/e/20/e3q8)
2025-12-16 23:42:17,019 - aiogram.event - INFO - Update id=873021196 is not handled. Duration 655 ms by bot id=8589419100
2025-12-16 23:42:17,019 - aiogram.event - INFO - Update id=873021196 is not handled. Duration 655 ms by bot id=8589419100
2025-12-16 23:42:23,214 - src.bot.middleware.logging_middleware - INFO - Callback received: settings from user 5782455721
2025-12-16 23:42:23,214 - src.bot.middleware.logging_middleware - INFO - Callback received: settings from user 5782455721
2025-12-16 23:42:23,452 - src.bot.middleware.logging_middleware - INFO - Handler completed successfully
2025-12-16 23:42:23,452 - src.bot.middleware.logging_middleware - INFO - Handler completed successfully
2025-12-16 23:42:23,453 - aiogram.event - INFO - Update id=873021197 is handled. Duration 250 ms by bot id=8589419100
2025-12-16 23:42:23,453 - aiogram.event - INFO - Update id=873021197 is handled. Duration 250 ms by bot id=8589419100
2025-12-16 23:42:26,828 - src.bot.middleware.logging_middleware - INFO - Message received: /start from user 5782455721
2025-12-16 23:42:26,828 - src.bot.middleware.logging_middleware - INFO - Message received: /start from user 5782455721
2025-12-16 23:42:26,929 - src.bot.middleware.logging_middleware - INFO - Handler completed successfully
2025-12-16 23:42:26,929 - src.bot.middleware.logging_middleware - INFO - Handler completed successfully
2025-12-16 23:42:26,929 - aiogram.event - INFO - Update id=873021198 is handled. Duration 93 ms by bot id=8589419100
2025-12-16 23:42:26,929 - aiogram.event - INFO - Update id=873021198 is handled. Duration 93 ms by bot id=8589419100
2025-12-16 23:42:28,048 - src.bot.middleware.logging_middleware - INFO - Callback received: order:new from user 5782455721
2025-12-16 23:42:28,048 - src.bot.middleware.logging_middleware - INFO - Callback received: order:new from user 5782455721
2025-12-16 23:42:28,227 - src.bot.middleware.logging_middleware - INFO - Handler completed successfully
2025-12-16 23:42:28,227 - src.bot.middleware.logging_middleware - INFO - Handler completed successfully
2025-12-16 23:42:28,228 - aiogram.event - INFO - Update id=873021199 is handled. Duration 172 ms by bot id=8589419100
2025-12-16 23:42:28,228 - aiogram.event - INFO - Update id=873021199 is handled. Duration 172 ms by bot id=8589419100
2025-12-16 23:42:29,340 - src.bot.middleware.logging_middleware - INFO - Message received: /start from user 5782455721
2025-12-16 23:42:29,340 - src.bot.middleware.logging_middleware - INFO - Message received: /start from user 5782455721
2025-12-16 23:42:29,442 - src.bot.middleware.logging_middleware - INFO - Handler completed successfully
2025-12-16 23:42:29,442 - src.bot.middleware.logging_middleware - INFO - Handler completed successfully
2025-12-16 23:42:29,442 - aiogram.event - INFO - Update id=873021200 is handled. Duration 108 ms by bot id=8589419100
2025-12-16 23:42:29,442 - aiogram.event - INFO - Update id=873021200 is handled. Duration 108 ms by bot id=8589419100
2025-12-16 23:43:32,124 - src.bot.middleware.logging_middleware - INFO - Message received: /start from user 5782455721
2025-12-16 23:43:32,124 - src.bot.middleware.logging_middleware - INFO - Message received: /start from user 5782455721
2025-12-16 23:43:32,219 - src.bot.middleware.logging_middleware - INFO - Handler completed successfully
2025-12-16 23:43:32,219 - src.bot.middleware.logging_middleware - INFO - Handler completed successfully
2025-12-16 23:43:32,221 - aiogram.event - INFO - Update id=873021201 is handled. Duration 93 ms by bot id=8589419100
2025-12-16 23:43:32,221 - aiogram.event - INFO - Update id=873021201 is handled. Duration 93 ms by bot id=8589419100
2025-12-16 23:43:33,725 - src.bot.middleware.logging_middleware - INFO - Callback received: order:new from user 5782455721
2025-12-16 23:43:33,725 - src.bot.middleware.logging_middleware - INFO - Callback received: order:new from user 5782455721
2025-12-16 23:43:33,902 - src.bot.middleware.logging_middleware - INFO - Handler completed successfully
2025-12-16 23:43:33,902 - src.bot.middleware.logging_middleware - INFO - Handler completed successfully
2025-12-16 23:43:33,904 - aiogram.event - INFO - Update id=873021202 is handled. Duration 170 ms by bot id=8589419100
2025-12-16 23:43:33,904 - aiogram.event - INFO - Update id=873021202 is handled. Duration 170 ms by bot id=8589419100
2025-12-16 23:43:34,921 - src.bot.middleware.logging_middleware - INFO - Message received: /start from user 5782455721
2025-12-16 23:43:34,921 - src.bot.middleware.logging_middleware - INFO - Message received: /start from user 5782455721
2025-12-16 23:43:35,019 - src.bot.middleware.logging_middleware - INFO - Handler completed successfully
2025-12-16 23:43:35,019 - src.bot.middleware.logging_middleware - INFO - Handler completed successfully
2025-12-16 23:43:35,020 - aiogram.event - INFO - Update id=873021203 is handled. Duration 92 ms by bot id=8589419100
2025-12-16 23:43:35,020 - aiogram.event - INFO - Update id=873021203 is handled. Duration 92 ms by bot id=8589419100
2025-12-16 23:43:35,931 - src.bot.middleware.logging_middleware - INFO - Callback received: order:new from user 5782455721
2025-12-16 23:43:35,931 - src.bot.middleware.logging_middleware - INFO - Callback received: order:new from user 5782455721
2025-12-16 23:43:36,139 - src.bot.middleware.logging_middleware - INFO - Handler completed successfully
2025-12-16 23:43:36,139 - src.bot.middleware.logging_middleware - INFO - Handler completed successfully
2025-12-16 23:43:36,140 - aiogram.event - INFO - Update id=873021204 is handled. Duration 217 ms by bot id=8589419100
2025-12-16 23:43:36,140 - aiogram.event - INFO - Update id=873021204 is handled. Duration 217 ms by bot id=8589419100
2025-12-16 23:43:45,764 - src.bot.middleware.logging_middleware - INFO - Message received: Москва- екб 
50к на руки from user 5782455721
2025-12-16 23:43:45,764 - src.bot.middleware.logging_middleware - INFO - Message received: Москва- екб 
50к на руки from user 5782455721
2025-12-16 23:43:45,767 - src.bot.handlers.order_handlers - ERROR - Error creating order: (sqlite3.OperationalError) no such table: orders
[SQL: INSERT INTO orders (dispatcher_id, state, content, normalized_content, is_vip, created_at, updated_at, confirmed_at, sent_at, closed_at) VALUES (?, ?, ?, ?, ?, ?, ?, ?, ?, ?)]
[parameters: (5782455721, 'DRAFT', 'Москва- екб \n50к на руки', 'Москва- екб 50к на руки', 0, '2025-12-16 20:43:45.766015', '2025-12-16 20:43:45.766015', None, None, None)]
(Background on this error at: https://sqlalche.me/e/20/e3q8)
Traceback (most recent call last):
  File "C:\Users\Play\AppData\Local\Programs\Python\Python311\Lib\site-packages\sqlalchemy\engine\base.py", line 1967, in _exec_single_context
    self.dialect.do_execute(
  File "C:\Users\Play\AppData\Local\Programs\Python\Python311\Lib\site-packages\sqlalchemy\engine\default.py", line 951, in do_execute
    cursor.execute(statement, parameters)
  File "C:\Users\Play\AppData\Local\Programs\Python\Python311\Lib\site-packages\sqlalchemy\dialects\sqlite\aiosqlite.py", line 180, in execute
    self._adapt_connection._handle_exception(error)
  File "C:\Users\Play\AppData\Local\Programs\Python\Python311\Lib\site-packages\sqlalchemy\dialects\sqlite\aiosqlite.py", line 340, in _handle_exception
    raise error
  File "C:\Users\Play\AppData\Local\Programs\Python\Python311\Lib\site-packages\sqlalchemy\dialects\sqlite\aiosqlite.py", line 162, in execute
    self.await_(_cursor.execute(operation, parameters))
  File "C:\Users\Play\AppData\Local\Programs\Python\Python311\Lib\site-packages\sqlalchemy\util\_concurrency_py3k.py", line 132, in await_only
    return current.parent.switch(awaitable)  # type: ignore[no-any-return,attr-defined] # noqa: E501
           ^^^^^^^^^^^^^^^^^^^^^^^^^^^^^^^^
  File "C:\Users\Play\AppData\Local\Programs\Python\Python311\Lib\site-packages\sqlalchemy\util\_concurrency_py3k.py", line 196, in greenlet_spawn
    value = await result
            ^^^^^^^^^^^^
  File "C:\Users\Play\AppData\Local\Programs\Python\Python311\Lib\site-packages\aiosqlite\cursor.py", line 40, in execute
    await self._execute(self._cursor.execute, sql, parameters)
  File "C:\Users\Play\AppData\Local\Programs\Python\Python311\Lib\site-packages\aiosqlite\cursor.py", line 32, in _execute
    return await self._conn._execute(fn, *args, **kwargs)
           ^^^^^^^^^^^^^^^^^^^^^^^^^^^^^^^^^^^^^^^^^^^^^^
  File "C:\Users\Play\AppData\Local\Programs\Python\Python311\Lib\site-packages\aiosqlite\core.py", line 133, in _execute
    return await future
           ^^^^^^^^^^^^
  File "C:\Users\Play\AppData\Local\Programs\Python\Python311\Lib\site-packages\aiosqlite\core.py", line 65, in _connection_worker_thread
    result = function()
             ^^^^^^^^^^
sqlite3.OperationalError: no such table: orders

The above exception was the direct cause of the following exception:

Traceback (most recent call last):
  File "C:\Users\Play\Desktop\disp-tax\src\bot\handlers\order_handlers.py", line 63, in process_order_content
    order = await OrderService.create_order(
            ^^^^^^^^^^^^^^^^^^^^^^^^^^^^^^^^
  File "C:\Users\Play\Desktop\disp-tax\src\services\order_service.py", line 43, in create_order
    await session.commit()
  File "C:\Users\Play\AppData\Local\Programs\Python\Python311\Lib\site-packages\sqlalchemy\ext\asyncio\session.py", line 1000, in commit
    await greenlet_spawn(self.sync_session.commit)
  File "C:\Users\Play\AppData\Local\Programs\Python\Python311\Lib\site-packages\sqlalchemy\util\_concurrency_py3k.py", line 203, in greenlet_spawn
    result = context.switch(value)
             ^^^^^^^^^^^^^^^^^^^^^
  File "C:\Users\Play\AppData\Local\Programs\Python\Python311\Lib\site-packages\sqlalchemy\orm\session.py", line 2030, in commit
    trans.commit(_to_root=True)
  File "<string>", line 2, in commit
  File "C:\Users\Play\AppData\Local\Programs\Python\Python311\Lib\site-packages\sqlalchemy\orm\state_changes.py", line 137, in _go
    ret_value = fn(self, *arg, **kw)
                ^^^^^^^^^^^^^^^^^^^^
  File "C:\Users\Play\AppData\Local\Programs\Python\Python311\Lib\site-packages\sqlalchemy\orm\session.py", line 1311, in commit
    self._prepare_impl()
  File "<string>", line 2, in _prepare_impl
  File "C:\Users\Play\AppData\Local\Programs\Python\Python311\Lib\site-packages\sqlalchemy\orm\state_changes.py", line 137, in _go
    ret_value = fn(self, *arg, **kw)
                ^^^^^^^^^^^^^^^^^^^^
  File "C:\Users\Play\AppData\Local\Programs\Python\Python311\Lib\site-packages\sqlalchemy\orm\session.py", line 1286, in _prepare_impl
    self.session.flush()
  File "C:\Users\Play\AppData\Local\Programs\Python\Python311\Lib\site-packages\sqlalchemy\orm\session.py", line 4331, in flush
    self._flush(objects)
  File "C:\Users\Play\AppData\Local\Programs\Python\Python311\Lib\site-packages\sqlalchemy\orm\session.py", line 4466, in _flush
    with util.safe_reraise():
  File "C:\Users\Play\AppData\Local\Programs\Python\Python311\Lib\site-packages\sqlalchemy\util\langhelpers.py", line 224, in __exit__
    raise exc_value.with_traceback(exc_tb)
  File "C:\Users\Play\AppData\Local\Programs\Python\Python311\Lib\site-packages\sqlalchemy\orm\session.py", line 4427, in _flush
    flush_context.execute()
  File "C:\Users\Play\AppData\Local\Programs\Python\Python311\Lib\site-packages\sqlalchemy\orm\unitofwork.py", line 466, in execute
    rec.execute(self)
  File "C:\Users\Play\AppData\Local\Programs\Python\Python311\Lib\site-packages\sqlalchemy\orm\unitofwork.py", line 642, in execute
    util.preloaded.orm_persistence.save_obj(
  File "C:\Users\Play\AppData\Local\Programs\Python\Python311\Lib\site-packages\sqlalchemy\orm\persistence.py", line 93, in save_obj
    _emit_insert_statements(
  File "C:\Users\Play\AppData\Local\Programs\Python\Python311\Lib\site-packages\sqlalchemy\orm\persistence.py", line 1233, in _emit_insert_statements
    result = connection.execute(
             ^^^^^^^^^^^^^^^^^^^
  File "C:\Users\Play\AppData\Local\Programs\Python\Python311\Lib\site-packages\sqlalchemy\engine\base.py", line 1419, in execute
    return meth(
           ^^^^^
  File "C:\Users\Play\AppData\Local\Programs\Python\Python311\Lib\site-packages\sqlalchemy\sql\elements.py", line 526, in _execute_on_connection
    return connection._execute_clauseelement(
           ^^^^^^^^^^^^^^^^^^^^^^^^^^^^^^^^^^
  File "C:\Users\Play\AppData\Local\Programs\Python\Python311\Lib\site-packages\sqlalchemy\engine\base.py", line 1641, in _execute_clauseelement
    ret = self._execute_context(
          ^^^^^^^^^^^^^^^^^^^^^^
  File "C:\Users\Play\AppData\Local\Programs\Python\Python311\Lib\site-packages\sqlalchemy\engine\base.py", line 1846, in _execute_context
    return self._exec_single_context(
           ^^^^^^^^^^^^^^^^^^^^^^^^^^
  File "C:\Users\Play\AppData\Local\Programs\Python\Python311\Lib\site-packages\sqlalchemy\engine\base.py", line 1986, in _exec_single_context
    self._handle_dbapi_exception(
  File "C:\Users\Play\AppData\Local\Programs\Python\Python311\Lib\site-packages\sqlalchemy\engine\base.py", line 2355, in _handle_dbapi_exception
    raise sqlalchemy_exception.with_traceback(exc_info[2]) from e
  File "C:\Users\Play\AppData\Local\Programs\Python\Python311\Lib\site-packages\sqlalchemy\engine\base.py", line 1967, in _exec_single_context
    self.dialect.do_execute(
  File "C:\Users\Play\AppData\Local\Programs\Python\Python311\Lib\site-packages\sqlalchemy\engine\default.py", line 951, in do_execute
    cursor.execute(statement, parameters)
  File "C:\Users\Play\AppData\Local\Programs\Python\Python311\Lib\site-packages\sqlalchemy\dialects\sqlite\aiosqlite.py", line 180, in execute
    self._adapt_connection._handle_exception(error)
  File "C:\Users\Play\AppData\Local\Programs\Python\Python311\Lib\site-packages\sqlalchemy\dialects\sqlite\aiosqlite.py", line 340, in _handle_exception
    raise error
  File "C:\Users\Play\AppData\Local\Programs\Python\Python311\Lib\site-packages\sqlalchemy\dialects\sqlite\aiosqlite.py", line 162, in execute
    self.await_(_cursor.execute(operation, parameters))
  File "C:\Users\Play\AppData\Local\Programs\Python\Python311\Lib\site-packages\sqlalchemy\util\_concurrency_py3k.py", line 132, in await_only
    return current.parent.switch(awaitable)  # type: ignore[no-any-return,attr-defined] # noqa: E501
           ^^^^^^^^^^^^^^^^^^^^^^^^^^^^^^^^
  File "C:\Users\Play\AppData\Local\Programs\Python\Python311\Lib\site-packages\sqlalchemy\util\_concurrency_py3k.py", line 196, in greenlet_spawn
    value = await result
            ^^^^^^^^^^^^
  File "C:\Users\Play\AppData\Local\Programs\Python\Python311\Lib\site-packages\aiosqlite\cursor.py", line 40, in execute
    await self._execute(self._cursor.execute, sql, parameters)
  File "C:\Users\Play\AppData\Local\Programs\Python\Python311\Lib\site-packages\aiosqlite\cursor.py", line 32, in _execute
    return await self._conn._execute(fn, *args, **kwargs)
           ^^^^^^^^^^^^^^^^^^^^^^^^^^^^^^^^^^^^^^^^^^^^^^
  File "C:\Users\Play\AppData\Local\Programs\Python\Python311\Lib\site-packages\aiosqlite\core.py", line 133, in _execute
    return await future
           ^^^^^^^^^^^^
  File "C:\Users\Play\AppData\Local\Programs\Python\Python311\Lib\site-packages\aiosqlite\core.py", line 65, in _connection_worker_thread
    result = function()
             ^^^^^^^^^^
sqlalchemy.exc.OperationalError: (sqlite3.OperationalError) no such table: orders
[SQL: INSERT INTO orders (dispatcher_id, state, content, normalized_content, is_vip, created_at, updated_at, confirmed_at, sent_at, closed_at) VALUES (?, ?, ?, ?, ?, ?, ?, ?, ?, ?)]
[parameters: (5782455721, 'DRAFT', 'Москва- екб \n50к на руки', 'Москва- екб 50к на руки', 0, '2025-12-16 20:43:45.766015', '2025-12-16 20:43:45.766015', None, None, None)]
(Background on this error at: https://sqlalche.me/e/20/e3q8)
2025-12-16 23:43:45,767 - src.bot.handlers.order_handlers - ERROR - Error creating order: (sqlite3.OperationalError) no such table: orders
[SQL: INSERT INTO orders (dispatcher_id, state, content, normalized_content, is_vip, created_at, updated_at, confirmed_at, sent_at, closed_at) VALUES (?, ?, ?, ?, ?, ?, ?, ?, ?, ?)]
[parameters: (5782455721, 'DRAFT', 'Москва- екб \n50к на руки', 'Москва- екб 50к на руки', 0, '2025-12-16 20:43:45.766015', '2025-12-16 20:43:45.766015', None, None, None)]
(Background on this error at: https://sqlalche.me/e/20/e3q8)
Traceback (most recent call last):
  File "C:\Users\Play\AppData\Local\Programs\Python\Python311\Lib\site-packages\sqlalchemy\engine\base.py", line 1967, in _exec_single_context
    self.dialect.do_execute(
  File "C:\Users\Play\AppData\Local\Programs\Python\Python311\Lib\site-packages\sqlalchemy\engine\default.py", line 951, in do_execute
    cursor.execute(statement, parameters)
  File "C:\Users\Play\AppData\Local\Programs\Python\Python311\Lib\site-packages\sqlalchemy\dialects\sqlite\aiosqlite.py", line 180, in execute
    self._adapt_connection._handle_exception(error)
  File "C:\Users\Play\AppData\Local\Programs\Python\Python311\Lib\site-packages\sqlalchemy\dialects\sqlite\aiosqlite.py", line 340, in _handle_exception
    raise error
  File "C:\Users\Play\AppData\Local\Programs\Python\Python311\Lib\site-packages\sqlalchemy\dialects\sqlite\aiosqlite.py", line 162, in execute
    self.await_(_cursor.execute(operation, parameters))
  File "C:\Users\Play\AppData\Local\Programs\Python\Python311\Lib\site-packages\sqlalchemy\util\_concurrency_py3k.py", line 132, in await_only
    return current.parent.switch(awaitable)  # type: ignore[no-any-return,attr-defined] # noqa: E501
           ^^^^^^^^^^^^^^^^^^^^^^^^^^^^^^^^
  File "C:\Users\Play\AppData\Local\Programs\Python\Python311\Lib\site-packages\sqlalchemy\util\_concurrency_py3k.py", line 196, in greenlet_spawn
    value = await result
            ^^^^^^^^^^^^
  File "C:\Users\Play\AppData\Local\Programs\Python\Python311\Lib\site-packages\aiosqlite\cursor.py", line 40, in execute
    await self._execute(self._cursor.execute, sql, parameters)
  File "C:\Users\Play\AppData\Local\Programs\Python\Python311\Lib\site-packages\aiosqlite\cursor.py", line 32, in _execute
    return await self._conn._execute(fn, *args, **kwargs)
           ^^^^^^^^^^^^^^^^^^^^^^^^^^^^^^^^^^^^^^^^^^^^^^
  File "C:\Users\Play\AppData\Local\Programs\Python\Python311\Lib\site-packages\aiosqlite\core.py", line 133, in _execute
    return await future
           ^^^^^^^^^^^^
  File "C:\Users\Play\AppData\Local\Programs\Python\Python311\Lib\site-packages\aiosqlite\core.py", line 65, in _connection_worker_thread
    result = function()
             ^^^^^^^^^^
sqlite3.OperationalError: no such table: orders

The above exception was the direct cause of the following exception:

Traceback (most recent call last):
  File "C:\Users\Play\Desktop\disp-tax\src\bot\handlers\order_handlers.py", line 63, in process_order_content
    order = await OrderService.create_order(
            ^^^^^^^^^^^^^^^^^^^^^^^^^^^^^^^^
  File "C:\Users\Play\Desktop\disp-tax\src\services\order_service.py", line 43, in create_order
    await session.commit()
  File "C:\Users\Play\AppData\Local\Programs\Python\Python311\Lib\site-packages\sqlalchemy\ext\asyncio\session.py", line 1000, in commit
    await greenlet_spawn(self.sync_session.commit)
  File "C:\Users\Play\AppData\Local\Programs\Python\Python311\Lib\site-packages\sqlalchemy\util\_concurrency_py3k.py", line 203, in greenlet_spawn
    result = context.switch(value)
             ^^^^^^^^^^^^^^^^^^^^^
  File "C:\Users\Play\AppData\Local\Programs\Python\Python311\Lib\site-packages\sqlalchemy\orm\session.py", line 2030, in commit
    trans.commit(_to_root=True)
  File "<string>", line 2, in commit
  File "C:\Users\Play\AppData\Local\Programs\Python\Python311\Lib\site-packages\sqlalchemy\orm\state_changes.py", line 137, in _go
    ret_value = fn(self, *arg, **kw)
                ^^^^^^^^^^^^^^^^^^^^
  File "C:\Users\Play\AppData\Local\Programs\Python\Python311\Lib\site-packages\sqlalchemy\orm\session.py", line 1311, in commit
    self._prepare_impl()
  File "<string>", line 2, in _prepare_impl
  File "C:\Users\Play\AppData\Local\Programs\Python\Python311\Lib\site-packages\sqlalchemy\orm\state_changes.py", line 137, in _go
    ret_value = fn(self, *arg, **kw)
                ^^^^^^^^^^^^^^^^^^^^
  File "C:\Users\Play\AppData\Local\Programs\Python\Python311\Lib\site-packages\sqlalchemy\orm\session.py", line 1286, in _prepare_impl
    self.session.flush()
  File "C:\Users\Play\AppData\Local\Programs\Python\Python311\Lib\site-packages\sqlalchemy\orm\session.py", line 4331, in flush
    self._flush(objects)
  File "C:\Users\Play\AppData\Local\Programs\Python\Python311\Lib\site-packages\sqlalchemy\orm\session.py", line 4466, in _flush
    with util.safe_reraise():
  File "C:\Users\Play\AppData\Local\Programs\Python\Python311\Lib\site-packages\sqlalchemy\util\langhelpers.py", line 224, in __exit__
    raise exc_value.with_traceback(exc_tb)
  File "C:\Users\Play\AppData\Local\Programs\Python\Python311\Lib\site-packages\sqlalchemy\orm\session.py", line 4427, in _flush
    flush_context.execute()
  File "C:\Users\Play\AppData\Local\Programs\Python\Python311\Lib\site-packages\sqlalchemy\orm\unitofwork.py", line 466, in execute
    rec.execute(self)
  File "C:\Users\Play\AppData\Local\Programs\Python\Python311\Lib\site-packages\sqlalchemy\orm\unitofwork.py", line 642, in execute
    util.preloaded.orm_persistence.save_obj(
  File "C:\Users\Play\AppData\Local\Programs\Python\Python311\Lib\site-packages\sqlalchemy\orm\persistence.py", line 93, in save_obj
    _emit_insert_statements(
  File "C:\Users\Play\AppData\Local\Programs\Python\Python311\Lib\site-packages\sqlalchemy\orm\persistence.py", line 1233, in _emit_insert_statements
    result = connection.execute(
             ^^^^^^^^^^^^^^^^^^^
  File "C:\Users\Play\AppData\Local\Programs\Python\Python311\Lib\site-packages\sqlalchemy\engine\base.py", line 1419, in execute
    return meth(
           ^^^^^
  File "C:\Users\Play\AppData\Local\Programs\Python\Python311\Lib\site-packages\sqlalchemy\sql\elements.py", line 526, in _execute_on_connection
    return connection._execute_clauseelement(
           ^^^^^^^^^^^^^^^^^^^^^^^^^^^^^^^^^^
  File "C:\Users\Play\AppData\Local\Programs\Python\Python311\Lib\site-packages\sqlalchemy\engine\base.py", line 1641, in _execute_clauseelement
    ret = self._execute_context(
          ^^^^^^^^^^^^^^^^^^^^^^
  File "C:\Users\Play\AppData\Local\Programs\Python\Python311\Lib\site-packages\sqlalchemy\engine\base.py", line 1846, in _execute_context
    return self._exec_single_context(
           ^^^^^^^^^^^^^^^^^^^^^^^^^^
  File "C:\Users\Play\AppData\Local\Programs\Python\Python311\Lib\site-packages\sqlalchemy\engine\base.py", line 1986, in _exec_single_context
    self._handle_dbapi_exception(
  File "C:\Users\Play\AppData\Local\Programs\Python\Python311\Lib\site-packages\sqlalchemy\engine\base.py", line 2355, in _handle_dbapi_exception
    raise sqlalchemy_exception.with_traceback(exc_info[2]) from e
  File "C:\Users\Play\AppData\Local\Programs\Python\Python311\Lib\site-packages\sqlalchemy\engine\base.py", line 1967, in _exec_single_context
    self.dialect.do_execute(
  File "C:\Users\Play\AppData\Local\Programs\Python\Python311\Lib\site-packages\sqlalchemy\engine\default.py", line 951, in do_execute
    cursor.execute(statement, parameters)
  File "C:\Users\Play\AppData\Local\Programs\Python\Python311\Lib\site-packages\sqlalchemy\dialects\sqlite\aiosqlite.py", line 180, in execute
    self._adapt_connection._handle_exception(error)
  File "C:\Users\Play\AppData\Local\Programs\Python\Python311\Lib\site-packages\sqlalchemy\dialects\sqlite\aiosqlite.py", line 340, in _handle_exception
    raise error
  File "C:\Users\Play\AppData\Local\Programs\Python\Python311\Lib\site-packages\sqlalchemy\dialects\sqlite\aiosqlite.py", line 162, in execute
    self.await_(_cursor.execute(operation, parameters))
  File "C:\Users\Play\AppData\Local\Programs\Python\Python311\Lib\site-packages\sqlalchemy\util\_concurrency_py3k.py", line 132, in await_only
    return current.parent.switch(awaitable)  # type: ignore[no-any-return,attr-defined] # noqa: E501
           ^^^^^^^^^^^^^^^^^^^^^^^^^^^^^^^^
  File "C:\Users\Play\AppData\Local\Programs\Python\Python311\Lib\site-packages\sqlalchemy\util\_concurrency_py3k.py", line 196, in greenlet_spawn
    value = await result
            ^^^^^^^^^^^^
  File "C:\Users\Play\AppData\Local\Programs\Python\Python311\Lib\site-packages\aiosqlite\cursor.py", line 40, in execute
    await self._execute(self._cursor.execute, sql, parameters)
  File "C:\Users\Play\AppData\Local\Programs\Python\Python311\Lib\site-packages\aiosqlite\cursor.py", line 32, in _execute
    return await self._conn._execute(fn, *args, **kwargs)
           ^^^^^^^^^^^^^^^^^^^^^^^^^^^^^^^^^^^^^^^^^^^^^^
  File "C:\Users\Play\AppData\Local\Programs\Python\Python311\Lib\site-packages\aiosqlite\core.py", line 133, in _execute
    return await future
           ^^^^^^^^^^^^
  File "C:\Users\Play\AppData\Local\Programs\Python\Python311\Lib\site-packages\aiosqlite\core.py", line 65, in _connection_worker_thread
    result = function()
             ^^^^^^^^^^
sqlalchemy.exc.OperationalError: (sqlite3.OperationalError) no such table: orders
[SQL: INSERT INTO orders (dispatcher_id, state, content, normalized_content, is_vip, created_at, updated_at, confirmed_at, sent_at, closed_at) VALUES (?, ?, ?, ?, ?, ?, ?, ?, ?, ?)]
[parameters: (5782455721, 'DRAFT', 'Москва- екб \n50к на руки', 'Москва- екб 50к на руки', 0, '2025-12-16 20:43:45.766015', '2025-12-16 20:43:45.766015', None, None, None)]
(Background on this error at: https://sqlalche.me/e/20/e3q8)
2025-12-16 23:43:45,922 - src.bot.middleware.error_handler - ERROR - Error in handler: This Session's transaction has been rolled back due to a previous exception during flush. To begin a new transaction with this Session, first issue Session.rollback(). Original exception was: (sqlite3.OperationalError) no such table: orders
[SQL: INSERT INTO orders (dispatcher_id, state, content, normalized_content, is_vip, created_at, updated_at, confirmed_at, sent_at, closed_at) VALUES (?, ?, ?, ?, ?, ?, ?, ?, ?, ?)]
[parameters: (5782455721, 'DRAFT', 'Москва- екб \n50к на руки', 'Москва- екб 50к на руки', 0, '2025-12-16 20:43:45.766015', '2025-12-16 20:43:45.766015', None, None, None)]
(Background on this error at: https://sqlalche.me/e/20/e3q8) (Background on this error at: https://sqlalche.me/e/20/7s2a)
Traceback (most recent call last):
  File "C:\Users\Play\Desktop\disp-tax\src\bot\middleware\error_handler.py", line 21, in __call__
    return await handler(event, data)
           ^^^^^^^^^^^^^^^^^^^^^^^^^^
  File "C:\Users\Play\Desktop\disp-tax\src\bot\middleware\database.py", line 23, in __call__
    await session.commit()
  File "C:\Users\Play\AppData\Local\Programs\Python\Python311\Lib\site-packages\sqlalchemy\ext\asyncio\session.py", line 1000, in commit
    await greenlet_spawn(self.sync_session.commit)
  File "C:\Users\Play\AppData\Local\Programs\Python\Python311\Lib\site-packages\sqlalchemy\util\_concurrency_py3k.py", line 190, in greenlet_spawn
    result = context.switch(*args, **kwargs)
             ^^^^^^^^^^^^^^^^^^^^^^^^^^^^^^^
  File "C:\Users\Play\AppData\Local\Programs\Python\Python311\Lib\site-packages\sqlalchemy\orm\session.py", line 2030, in commit
    trans.commit(_to_root=True)
  File "<string>", line 2, in commit
  File "C:\Users\Play\AppData\Local\Programs\Python\Python311\Lib\site-packages\sqlalchemy\orm\state_changes.py", line 101, in _go
    self._raise_for_prerequisite_state(fn.__name__, current_state)
  File "C:\Users\Play\AppData\Local\Programs\Python\Python311\Lib\site-packages\sqlalchemy\orm\session.py", line 971, in _raise_for_prerequisite_state
    raise sa_exc.PendingRollbackError(
sqlalchemy.exc.PendingRollbackError: This Session's transaction has been rolled back due to a previous exception during flush. To begin a new transaction with this Session, first issue Session.rollback(). Original exception was: (sqlite3.OperationalError) no such table: orders
[SQL: INSERT INTO orders (dispatcher_id, state, content, normalized_content, is_vip, created_at, updated_at, confirmed_at, sent_at, closed_at) VALUES (?, ?, ?, ?, ?, ?, ?, ?, ?, ?)]
[parameters: (5782455721, 'DRAFT', 'Москва- екб \n50к на руки', 'Москва- екб 50к на руки', 0, '2025-12-16 20:43:45.766015', '2025-12-16 20:43:45.766015', None, None, None)]
(Background on this error at: https://sqlalche.me/e/20/e3q8) (Background on this error at: https://sqlalche.me/e/20/7s2a)
2025-12-16 23:43:45,922 - src.bot.middleware.error_handler - ERROR - Error in handler: This Session's transaction has been rolled back due to a previous exception during flush. To begin a new transaction with this Session, first issue Session.rollback(). Original exception was: (sqlite3.OperationalError) no such table: orders
[SQL: INSERT INTO orders (dispatcher_id, state, content, normalized_content, is_vip, created_at, updated_at, confirmed_at, sent_at, closed_at) VALUES (?, ?, ?, ?, ?, ?, ?, ?, ?, ?)]
[parameters: (5782455721, 'DRAFT', 'Москва- екб \n50к на руки', 'Москва- екб 50к на руки', 0, '2025-12-16 20:43:45.766015', '2025-12-16 20:43:45.766015', None, None, None)]
(Background on this error at: https://sqlalche.me/e/20/e3q8) (Background on this error at: https://sqlalche.me/e/20/7s2a)
Traceback (most recent call last):
  File "C:\Users\Play\Desktop\disp-tax\src\bot\middleware\error_handler.py", line 21, in __call__
    return await handler(event, data)
           ^^^^^^^^^^^^^^^^^^^^^^^^^^
  File "C:\Users\Play\Desktop\disp-tax\src\bot\middleware\database.py", line 23, in __call__
    await session.commit()
  File "C:\Users\Play\AppData\Local\Programs\Python\Python311\Lib\site-packages\sqlalchemy\ext\asyncio\session.py", line 1000, in commit
    await greenlet_spawn(self.sync_session.commit)
  File "C:\Users\Play\AppData\Local\Programs\Python\Python311\Lib\site-packages\sqlalchemy\util\_concurrency_py3k.py", line 190, in greenlet_spawn
    result = context.switch(*args, **kwargs)
             ^^^^^^^^^^^^^^^^^^^^^^^^^^^^^^^
  File "C:\Users\Play\AppData\Local\Programs\Python\Python311\Lib\site-packages\sqlalchemy\orm\session.py", line 2030, in commit
    trans.commit(_to_root=True)
  File "<string>", line 2, in commit
  File "C:\Users\Play\AppData\Local\Programs\Python\Python311\Lib\site-packages\sqlalchemy\orm\state_changes.py", line 101, in _go
    self._raise_for_prerequisite_state(fn.__name__, current_state)
  File "C:\Users\Play\AppData\Local\Programs\Python\Python311\Lib\site-packages\sqlalchemy\orm\session.py", line 971, in _raise_for_prerequisite_state
    raise sa_exc.PendingRollbackError(
sqlalchemy.exc.PendingRollbackError: This Session's transaction has been rolled back due to a previous exception during flush. To begin a new transaction with this Session, first issue Session.rollback(). Original exception was: (sqlite3.OperationalError) no such table: orders
[SQL: INSERT INTO orders (dispatcher_id, state, content, normalized_content, is_vip, created_at, updated_at, confirmed_at, sent_at, closed_at) VALUES (?, ?, ?, ?, ?, ?, ?, ?, ?, ?)]
[parameters: (5782455721, 'DRAFT', 'Москва- екб \n50к на руки', 'Москва- екб 50к на руки', 0, '2025-12-16 20:43:45.766015', '2025-12-16 20:43:45.766015', None, None, None)]
(Background on this error at: https://sqlalche.me/e/20/e3q8) (Background on this error at: https://sqlalche.me/e/20/7s2a)
2025-12-16 23:43:46,025 - src.bot.middleware.logging_middleware - ERROR - Handler failed: This Session's transaction has been rolled back due to a previous exception during flush. To begin a new transaction with this Session, first issue Session.rollback(). Original exception was: (sqlite3.OperationalError) no such table: orders
[SQL: INSERT INTO orders (dispatcher_id, state, content, normalized_content, is_vip, created_at, updated_at, confirmed_at, sent_at, closed_at) VALUES (?, ?, ?, ?, ?, ?, ?, ?, ?, ?)]
[parameters: (5782455721, 'DRAFT', 'Москва- екб \n50к на руки', 'Москва- екб 50к на руки', 0, '2025-12-16 20:43:45.766015', '2025-12-16 20:43:45.766015', None, None, None)]
(Background on this error at: https://sqlalche.me/e/20/e3q8) (Background on this error at: https://sqlalche.me/e/20/7s2a)
Traceback (most recent call last):
  File "C:\Users\Play\Desktop\disp-tax\src\bot\middleware\logging_middleware.py", line 27, in __call__
    result = await handler(event, data)
             ^^^^^^^^^^^^^^^^^^^^^^^^^^
  File "C:\Users\Play\Desktop\disp-tax\src\bot\middleware\error_handler.py", line 21, in __call__
    return await handler(event, data)
           ^^^^^^^^^^^^^^^^^^^^^^^^^^
  File "C:\Users\Play\Desktop\disp-tax\src\bot\middleware\database.py", line 23, in __call__
    await session.commit()
  File "C:\Users\Play\AppData\Local\Programs\Python\Python311\Lib\site-packages\sqlalchemy\ext\asyncio\session.py", line 1000, in commit
    await greenlet_spawn(self.sync_session.commit)
  File "C:\Users\Play\AppData\Local\Programs\Python\Python311\Lib\site-packages\sqlalchemy\util\_concurrency_py3k.py", line 190, in greenlet_spawn
    result = context.switch(*args, **kwargs)
             ^^^^^^^^^^^^^^^^^^^^^^^^^^^^^^^
  File "C:\Users\Play\AppData\Local\Programs\Python\Python311\Lib\site-packages\sqlalchemy\orm\session.py", line 2030, in commit
    trans.commit(_to_root=True)
  File "<string>", line 2, in commit
  File "C:\Users\Play\AppData\Local\Programs\Python\Python311\Lib\site-packages\sqlalchemy\orm\state_changes.py", line 101, in _go
    self._raise_for_prerequisite_state(fn.__name__, current_state)
  File "C:\Users\Play\AppData\Local\Programs\Python\Python311\Lib\site-packages\sqlalchemy\orm\session.py", line 971, in _raise_for_prerequisite_state
    raise sa_exc.PendingRollbackError(
sqlalchemy.exc.PendingRollbackError: This Session's transaction has been rolled back due to a previous exception during flush. To begin a new transaction with this Session, first issue Session.rollback(). Original exception was: (sqlite3.OperationalError) no such table: orders
[SQL: INSERT INTO orders (dispatcher_id, state, content, normalized_content, is_vip, created_at, updated_at, confirmed_at, sent_at, closed_at) VALUES (?, ?, ?, ?, ?, ?, ?, ?, ?, ?)]
[parameters: (5782455721, 'DRAFT', 'Москва- екб \n50к на руки', 'Москва- екб 50к на руки', 0, '2025-12-16 20:43:45.766015', '2025-12-16 20:43:45.766015', None, None, None)]
(Background on this error at: https://sqlalche.me/e/20/e3q8) (Background on this error at: https://sqlalche.me/e/20/7s2a)
2025-12-16 23:43:46,025 - src.bot.middleware.logging_middleware - ERROR - Handler failed: This Session's transaction has been rolled back due to a previous exception during flush. To begin a new transaction with this Session, first issue Session.rollback(). Original exception was: (sqlite3.OperationalError) no such table: orders
[SQL: INSERT INTO orders (dispatcher_id, state, content, normalized_content, is_vip, created_at, updated_at, confirmed_at, sent_at, closed_at) VALUES (?, ?, ?, ?, ?, ?, ?, ?, ?, ?)]
[parameters: (5782455721, 'DRAFT', 'Москва- екб \n50к на руки', 'Москва- екб 50к на руки', 0, '2025-12-16 20:43:45.766015', '2025-12-16 20:43:45.766015', None, None, None)]
(Background on this error at: https://sqlalche.me/e/20/e3q8) (Background on this error at: https://sqlalche.me/e/20/7s2a)
Traceback (most recent call last):
  File "C:\Users\Play\Desktop\disp-tax\src\bot\middleware\logging_middleware.py", line 27, in __call__
    result = await handler(event, data)
             ^^^^^^^^^^^^^^^^^^^^^^^^^^
  File "C:\Users\Play\Desktop\disp-tax\src\bot\middleware\error_handler.py", line 21, in __call__
    return await handler(event, data)
           ^^^^^^^^^^^^^^^^^^^^^^^^^^
  File "C:\Users\Play\Desktop\disp-tax\src\bot\middleware\database.py", line 23, in __call__
    await session.commit()
  File "C:\Users\Play\AppData\Local\Programs\Python\Python311\Lib\site-packages\sqlalchemy\ext\asyncio\session.py", line 1000, in commit
    await greenlet_spawn(self.sync_session.commit)
  File "C:\Users\Play\AppData\Local\Programs\Python\Python311\Lib\site-packages\sqlalchemy\util\_concurrency_py3k.py", line 190, in greenlet_spawn
    result = context.switch(*args, **kwargs)
             ^^^^^^^^^^^^^^^^^^^^^^^^^^^^^^^
  File "C:\Users\Play\AppData\Local\Programs\Python\Python311\Lib\site-packages\sqlalchemy\orm\session.py", line 2030, in commit
    trans.commit(_to_root=True)
  File "<string>", line 2, in commit
  File "C:\Users\Play\AppData\Local\Programs\Python\Python311\Lib\site-packages\sqlalchemy\orm\state_changes.py", line 101, in _go
    self._raise_for_prerequisite_state(fn.__name__, current_state)
  File "C:\Users\Play\AppData\Local\Programs\Python\Python311\Lib\site-packages\sqlalchemy\orm\session.py", line 971, in _raise_for_prerequisite_state
    raise sa_exc.PendingRollbackError(
sqlalchemy.exc.PendingRollbackError: This Session's transaction has been rolled back due to a previous exception during flush. To begin a new transaction with this Session, first issue Session.rollback(). Original exception was: (sqlite3.OperationalError) no such table: orders
[SQL: INSERT INTO orders (dispatcher_id, state, content, normalized_content, is_vip, created_at, updated_at, confirmed_at, sent_at, closed_at) VALUES (?, ?, ?, ?, ?, ?, ?, ?, ?, ?)]
[parameters: (5782455721, 'DRAFT', 'Москва- екб \n50к на руки', 'Москва- екб 50к на руки', 0, '2025-12-16 20:43:45.766015', '2025-12-16 20:43:45.766015', None, None, None)]
(Background on this error at: https://sqlalche.me/e/20/e3q8) (Background on this error at: https://sqlalche.me/e/20/7s2a)
2025-12-16 23:43:46,028 - aiogram.event - INFO - Update id=873021205 is not handled. Duration 264 ms by bot id=8589419100
2025-12-16 23:43:46,028 - aiogram.event - INFO - Update id=873021205 is not handled. Duration 264 ms by bot id=8589419100
2025-12-16 23:43:46,028 - aiogram.event - ERROR - Cause exception while process update id=873021205 by bot id=8589419100
PendingRollbackError: This Session's transaction has been rolled back due to a previous exception during flush. To begin a new transaction with this Session, first issue Session.rollback(). Original exception was: (sqlite3.OperationalError) no such table: orders
[SQL: INSERT INTO orders (dispatcher_id, state, content, normalized_content, is_vip, created_at, updated_at, confirmed_at, sent_at, closed_at) VALUES (?, ?, ?, ?, ?, ?, ?, ?, ?, ?)]
[parameters: (5782455721, 'DRAFT', 'Москва- екб \n50к на руки', 'Москва- екб 50к на руки', 0, '2025-12-16 20:43:45.766015', '2025-12-16 20:43:45.766015', None, None, None)]
(Background on this error at: https://sqlalche.me/e/20/e3q8) (Background on this error at: https://sqlalche.me/e/20/7s2a)
Traceback (most recent call last):
  File "C:\Users\Play\AppData\Local\Programs\Python\Python311\Lib\site-packages\aiogram\dispatcher\dispatcher.py", line 320, in _process_update
    response = await self.feed_update(bot, update, **kwargs)
               ^^^^^^^^^^^^^^^^^^^^^^^^^^^^^^^^^^^^^^^^^^^^^
  File "C:\Users\Play\AppData\Local\Programs\Python\Python311\Lib\site-packages\aiogram\dispatcher\dispatcher.py", line 164, in feed_update
    response = await self.update.wrap_outer_middleware(
               ^^^^^^^^^^^^^^^^^^^^^^^^^^^^^^^^^^^^^^^^
  File "C:\Users\Play\AppData\Local\Programs\Python\Python311\Lib\site-packages\aiogram\dispatcher\middlewares\error.py", line 27, in __call__
    return await handler(event, data)
           ^^^^^^^^^^^^^^^^^^^^^^^^^^
  File "C:\Users\Play\AppData\Local\Programs\Python\Python311\Lib\site-packages\aiogram\dispatcher\middlewares\user_context.py", line 58, in __call__
    return await handler(event, data)
           ^^^^^^^^^^^^^^^^^^^^^^^^^^
  File "C:\Users\Play\AppData\Local\Programs\Python\Python311\Lib\site-packages\aiogram\fsm\middleware.py", line 43, in __call__
    return await handler(event, data)
           ^^^^^^^^^^^^^^^^^^^^^^^^^^
  File "C:\Users\Play\AppData\Local\Programs\Python\Python311\Lib\site-packages\aiogram\dispatcher\event\telegram.py", line 126, in trigger
    return await wrapped_inner(event, kwargs)
           ^^^^^^^^^^^^^^^^^^^^^^^^^^^^^^^^^^
  File "C:\Users\Play\AppData\Local\Programs\Python\Python311\Lib\site-packages\aiogram\dispatcher\event\handler.py", line 43, in call
    return await wrapped()
           ^^^^^^^^^^^^^^^
  File "C:\Users\Play\AppData\Local\Programs\Python\Python311\Lib\site-packages\aiogram\dispatcher\dispatcher.py", line 283, in _listen_update
    return await self.propagate_event(update_type=update_type, event=event, **kwargs)
           ^^^^^^^^^^^^^^^^^^^^^^^^^^^^^^^^^^^^^^^^^^^^^^^^^^^^^^^^^^^^^^^^^^^^^^^^^^
  File "C:\Users\Play\AppData\Local\Programs\Python\Python311\Lib\site-packages\aiogram\dispatcher\router.py", line 161, in propagate_event
    return await observer.wrap_outer_middleware(_wrapped, event=event, data=kwargs)
           ^^^^^^^^^^^^^^^^^^^^^^^^^^^^^^^^^^^^^^^^^^^^^^^^^^^^^^^^^^^^^^^^^^^^^^^^
  File "C:\Users\Play\AppData\Local\Programs\Python\Python311\Lib\site-packages\aiogram\dispatcher\router.py", line 153, in _wrapped
    return await self._propagate_event(
           ^^^^^^^^^^^^^^^^^^^^^^^^^^^^
  File "C:\Users\Play\AppData\Local\Programs\Python\Python311\Lib\site-packages\aiogram\dispatcher\router.py", line 189, in _propagate_event
    response = await router.propagate_event(update_type=update_type, event=event, **kwargs)
               ^^^^^^^^^^^^^^^^^^^^^^^^^^^^^^^^^^^^^^^^^^^^^^^^^^^^^^^^^^^^^^^^^^^^^^^^^^^^
  File "C:\Users\Play\AppData\Local\Programs\Python\Python311\Lib\site-packages\aiogram\dispatcher\router.py", line 161, in propagate_event
    return await observer.wrap_outer_middleware(_wrapped, event=event, data=kwargs)
           ^^^^^^^^^^^^^^^^^^^^^^^^^^^^^^^^^^^^^^^^^^^^^^^^^^^^^^^^^^^^^^^^^^^^^^^^
  File "C:\Users\Play\AppData\Local\Programs\Python\Python311\Lib\site-packages\aiogram\dispatcher\router.py", line 153, in _wrapped
    return await self._propagate_event(
           ^^^^^^^^^^^^^^^^^^^^^^^^^^^^
  File "C:\Users\Play\AppData\Local\Programs\Python\Python311\Lib\site-packages\aiogram\dispatcher\router.py", line 181, in _propagate_event
    response = await observer.trigger(event, **kwargs)
               ^^^^^^^^^^^^^^^^^^^^^^^^^^^^^^^^^^^^^^^
  File "C:\Users\Play\AppData\Local\Programs\Python\Python311\Lib\site-packages\aiogram\dispatcher\event\telegram.py", line 126, in trigger
    return await wrapped_inner(event, kwargs)
           ^^^^^^^^^^^^^^^^^^^^^^^^^^^^^^^^^^
  File "C:\Users\Play\Desktop\disp-tax\src\bot\middleware\logging_middleware.py", line 27, in __call__
    result = await handler(event, data)
             ^^^^^^^^^^^^^^^^^^^^^^^^^^
  File "C:\Users\Play\Desktop\disp-tax\src\bot\middleware\error_handler.py", line 21, in __call__
    return await handler(event, data)
           ^^^^^^^^^^^^^^^^^^^^^^^^^^
  File "C:\Users\Play\Desktop\disp-tax\src\bot\middleware\database.py", line 23, in __call__
    await session.commit()
  File "C:\Users\Play\AppData\Local\Programs\Python\Python311\Lib\site-packages\sqlalchemy\ext\asyncio\session.py", line 1000, in commit
    await greenlet_spawn(self.sync_session.commit)
  File "C:\Users\Play\AppData\Local\Programs\Python\Python311\Lib\site-packages\sqlalchemy\util\_concurrency_py3k.py", line 190, in greenlet_spawn
    result = context.switch(*args, **kwargs)
             ^^^^^^^^^^^^^^^^^^^^^^^^^^^^^^^
  File "C:\Users\Play\AppData\Local\Programs\Python\Python311\Lib\site-packages\sqlalchemy\orm\session.py", line 2030, in commit
    trans.commit(_to_root=True)
  File "<string>", line 2, in commit
  File "C:\Users\Play\AppData\Local\Programs\Python\Python311\Lib\site-packages\sqlalchemy\orm\state_changes.py", line 101, in _go
    self._raise_for_prerequisite_state(fn.__name__, current_state)
  File "C:\Users\Play\AppData\Local\Programs\Python\Python311\Lib\site-packages\sqlalchemy\orm\session.py", line 971, in _raise_for_prerequisite_state
    raise sa_exc.PendingRollbackError(
sqlalchemy.exc.PendingRollbackError: This Session's transaction has been rolled back due to a previous exception during flush. To begin a new transaction with this Session, first issue Session.rollback(). Original exception was: (sqlite3.OperationalError) no such table: orders
[SQL: INSERT INTO orders (dispatcher_id, state, content, normalized_content, is_vip, created_at, updated_at, confirmed_at, sent_at, closed_at) VALUES (?, ?, ?, ?, ?, ?, ?, ?, ?, ?)]
[parameters: (5782455721, 'DRAFT', 'Москва- екб \n50к на руки', 'Москва- екб 50к на руки', 0, '2025-12-16 20:43:45.766015', '2025-12-16 20:43:45.766015', None, None, None)]
(Background on this error at: https://sqlalche.me/e/20/e3q8) (Background on this error at: https://sqlalche.me/e/20/7s2a)
2025-12-16 23:43:46,028 - aiogram.event - ERROR - Cause exception while process update id=873021205 by bot id=8589419100
PendingRollbackError: This Session's transaction has been rolled back due to a previous exception during flush. To begin a new transaction with this Session, first issue Session.rollback(). Original exception was: (sqlite3.OperationalError) no such table: orders
[SQL: INSERT INTO orders (dispatcher_id, state, content, normalized_content, is_vip, created_at, updated_at, confirmed_at, sent_at, closed_at) VALUES (?, ?, ?, ?, ?, ?, ?, ?, ?, ?)]
[parameters: (5782455721, 'DRAFT', 'Москва- екб \n50к на руки', 'Москва- екб 50к на руки', 0, '2025-12-16 20:43:45.766015', '2025-12-16 20:43:45.766015', None, None, None)]
(Background on this error at: https://sqlalche.me/e/20/e3q8) (Background on this error at: https://sqlalche.me/e/20/7s2a)
Traceback (most recent call last):
  File "C:\Users\Play\AppData\Local\Programs\Python\Python311\Lib\site-packages\aiogram\dispatcher\dispatcher.py", line 320, in _process_update
    response = await self.feed_update(bot, update, **kwargs)
               ^^^^^^^^^^^^^^^^^^^^^^^^^^^^^^^^^^^^^^^^^^^^^
  File "C:\Users\Play\AppData\Local\Programs\Python\Python311\Lib\site-packages\aiogram\dispatcher\dispatcher.py", line 164, in feed_update
    response = await self.update.wrap_outer_middleware(
               ^^^^^^^^^^^^^^^^^^^^^^^^^^^^^^^^^^^^^^^^
  File "C:\Users\Play\AppData\Local\Programs\Python\Python311\Lib\site-packages\aiogram\dispatcher\middlewares\error.py", line 27, in __call__
    return await handler(event, data)
           ^^^^^^^^^^^^^^^^^^^^^^^^^^
  File "C:\Users\Play\AppData\Local\Programs\Python\Python311\Lib\site-packages\aiogram\dispatcher\middlewares\user_context.py", line 58, in __call__
    return await handler(event, data)
           ^^^^^^^^^^^^^^^^^^^^^^^^^^
  File "C:\Users\Play\AppData\Local\Programs\Python\Python311\Lib\site-packages\aiogram\fsm\middleware.py", line 43, in __call__
    return await handler(event, data)
           ^^^^^^^^^^^^^^^^^^^^^^^^^^
  File "C:\Users\Play\AppData\Local\Programs\Python\Python311\Lib\site-packages\aiogram\dispatcher\event\telegram.py", line 126, in trigger
    return await wrapped_inner(event, kwargs)
           ^^^^^^^^^^^^^^^^^^^^^^^^^^^^^^^^^^
  File "C:\Users\Play\AppData\Local\Programs\Python\Python311\Lib\site-packages\aiogram\dispatcher\event\handler.py", line 43, in call
    return await wrapped()
           ^^^^^^^^^^^^^^^
  File "C:\Users\Play\AppData\Local\Programs\Python\Python311\Lib\site-packages\aiogram\dispatcher\dispatcher.py", line 283, in _listen_update
    return await self.propagate_event(update_type=update_type, event=event, **kwargs)
           ^^^^^^^^^^^^^^^^^^^^^^^^^^^^^^^^^^^^^^^^^^^^^^^^^^^^^^^^^^^^^^^^^^^^^^^^^^
  File "C:\Users\Play\AppData\Local\Programs\Python\Python311\Lib\site-packages\aiogram\dispatcher\router.py", line 161, in propagate_event
    return await observer.wrap_outer_middleware(_wrapped, event=event, data=kwargs)
           ^^^^^^^^^^^^^^^^^^^^^^^^^^^^^^^^^^^^^^^^^^^^^^^^^^^^^^^^^^^^^^^^^^^^^^^^
  File "C:\Users\Play\AppData\Local\Programs\Python\Python311\Lib\site-packages\aiogram\dispatcher\router.py", line 153, in _wrapped
    return await self._propagate_event(
           ^^^^^^^^^^^^^^^^^^^^^^^^^^^^
  File "C:\Users\Play\AppData\Local\Programs\Python\Python311\Lib\site-packages\aiogram\dispatcher\router.py", line 189, in _propagate_event
    response = await router.propagate_event(update_type=update_type, event=event, **kwargs)
               ^^^^^^^^^^^^^^^^^^^^^^^^^^^^^^^^^^^^^^^^^^^^^^^^^^^^^^^^^^^^^^^^^^^^^^^^^^^^
  File "C:\Users\Play\AppData\Local\Programs\Python\Python311\Lib\site-packages\aiogram\dispatcher\router.py", line 161, in propagate_event
    return await observer.wrap_outer_middleware(_wrapped, event=event, data=kwargs)
           ^^^^^^^^^^^^^^^^^^^^^^^^^^^^^^^^^^^^^^^^^^^^^^^^^^^^^^^^^^^^^^^^^^^^^^^^
  File "C:\Users\Play\AppData\Local\Programs\Python\Python311\Lib\site-packages\aiogram\dispatcher\router.py", line 153, in _wrapped
    return await self._propagate_event(
           ^^^^^^^^^^^^^^^^^^^^^^^^^^^^
  File "C:\Users\Play\AppData\Local\Programs\Python\Python311\Lib\site-packages\aiogram\dispatcher\router.py", line 181, in _propagate_event
    response = await observer.trigger(event, **kwargs)
               ^^^^^^^^^^^^^^^^^^^^^^^^^^^^^^^^^^^^^^^
  File "C:\Users\Play\AppData\Local\Programs\Python\Python311\Lib\site-packages\aiogram\dispatcher\event\telegram.py", line 126, in trigger
    return await wrapped_inner(event, kwargs)
           ^^^^^^^^^^^^^^^^^^^^^^^^^^^^^^^^^^
  File "C:\Users\Play\Desktop\disp-tax\src\bot\middleware\logging_middleware.py", line 27, in __call__
    result = await handler(event, data)
             ^^^^^^^^^^^^^^^^^^^^^^^^^^
  File "C:\Users\Play\Desktop\disp-tax\src\bot\middleware\error_handler.py", line 21, in __call__
    return await handler(event, data)
           ^^^^^^^^^^^^^^^^^^^^^^^^^^
  File "C:\Users\Play\Desktop\disp-tax\src\bot\middleware\database.py", line 23, in __call__
    await session.commit()
  File "C:\Users\Play\AppData\Local\Programs\Python\Python311\Lib\site-packages\sqlalchemy\ext\asyncio\session.py", line 1000, in commit
    await greenlet_spawn(self.sync_session.commit)
  File "C:\Users\Play\AppData\Local\Programs\Python\Python311\Lib\site-packages\sqlalchemy\util\_concurrency_py3k.py", line 190, in greenlet_spawn
    result = context.switch(*args, **kwargs)
             ^^^^^^^^^^^^^^^^^^^^^^^^^^^^^^^
  File "C:\Users\Play\AppData\Local\Programs\Python\Python311\Lib\site-packages\sqlalchemy\orm\session.py", line 2030, in commit
    trans.commit(_to_root=True)
  File "<string>", line 2, in commit
  File "C:\Users\Play\AppData\Local\Programs\Python\Python311\Lib\site-packages\sqlalchemy\orm\state_changes.py", line 101, in _go
    self._raise_for_prerequisite_state(fn.__name__, current_state)
  File "C:\Users\Play\AppData\Local\Programs\Python\Python311\Lib\site-packages\sqlalchemy\orm\session.py", line 971, in _raise_for_prerequisite_state
    raise sa_exc.PendingRollbackError(
sqlalchemy.exc.PendingRollbackError: This Session's transaction has been rolled back due to a previous exception during flush. To begin a new transaction with this Session, first issue Session.rollback(). Original exception was: (sqlite3.OperationalError) no such table: orders
[SQL: INSERT INTO orders (dispatcher_id, state, content, normalized_content, is_vip, created_at, updated_at, confirmed_at, sent_at, closed_at) VALUES (?, ?, ?, ?, ?, ?, ?, ?, ?, ?)]
[parameters: (5782455721, 'DRAFT', 'Москва- екб \n50к на руки', 'Москва- екб 50к на руки', 0, '2025-12-16 20:43:45.766015', '2025-12-16 20:43:45.766015', None, None, None)]
(Background on this error at: https://sqlalche.me/e/20/e3q8) (Background on this error at: https://sqlalche.me/e/20/7s2a)
2025-12-16 23:44:01,574 - src.bot.middleware.logging_middleware - INFO - Callback received: order:list from user 5782455721
2025-12-16 23:44:01,574 - src.bot.middleware.logging_middleware - INFO - Callback received: order:list from user 5782455721
2025-12-16 23:44:01,577 - src.bot.handlers.order_handlers - ERROR - Error listing orders: (sqlite3.OperationalError) no such table: orders
[SQL: SELECT orders.id, orders.dispatcher_id, orders.state, orders.content, orders.normalized_content, orders.is_vip, orders.created_at, orders.updated_at, orders.confirmed_at, orders.sent_at, orders.closed_at 
FROM orders 
WHERE orders.dispatcher_id = ? ORDER BY orders.created_at DESC]
[parameters: (5782455721,)]
(Background on this error at: https://sqlalche.me/e/20/e3q8)
Traceback (most recent call last):
  File "C:\Users\Play\AppData\Local\Programs\Python\Python311\Lib\site-packages\sqlalchemy\engine\base.py", line 1967, in _exec_single_context
    self.dialect.do_execute(
  File "C:\Users\Play\AppData\Local\Programs\Python\Python311\Lib\site-packages\sqlalchemy\engine\default.py", line 951, in do_execute
    cursor.execute(statement, parameters)
  File "C:\Users\Play\AppData\Local\Programs\Python\Python311\Lib\site-packages\sqlalchemy\dialects\sqlite\aiosqlite.py", line 180, in execute
    self._adapt_connection._handle_exception(error)
  File "C:\Users\Play\AppData\Local\Programs\Python\Python311\Lib\site-packages\sqlalchemy\dialects\sqlite\aiosqlite.py", line 340, in _handle_exception
    raise error
  File "C:\Users\Play\AppData\Local\Programs\Python\Python311\Lib\site-packages\sqlalchemy\dialects\sqlite\aiosqlite.py", line 162, in execute
    self.await_(_cursor.execute(operation, parameters))
  File "C:\Users\Play\AppData\Local\Programs\Python\Python311\Lib\site-packages\sqlalchemy\util\_concurrency_py3k.py", line 132, in await_only
    return current.parent.switch(awaitable)  # type: ignore[no-any-return,attr-defined] # noqa: E501
           ^^^^^^^^^^^^^^^^^^^^^^^^^^^^^^^^
  File "C:\Users\Play\AppData\Local\Programs\Python\Python311\Lib\site-packages\sqlalchemy\util\_concurrency_py3k.py", line 196, in greenlet_spawn
    value = await result
            ^^^^^^^^^^^^
  File "C:\Users\Play\AppData\Local\Programs\Python\Python311\Lib\site-packages\aiosqlite\cursor.py", line 40, in execute
    await self._execute(self._cursor.execute, sql, parameters)
  File "C:\Users\Play\AppData\Local\Programs\Python\Python311\Lib\site-packages\aiosqlite\cursor.py", line 32, in _execute
    return await self._conn._execute(fn, *args, **kwargs)
           ^^^^^^^^^^^^^^^^^^^^^^^^^^^^^^^^^^^^^^^^^^^^^^
  File "C:\Users\Play\AppData\Local\Programs\Python\Python311\Lib\site-packages\aiosqlite\core.py", line 133, in _execute
    return await future
           ^^^^^^^^^^^^
  File "C:\Users\Play\AppData\Local\Programs\Python\Python311\Lib\site-packages\aiosqlite\core.py", line 65, in _connection_worker_thread
    result = function()
             ^^^^^^^^^^
sqlite3.OperationalError: no such table: orders

The above exception was the direct cause of the following exception:

Traceback (most recent call last):
  File "C:\Users\Play\Desktop\disp-tax\src\bot\handlers\order_handlers.py", line 250, in list_orders
    orders = await OrderService.get_dispatcher_orders(
             ^^^^^^^^^^^^^^^^^^^^^^^^^^^^^^^^^^^^^^^^^
  File "C:\Users\Play\Desktop\disp-tax\src\services\order_service.py", line 381, in get_dispatcher_orders
    result = await session.execute(query)
             ^^^^^^^^^^^^^^^^^^^^^^^^^^^^
  File "C:\Users\Play\AppData\Local\Programs\Python\Python311\Lib\site-packages\sqlalchemy\ext\asyncio\session.py", line 449, in execute
    result = await greenlet_spawn(
             ^^^^^^^^^^^^^^^^^^^^^
  File "C:\Users\Play\AppData\Local\Programs\Python\Python311\Lib\site-packages\sqlalchemy\util\_concurrency_py3k.py", line 201, in greenlet_spawn
    result = context.throw(*sys.exc_info())
             ^^^^^^^^^^^^^^^^^^^^^^^^^^^^^^
  File "C:\Users\Play\AppData\Local\Programs\Python\Python311\Lib\site-packages\sqlalchemy\orm\session.py", line 2351, in execute
    return self._execute_internal(
           ^^^^^^^^^^^^^^^^^^^^^^^
  File "C:\Users\Play\AppData\Local\Programs\Python\Python311\Lib\site-packages\sqlalchemy\orm\session.py", line 2249, in _execute_internal
    result: Result[Any] = compile_state_cls.orm_execute_statement(
                          ^^^^^^^^^^^^^^^^^^^^^^^^^^^^^^^^^^^^^^^^
  File "C:\Users\Play\AppData\Local\Programs\Python\Python311\Lib\site-packages\sqlalchemy\orm\context.py", line 306, in orm_execute_statement
    result = conn.execute(
             ^^^^^^^^^^^^^
  File "C:\Users\Play\AppData\Local\Programs\Python\Python311\Lib\site-packages\sqlalchemy\engine\base.py", line 1419, in execute
    return meth(
           ^^^^^
  File "C:\Users\Play\AppData\Local\Programs\Python\Python311\Lib\site-packages\sqlalchemy\sql\elements.py", line 526, in _execute_on_connection
    return connection._execute_clauseelement(
           ^^^^^^^^^^^^^^^^^^^^^^^^^^^^^^^^^^
  File "C:\Users\Play\AppData\Local\Programs\Python\Python311\Lib\site-packages\sqlalchemy\engine\base.py", line 1641, in _execute_clauseelement
    ret = self._execute_context(
          ^^^^^^^^^^^^^^^^^^^^^^
  File "C:\Users\Play\AppData\Local\Programs\Python\Python311\Lib\site-packages\sqlalchemy\engine\base.py", line 1846, in _execute_context
    return self._exec_single_context(
           ^^^^^^^^^^^^^^^^^^^^^^^^^^
  File "C:\Users\Play\AppData\Local\Programs\Python\Python311\Lib\site-packages\sqlalchemy\engine\base.py", line 1986, in _exec_single_context
    self._handle_dbapi_exception(
  File "C:\Users\Play\AppData\Local\Programs\Python\Python311\Lib\site-packages\sqlalchemy\engine\base.py", line 2355, in _handle_dbapi_exception
    raise sqlalchemy_exception.with_traceback(exc_info[2]) from e
  File "C:\Users\Play\AppData\Local\Programs\Python\Python311\Lib\site-packages\sqlalchemy\engine\base.py", line 1967, in _exec_single_context
    self.dialect.do_execute(
  File "C:\Users\Play\AppData\Local\Programs\Python\Python311\Lib\site-packages\sqlalchemy\engine\default.py", line 951, in do_execute
    cursor.execute(statement, parameters)
  File "C:\Users\Play\AppData\Local\Programs\Python\Python311\Lib\site-packages\sqlalchemy\dialects\sqlite\aiosqlite.py", line 180, in execute
    self._adapt_connection._handle_exception(error)
  File "C:\Users\Play\AppData\Local\Programs\Python\Python311\Lib\site-packages\sqlalchemy\dialects\sqlite\aiosqlite.py", line 340, in _handle_exception
    raise error
  File "C:\Users\Play\AppData\Local\Programs\Python\Python311\Lib\site-packages\sqlalchemy\dialects\sqlite\aiosqlite.py", line 162, in execute
    self.await_(_cursor.execute(operation, parameters))
  File "C:\Users\Play\AppData\Local\Programs\Python\Python311\Lib\site-packages\sqlalchemy\util\_concurrency_py3k.py", line 132, in await_only
    return current.parent.switch(awaitable)  # type: ignore[no-any-return,attr-defined] # noqa: E501
           ^^^^^^^^^^^^^^^^^^^^^^^^^^^^^^^^
  File "C:\Users\Play\AppData\Local\Programs\Python\Python311\Lib\site-packages\sqlalchemy\util\_concurrency_py3k.py", line 196, in greenlet_spawn
    value = await result
            ^^^^^^^^^^^^
  File "C:\Users\Play\AppData\Local\Programs\Python\Python311\Lib\site-packages\aiosqlite\cursor.py", line 40, in execute
    await self._execute(self._cursor.execute, sql, parameters)
  File "C:\Users\Play\AppData\Local\Programs\Python\Python311\Lib\site-packages\aiosqlite\cursor.py", line 32, in _execute
    return await self._conn._execute(fn, *args, **kwargs)
           ^^^^^^^^^^^^^^^^^^^^^^^^^^^^^^^^^^^^^^^^^^^^^^
  File "C:\Users\Play\AppData\Local\Programs\Python\Python311\Lib\site-packages\aiosqlite\core.py", line 133, in _execute
    return await future
           ^^^^^^^^^^^^
  File "C:\Users\Play\AppData\Local\Programs\Python\Python311\Lib\site-packages\aiosqlite\core.py", line 65, in _connection_worker_thread
    result = function()
             ^^^^^^^^^^
sqlalchemy.exc.OperationalError: (sqlite3.OperationalError) no such table: orders
[SQL: SELECT orders.id, orders.dispatcher_id, orders.state, orders.content, orders.normalized_content, orders.is_vip, orders.created_at, orders.updated_at, orders.confirmed_at, orders.sent_at, orders.closed_at 
FROM orders 
WHERE orders.dispatcher_id = ? ORDER BY orders.created_at DESC]
[parameters: (5782455721,)]
(Background on this error at: https://sqlalche.me/e/20/e3q8)
2025-12-16 23:44:01,577 - src.bot.handlers.order_handlers - ERROR - Error listing orders: (sqlite3.OperationalError) no such table: orders
[SQL: SELECT orders.id, orders.dispatcher_id, orders.state, orders.content, orders.normalized_content, orders.is_vip, orders.created_at, orders.updated_at, orders.confirmed_at, orders.sent_at, orders.closed_at 
FROM orders 
WHERE orders.dispatcher_id = ? ORDER BY orders.created_at DESC]
[parameters: (5782455721,)]
(Background on this error at: https://sqlalche.me/e/20/e3q8)
Traceback (most recent call last):
  File "C:\Users\Play\AppData\Local\Programs\Python\Python311\Lib\site-packages\sqlalchemy\engine\base.py", line 1967, in _exec_single_context
    self.dialect.do_execute(
  File "C:\Users\Play\AppData\Local\Programs\Python\Python311\Lib\site-packages\sqlalchemy\engine\default.py", line 951, in do_execute
    cursor.execute(statement, parameters)
  File "C:\Users\Play\AppData\Local\Programs\Python\Python311\Lib\site-packages\sqlalchemy\dialects\sqlite\aiosqlite.py", line 180, in execute
    self._adapt_connection._handle_exception(error)
  File "C:\Users\Play\AppData\Local\Programs\Python\Python311\Lib\site-packages\sqlalchemy\dialects\sqlite\aiosqlite.py", line 340, in _handle_exception
    raise error
  File "C:\Users\Play\AppData\Local\Programs\Python\Python311\Lib\site-packages\sqlalchemy\dialects\sqlite\aiosqlite.py", line 162, in execute
    self.await_(_cursor.execute(operation, parameters))
  File "C:\Users\Play\AppData\Local\Programs\Python\Python311\Lib\site-packages\sqlalchemy\util\_concurrency_py3k.py", line 132, in await_only
    return current.parent.switch(awaitable)  # type: ignore[no-any-return,attr-defined] # noqa: E501
           ^^^^^^^^^^^^^^^^^^^^^^^^^^^^^^^^
  File "C:\Users\Play\AppData\Local\Programs\Python\Python311\Lib\site-packages\sqlalchemy\util\_concurrency_py3k.py", line 196, in greenlet_spawn
    value = await result
            ^^^^^^^^^^^^
  File "C:\Users\Play\AppData\Local\Programs\Python\Python311\Lib\site-packages\aiosqlite\cursor.py", line 40, in execute
    await self._execute(self._cursor.execute, sql, parameters)
  File "C:\Users\Play\AppData\Local\Programs\Python\Python311\Lib\site-packages\aiosqlite\cursor.py", line 32, in _execute
    return await self._conn._execute(fn, *args, **kwargs)
           ^^^^^^^^^^^^^^^^^^^^^^^^^^^^^^^^^^^^^^^^^^^^^^
  File "C:\Users\Play\AppData\Local\Programs\Python\Python311\Lib\site-packages\aiosqlite\core.py", line 133, in _execute
    return await future
           ^^^^^^^^^^^^
  File "C:\Users\Play\AppData\Local\Programs\Python\Python311\Lib\site-packages\aiosqlite\core.py", line 65, in _connection_worker_thread
    result = function()
             ^^^^^^^^^^
sqlite3.OperationalError: no such table: orders

The above exception was the direct cause of the following exception:

Traceback (most recent call last):
  File "C:\Users\Play\Desktop\disp-tax\src\bot\handlers\order_handlers.py", line 250, in list_orders
    orders = await OrderService.get_dispatcher_orders(
             ^^^^^^^^^^^^^^^^^^^^^^^^^^^^^^^^^^^^^^^^^
  File "C:\Users\Play\Desktop\disp-tax\src\services\order_service.py", line 381, in get_dispatcher_orders
    result = await session.execute(query)
             ^^^^^^^^^^^^^^^^^^^^^^^^^^^^
  File "C:\Users\Play\AppData\Local\Programs\Python\Python311\Lib\site-packages\sqlalchemy\ext\asyncio\session.py", line 449, in execute
    result = await greenlet_spawn(
             ^^^^^^^^^^^^^^^^^^^^^
  File "C:\Users\Play\AppData\Local\Programs\Python\Python311\Lib\site-packages\sqlalchemy\util\_concurrency_py3k.py", line 201, in greenlet_spawn
    result = context.throw(*sys.exc_info())
             ^^^^^^^^^^^^^^^^^^^^^^^^^^^^^^
  File "C:\Users\Play\AppData\Local\Programs\Python\Python311\Lib\site-packages\sqlalchemy\orm\session.py", line 2351, in execute
    return self._execute_internal(
           ^^^^^^^^^^^^^^^^^^^^^^^
  File "C:\Users\Play\AppData\Local\Programs\Python\Python311\Lib\site-packages\sqlalchemy\orm\session.py", line 2249, in _execute_internal
    result: Result[Any] = compile_state_cls.orm_execute_statement(
                          ^^^^^^^^^^^^^^^^^^^^^^^^^^^^^^^^^^^^^^^^
  File "C:\Users\Play\AppData\Local\Programs\Python\Python311\Lib\site-packages\sqlalchemy\orm\context.py", line 306, in orm_execute_statement
    result = conn.execute(
             ^^^^^^^^^^^^^
  File "C:\Users\Play\AppData\Local\Programs\Python\Python311\Lib\site-packages\sqlalchemy\engine\base.py", line 1419, in execute
    return meth(
           ^^^^^
  File "C:\Users\Play\AppData\Local\Programs\Python\Python311\Lib\site-packages\sqlalchemy\sql\elements.py", line 526, in _execute_on_connection
    return connection._execute_clauseelement(
           ^^^^^^^^^^^^^^^^^^^^^^^^^^^^^^^^^^
  File "C:\Users\Play\AppData\Local\Programs\Python\Python311\Lib\site-packages\sqlalchemy\engine\base.py", line 1641, in _execute_clauseelement
    ret = self._execute_context(
          ^^^^^^^^^^^^^^^^^^^^^^
  File "C:\Users\Play\AppData\Local\Programs\Python\Python311\Lib\site-packages\sqlalchemy\engine\base.py", line 1846, in _execute_context
    return self._exec_single_context(
           ^^^^^^^^^^^^^^^^^^^^^^^^^^
  File "C:\Users\Play\AppData\Local\Programs\Python\Python311\Lib\site-packages\sqlalchemy\engine\base.py", line 1986, in _exec_single_context
    self._handle_dbapi_exception(
  File "C:\Users\Play\AppData\Local\Programs\Python\Python311\Lib\site-packages\sqlalchemy\engine\base.py", line 2355, in _handle_dbapi_exception
    raise sqlalchemy_exception.with_traceback(exc_info[2]) from e
  File "C:\Users\Play\AppData\Local\Programs\Python\Python311\Lib\site-packages\sqlalchemy\engine\base.py", line 1967, in _exec_single_context
    self.dialect.do_execute(
  File "C:\Users\Play\AppData\Local\Programs\Python\Python311\Lib\site-packages\sqlalchemy\engine\default.py", line 951, in do_execute
    cursor.execute(statement, parameters)
  File "C:\Users\Play\AppData\Local\Programs\Python\Python311\Lib\site-packages\sqlalchemy\dialects\sqlite\aiosqlite.py", line 180, in execute
    self._adapt_connection._handle_exception(error)
  File "C:\Users\Play\AppData\Local\Programs\Python\Python311\Lib\site-packages\sqlalchemy\dialects\sqlite\aiosqlite.py", line 340, in _handle_exception
    raise error
  File "C:\Users\Play\AppData\Local\Programs\Python\Python311\Lib\site-packages\sqlalchemy\dialects\sqlite\aiosqlite.py", line 162, in execute
    self.await_(_cursor.execute(operation, parameters))
  File "C:\Users\Play\AppData\Local\Programs\Python\Python311\Lib\site-packages\sqlalchemy\util\_concurrency_py3k.py", line 132, in await_only
    return current.parent.switch(awaitable)  # type: ignore[no-any-return,attr-defined] # noqa: E501
           ^^^^^^^^^^^^^^^^^^^^^^^^^^^^^^^^
  File "C:\Users\Play\AppData\Local\Programs\Python\Python311\Lib\site-packages\sqlalchemy\util\_concurrency_py3k.py", line 196, in greenlet_spawn
    value = await result
            ^^^^^^^^^^^^
  File "C:\Users\Play\AppData\Local\Programs\Python\Python311\Lib\site-packages\aiosqlite\cursor.py", line 40, in execute
    await self._execute(self._cursor.execute, sql, parameters)
  File "C:\Users\Play\AppData\Local\Programs\Python\Python311\Lib\site-packages\aiosqlite\cursor.py", line 32, in _execute
    return await self._conn._execute(fn, *args, **kwargs)
           ^^^^^^^^^^^^^^^^^^^^^^^^^^^^^^^^^^^^^^^^^^^^^^
  File "C:\Users\Play\AppData\Local\Programs\Python\Python311\Lib\site-packages\aiosqlite\core.py", line 133, in _execute
    return await future
           ^^^^^^^^^^^^
  File "C:\Users\Play\AppData\Local\Programs\Python\Python311\Lib\site-packages\aiosqlite\core.py", line 65, in _connection_worker_thread
    result = function()
             ^^^^^^^^^^
sqlalchemy.exc.OperationalError: (sqlite3.OperationalError) no such table: orders
[SQL: SELECT orders.id, orders.dispatcher_id, orders.state, orders.content, orders.normalized_content, orders.is_vip, orders.created_at, orders.updated_at, orders.confirmed_at, orders.sent_at, orders.closed_at 
FROM orders 
WHERE orders.dispatcher_id = ? ORDER BY orders.created_at DESC]
[parameters: (5782455721,)]
(Background on this error at: https://sqlalche.me/e/20/e3q8)
2025-12-16 23:44:01,808 - aiogram.event - INFO - Update id=873021206 is not handled. Duration 234 ms by bot id=8589419100
2025-12-16 23:44:01,808 - aiogram.event - INFO - Update id=873021206 is not handled. Duration 234 ms by bot id=8589419100
2025-12-16 23:49:09,539 - __main__ - INFO - {"event": "Starting Telegram Dispatcher Platform...", "logger": "__main__", "level": "info", "timestamp": "2025-12-16T20:49:09.539874Z"}
2025-12-16 23:49:09,539 - __main__ - INFO - {"event": "Starting Telegram Dispatcher Platform...", "logger": "__main__", "level": "info", "timestamp": "2025-12-16T20:49:09.539874Z"}
2025-12-16 23:49:09,934 - __main__ - INFO - {"event": "Bot started. Press Ctrl+C to stop.", "logger": "__main__", "level": "info", "timestamp": "2025-12-16T20:49:09.934951Z"}
2025-12-16 23:49:09,934 - __main__ - INFO - {"event": "Bot started. Press Ctrl+C to stop.", "logger": "__main__", "level": "info", "timestamp": "2025-12-16T20:49:09.934951Z"}
2025-12-16 23:49:09,935 - aiogram.dispatcher - INFO - Start polling
2025-12-16 23:49:09,935 - aiogram.dispatcher - INFO - Start polling
2025-12-16 23:49:10,332 - aiogram.dispatcher - INFO - Run polling for bot @disp_hunter_bot id=8589419100 - 'Disp_Hunter'
2025-12-16 23:49:10,332 - aiogram.dispatcher - INFO - Run polling for bot @disp_hunter_bot id=8589419100 - 'Disp_Hunter'
2025-12-16 23:50:19,685 - aiogram.dispatcher - ERROR - Failed to fetch updates - TelegramNetworkError: HTTP Client says - ServerDisconnectedError: Server disconnected
2025-12-16 23:50:19,685 - aiogram.dispatcher - ERROR - Failed to fetch updates - TelegramNetworkError: HTTP Client says - ServerDisconnectedError: Server disconnected
2025-12-16 23:50:19,686 - aiogram.dispatcher - WARNING - Sleep for 1.000000 seconds and try again... (tryings = 0, bot id = 8589419100)
2025-12-16 23:50:19,686 - aiogram.dispatcher - WARNING - Sleep for 1.000000 seconds and try again... (tryings = 0, bot id = 8589419100)
2025-12-16 23:50:31,018 - aiogram.dispatcher - INFO - Connection established (tryings = 1, bot id = 8589419100)
2025-12-16 23:50:31,018 - aiogram.dispatcher - INFO - Connection established (tryings = 1, bot id = 8589419100)
2025-12-16 23:52:51,936 - src.bot.middleware.logging_middleware - INFO - Message received: /start from user 5782455721
2025-12-16 23:52:51,936 - src.bot.middleware.logging_middleware - INFO - Message received: /start from user 5782455721
2025-12-16 23:52:52,295 - src.bot.middleware.logging_middleware - INFO - Handler completed successfully
2025-12-16 23:52:52,295 - src.bot.middleware.logging_middleware - INFO - Handler completed successfully
2025-12-16 23:52:52,296 - aiogram.event - INFO - Update id=873021207 is handled. Duration 359 ms by bot id=8589419100
2025-12-16 23:52:52,296 - aiogram.event - INFO - Update id=873021207 is handled. Duration 359 ms by bot id=8589419100
2025-12-16 23:52:54,116 - src.bot.middleware.logging_middleware - INFO - Callback received: order:list from user 5782455721
2025-12-16 23:52:54,116 - src.bot.middleware.logging_middleware - INFO - Callback received: order:list from user 5782455721
2025-12-16 23:52:54,137 - src.bot.handlers.order_handlers - ERROR - Error listing orders: (sqlite3.OperationalError) no such table: orders
[SQL: SELECT orders.id, orders.dispatcher_id, orders.state, orders.content, orders.normalized_content, orders.is_vip, orders.created_at, orders.updated_at, orders.confirmed_at, orders.sent_at, orders.closed_at 
FROM orders 
WHERE orders.dispatcher_id = ? ORDER BY orders.created_at DESC]
[parameters: (5782455721,)]
(Background on this error at: https://sqlalche.me/e/20/e3q8)
Traceback (most recent call last):
  File "C:\Users\Play\AppData\Local\Programs\Python\Python311\Lib\site-packages\sqlalchemy\engine\base.py", line 1967, in _exec_single_context
    self.dialect.do_execute(
  File "C:\Users\Play\AppData\Local\Programs\Python\Python311\Lib\site-packages\sqlalchemy\engine\default.py", line 951, in do_execute
    cursor.execute(statement, parameters)
  File "C:\Users\Play\AppData\Local\Programs\Python\Python311\Lib\site-packages\sqlalchemy\dialects\sqlite\aiosqlite.py", line 180, in execute
    self._adapt_connection._handle_exception(error)
  File "C:\Users\Play\AppData\Local\Programs\Python\Python311\Lib\site-packages\sqlalchemy\dialects\sqlite\aiosqlite.py", line 340, in _handle_exception
    raise error
  File "C:\Users\Play\AppData\Local\Programs\Python\Python311\Lib\site-packages\sqlalchemy\dialects\sqlite\aiosqlite.py", line 162, in execute
    self.await_(_cursor.execute(operation, parameters))
  File "C:\Users\Play\AppData\Local\Programs\Python\Python311\Lib\site-packages\sqlalchemy\util\_concurrency_py3k.py", line 132, in await_only
    return current.parent.switch(awaitable)  # type: ignore[no-any-return,attr-defined] # noqa: E501
           ^^^^^^^^^^^^^^^^^^^^^^^^^^^^^^^^
  File "C:\Users\Play\AppData\Local\Programs\Python\Python311\Lib\site-packages\sqlalchemy\util\_concurrency_py3k.py", line 196, in greenlet_spawn
    value = await result
            ^^^^^^^^^^^^
  File "C:\Users\Play\AppData\Local\Programs\Python\Python311\Lib\site-packages\aiosqlite\cursor.py", line 40, in execute
    await self._execute(self._cursor.execute, sql, parameters)
  File "C:\Users\Play\AppData\Local\Programs\Python\Python311\Lib\site-packages\aiosqlite\cursor.py", line 32, in _execute
    return await self._conn._execute(fn, *args, **kwargs)
           ^^^^^^^^^^^^^^^^^^^^^^^^^^^^^^^^^^^^^^^^^^^^^^
  File "C:\Users\Play\AppData\Local\Programs\Python\Python311\Lib\site-packages\aiosqlite\core.py", line 133, in _execute
    return await future
           ^^^^^^^^^^^^
  File "C:\Users\Play\AppData\Local\Programs\Python\Python311\Lib\site-packages\aiosqlite\core.py", line 65, in _connection_worker_thread
    result = function()
             ^^^^^^^^^^
sqlite3.OperationalError: no such table: orders

The above exception was the direct cause of the following exception:

Traceback (most recent call last):
  File "C:\Users\Play\Desktop\disp-tax\src\bot\handlers\order_handlers.py", line 250, in list_orders
    orders = await OrderService.get_dispatcher_orders(
             ^^^^^^^^^^^^^^^^^^^^^^^^^^^^^^^^^^^^^^^^^
  File "C:\Users\Play\Desktop\disp-tax\src\services\order_service.py", line 381, in get_dispatcher_orders
    result = await session.execute(query)
             ^^^^^^^^^^^^^^^^^^^^^^^^^^^^
  File "C:\Users\Play\AppData\Local\Programs\Python\Python311\Lib\site-packages\sqlalchemy\ext\asyncio\session.py", line 449, in execute
    result = await greenlet_spawn(
             ^^^^^^^^^^^^^^^^^^^^^
  File "C:\Users\Play\AppData\Local\Programs\Python\Python311\Lib\site-packages\sqlalchemy\util\_concurrency_py3k.py", line 201, in greenlet_spawn
    result = context.throw(*sys.exc_info())
             ^^^^^^^^^^^^^^^^^^^^^^^^^^^^^^
  File "C:\Users\Play\AppData\Local\Programs\Python\Python311\Lib\site-packages\sqlalchemy\orm\session.py", line 2351, in execute
    return self._execute_internal(
           ^^^^^^^^^^^^^^^^^^^^^^^
  File "C:\Users\Play\AppData\Local\Programs\Python\Python311\Lib\site-packages\sqlalchemy\orm\session.py", line 2249, in _execute_internal
    result: Result[Any] = compile_state_cls.orm_execute_statement(
                          ^^^^^^^^^^^^^^^^^^^^^^^^^^^^^^^^^^^^^^^^
  File "C:\Users\Play\AppData\Local\Programs\Python\Python311\Lib\site-packages\sqlalchemy\orm\context.py", line 306, in orm_execute_statement
    result = conn.execute(
             ^^^^^^^^^^^^^
  File "C:\Users\Play\AppData\Local\Programs\Python\Python311\Lib\site-packages\sqlalchemy\engine\base.py", line 1419, in execute
    return meth(
           ^^^^^
  File "C:\Users\Play\AppData\Local\Programs\Python\Python311\Lib\site-packages\sqlalchemy\sql\elements.py", line 526, in _execute_on_connection
    return connection._execute_clauseelement(
           ^^^^^^^^^^^^^^^^^^^^^^^^^^^^^^^^^^
  File "C:\Users\Play\AppData\Local\Programs\Python\Python311\Lib\site-packages\sqlalchemy\engine\base.py", line 1641, in _execute_clauseelement
    ret = self._execute_context(
          ^^^^^^^^^^^^^^^^^^^^^^
  File "C:\Users\Play\AppData\Local\Programs\Python\Python311\Lib\site-packages\sqlalchemy\engine\base.py", line 1846, in _execute_context
    return self._exec_single_context(
           ^^^^^^^^^^^^^^^^^^^^^^^^^^
  File "C:\Users\Play\AppData\Local\Programs\Python\Python311\Lib\site-packages\sqlalchemy\engine\base.py", line 1986, in _exec_single_context
    self._handle_dbapi_exception(
  File "C:\Users\Play\AppData\Local\Programs\Python\Python311\Lib\site-packages\sqlalchemy\engine\base.py", line 2355, in _handle_dbapi_exception
    raise sqlalchemy_exception.with_traceback(exc_info[2]) from e
  File "C:\Users\Play\AppData\Local\Programs\Python\Python311\Lib\site-packages\sqlalchemy\engine\base.py", line 1967, in _exec_single_context
    self.dialect.do_execute(
  File "C:\Users\Play\AppData\Local\Programs\Python\Python311\Lib\site-packages\sqlalchemy\engine\default.py", line 951, in do_execute
    cursor.execute(statement, parameters)
  File "C:\Users\Play\AppData\Local\Programs\Python\Python311\Lib\site-packages\sqlalchemy\dialects\sqlite\aiosqlite.py", line 180, in execute
    self._adapt_connection._handle_exception(error)
  File "C:\Users\Play\AppData\Local\Programs\Python\Python311\Lib\site-packages\sqlalchemy\dialects\sqlite\aiosqlite.py", line 340, in _handle_exception
    raise error
  File "C:\Users\Play\AppData\Local\Programs\Python\Python311\Lib\site-packages\sqlalchemy\dialects\sqlite\aiosqlite.py", line 162, in execute
    self.await_(_cursor.execute(operation, parameters))
  File "C:\Users\Play\AppData\Local\Programs\Python\Python311\Lib\site-packages\sqlalchemy\util\_concurrency_py3k.py", line 132, in await_only
    return current.parent.switch(awaitable)  # type: ignore[no-any-return,attr-defined] # noqa: E501
           ^^^^^^^^^^^^^^^^^^^^^^^^^^^^^^^^
  File "C:\Users\Play\AppData\Local\Programs\Python\Python311\Lib\site-packages\sqlalchemy\util\_concurrency_py3k.py", line 196, in greenlet_spawn
    value = await result
            ^^^^^^^^^^^^
  File "C:\Users\Play\AppData\Local\Programs\Python\Python311\Lib\site-packages\aiosqlite\cursor.py", line 40, in execute
    await self._execute(self._cursor.execute, sql, parameters)
  File "C:\Users\Play\AppData\Local\Programs\Python\Python311\Lib\site-packages\aiosqlite\cursor.py", line 32, in _execute
    return await self._conn._execute(fn, *args, **kwargs)
           ^^^^^^^^^^^^^^^^^^^^^^^^^^^^^^^^^^^^^^^^^^^^^^
  File "C:\Users\Play\AppData\Local\Programs\Python\Python311\Lib\site-packages\aiosqlite\core.py", line 133, in _execute
    return await future
           ^^^^^^^^^^^^
  File "C:\Users\Play\AppData\Local\Programs\Python\Python311\Lib\site-packages\aiosqlite\core.py", line 65, in _connection_worker_thread
    result = function()
             ^^^^^^^^^^
sqlalchemy.exc.OperationalError: (sqlite3.OperationalError) no such table: orders
[SQL: SELECT orders.id, orders.dispatcher_id, orders.state, orders.content, orders.normalized_content, orders.is_vip, orders.created_at, orders.updated_at, orders.confirmed_at, orders.sent_at, orders.closed_at 
FROM orders 
WHERE orders.dispatcher_id = ? ORDER BY orders.created_at DESC]
[parameters: (5782455721,)]
(Background on this error at: https://sqlalche.me/e/20/e3q8)
2025-12-16 23:52:54,137 - src.bot.handlers.order_handlers - ERROR - Error listing orders: (sqlite3.OperationalError) no such table: orders
[SQL: SELECT orders.id, orders.dispatcher_id, orders.state, orders.content, orders.normalized_content, orders.is_vip, orders.created_at, orders.updated_at, orders.confirmed_at, orders.sent_at, orders.closed_at 
FROM orders 
WHERE orders.dispatcher_id = ? ORDER BY orders.created_at DESC]
[parameters: (5782455721,)]
(Background on this error at: https://sqlalche.me/e/20/e3q8)
Traceback (most recent call last):
  File "C:\Users\Play\AppData\Local\Programs\Python\Python311\Lib\site-packages\sqlalchemy\engine\base.py", line 1967, in _exec_single_context
    self.dialect.do_execute(
  File "C:\Users\Play\AppData\Local\Programs\Python\Python311\Lib\site-packages\sqlalchemy\engine\default.py", line 951, in do_execute
    cursor.execute(statement, parameters)
  File "C:\Users\Play\AppData\Local\Programs\Python\Python311\Lib\site-packages\sqlalchemy\dialects\sqlite\aiosqlite.py", line 180, in execute
    self._adapt_connection._handle_exception(error)
  File "C:\Users\Play\AppData\Local\Programs\Python\Python311\Lib\site-packages\sqlalchemy\dialects\sqlite\aiosqlite.py", line 340, in _handle_exception
    raise error
  File "C:\Users\Play\AppData\Local\Programs\Python\Python311\Lib\site-packages\sqlalchemy\dialects\sqlite\aiosqlite.py", line 162, in execute
    self.await_(_cursor.execute(operation, parameters))
  File "C:\Users\Play\AppData\Local\Programs\Python\Python311\Lib\site-packages\sqlalchemy\util\_concurrency_py3k.py", line 132, in await_only
    return current.parent.switch(awaitable)  # type: ignore[no-any-return,attr-defined] # noqa: E501
           ^^^^^^^^^^^^^^^^^^^^^^^^^^^^^^^^
  File "C:\Users\Play\AppData\Local\Programs\Python\Python311\Lib\site-packages\sqlalchemy\util\_concurrency_py3k.py", line 196, in greenlet_spawn
    value = await result
            ^^^^^^^^^^^^
  File "C:\Users\Play\AppData\Local\Programs\Python\Python311\Lib\site-packages\aiosqlite\cursor.py", line 40, in execute
    await self._execute(self._cursor.execute, sql, parameters)
  File "C:\Users\Play\AppData\Local\Programs\Python\Python311\Lib\site-packages\aiosqlite\cursor.py", line 32, in _execute
    return await self._conn._execute(fn, *args, **kwargs)
           ^^^^^^^^^^^^^^^^^^^^^^^^^^^^^^^^^^^^^^^^^^^^^^
  File "C:\Users\Play\AppData\Local\Programs\Python\Python311\Lib\site-packages\aiosqlite\core.py", line 133, in _execute
    return await future
           ^^^^^^^^^^^^
  File "C:\Users\Play\AppData\Local\Programs\Python\Python311\Lib\site-packages\aiosqlite\core.py", line 65, in _connection_worker_thread
    result = function()
             ^^^^^^^^^^
sqlite3.OperationalError: no such table: orders

The above exception was the direct cause of the following exception:

Traceback (most recent call last):
  File "C:\Users\Play\Desktop\disp-tax\src\bot\handlers\order_handlers.py", line 250, in list_orders
    orders = await OrderService.get_dispatcher_orders(
             ^^^^^^^^^^^^^^^^^^^^^^^^^^^^^^^^^^^^^^^^^
  File "C:\Users\Play\Desktop\disp-tax\src\services\order_service.py", line 381, in get_dispatcher_orders
    result = await session.execute(query)
             ^^^^^^^^^^^^^^^^^^^^^^^^^^^^
  File "C:\Users\Play\AppData\Local\Programs\Python\Python311\Lib\site-packages\sqlalchemy\ext\asyncio\session.py", line 449, in execute
    result = await greenlet_spawn(
             ^^^^^^^^^^^^^^^^^^^^^
  File "C:\Users\Play\AppData\Local\Programs\Python\Python311\Lib\site-packages\sqlalchemy\util\_concurrency_py3k.py", line 201, in greenlet_spawn
    result = context.throw(*sys.exc_info())
             ^^^^^^^^^^^^^^^^^^^^^^^^^^^^^^
  File "C:\Users\Play\AppData\Local\Programs\Python\Python311\Lib\site-packages\sqlalchemy\orm\session.py", line 2351, in execute
    return self._execute_internal(
           ^^^^^^^^^^^^^^^^^^^^^^^
  File "C:\Users\Play\AppData\Local\Programs\Python\Python311\Lib\site-packages\sqlalchemy\orm\session.py", line 2249, in _execute_internal
    result: Result[Any] = compile_state_cls.orm_execute_statement(
                          ^^^^^^^^^^^^^^^^^^^^^^^^^^^^^^^^^^^^^^^^
  File "C:\Users\Play\AppData\Local\Programs\Python\Python311\Lib\site-packages\sqlalchemy\orm\context.py", line 306, in orm_execute_statement
    result = conn.execute(
             ^^^^^^^^^^^^^
  File "C:\Users\Play\AppData\Local\Programs\Python\Python311\Lib\site-packages\sqlalchemy\engine\base.py", line 1419, in execute
    return meth(
           ^^^^^
  File "C:\Users\Play\AppData\Local\Programs\Python\Python311\Lib\site-packages\sqlalchemy\sql\elements.py", line 526, in _execute_on_connection
    return connection._execute_clauseelement(
           ^^^^^^^^^^^^^^^^^^^^^^^^^^^^^^^^^^
  File "C:\Users\Play\AppData\Local\Programs\Python\Python311\Lib\site-packages\sqlalchemy\engine\base.py", line 1641, in _execute_clauseelement
    ret = self._execute_context(
          ^^^^^^^^^^^^^^^^^^^^^^
  File "C:\Users\Play\AppData\Local\Programs\Python\Python311\Lib\site-packages\sqlalchemy\engine\base.py", line 1846, in _execute_context
    return self._exec_single_context(
           ^^^^^^^^^^^^^^^^^^^^^^^^^^
  File "C:\Users\Play\AppData\Local\Programs\Python\Python311\Lib\site-packages\sqlalchemy\engine\base.py", line 1986, in _exec_single_context
    self._handle_dbapi_exception(
  File "C:\Users\Play\AppData\Local\Programs\Python\Python311\Lib\site-packages\sqlalchemy\engine\base.py", line 2355, in _handle_dbapi_exception
    raise sqlalchemy_exception.with_traceback(exc_info[2]) from e
  File "C:\Users\Play\AppData\Local\Programs\Python\Python311\Lib\site-packages\sqlalchemy\engine\base.py", line 1967, in _exec_single_context
    self.dialect.do_execute(
  File "C:\Users\Play\AppData\Local\Programs\Python\Python311\Lib\site-packages\sqlalchemy\engine\default.py", line 951, in do_execute
    cursor.execute(statement, parameters)
  File "C:\Users\Play\AppData\Local\Programs\Python\Python311\Lib\site-packages\sqlalchemy\dialects\sqlite\aiosqlite.py", line 180, in execute
    self._adapt_connection._handle_exception(error)
  File "C:\Users\Play\AppData\Local\Programs\Python\Python311\Lib\site-packages\sqlalchemy\dialects\sqlite\aiosqlite.py", line 340, in _handle_exception
    raise error
  File "C:\Users\Play\AppData\Local\Programs\Python\Python311\Lib\site-packages\sqlalchemy\dialects\sqlite\aiosqlite.py", line 162, in execute
    self.await_(_cursor.execute(operation, parameters))
  File "C:\Users\Play\AppData\Local\Programs\Python\Python311\Lib\site-packages\sqlalchemy\util\_concurrency_py3k.py", line 132, in await_only
    return current.parent.switch(awaitable)  # type: ignore[no-any-return,attr-defined] # noqa: E501
           ^^^^^^^^^^^^^^^^^^^^^^^^^^^^^^^^
  File "C:\Users\Play\AppData\Local\Programs\Python\Python311\Lib\site-packages\sqlalchemy\util\_concurrency_py3k.py", line 196, in greenlet_spawn
    value = await result
            ^^^^^^^^^^^^
  File "C:\Users\Play\AppData\Local\Programs\Python\Python311\Lib\site-packages\aiosqlite\cursor.py", line 40, in execute
    await self._execute(self._cursor.execute, sql, parameters)
  File "C:\Users\Play\AppData\Local\Programs\Python\Python311\Lib\site-packages\aiosqlite\cursor.py", line 32, in _execute
    return await self._conn._execute(fn, *args, **kwargs)
           ^^^^^^^^^^^^^^^^^^^^^^^^^^^^^^^^^^^^^^^^^^^^^^
  File "C:\Users\Play\AppData\Local\Programs\Python\Python311\Lib\site-packages\aiosqlite\core.py", line 133, in _execute
    return await future
           ^^^^^^^^^^^^
  File "C:\Users\Play\AppData\Local\Programs\Python\Python311\Lib\site-packages\aiosqlite\core.py", line 65, in _connection_worker_thread
    result = function()
             ^^^^^^^^^^
sqlalchemy.exc.OperationalError: (sqlite3.OperationalError) no such table: orders
[SQL: SELECT orders.id, orders.dispatcher_id, orders.state, orders.content, orders.normalized_content, orders.is_vip, orders.created_at, orders.updated_at, orders.confirmed_at, orders.sent_at, orders.closed_at 
FROM orders 
WHERE orders.dispatcher_id = ? ORDER BY orders.created_at DESC]
[parameters: (5782455721,)]
(Background on this error at: https://sqlalche.me/e/20/e3q8)
2025-12-16 23:52:54,378 - aiogram.event - INFO - Update id=873021208 is not handled. Duration 266 ms by bot id=8589419100
2025-12-16 23:52:54,378 - aiogram.event - INFO - Update id=873021208 is not handled. Duration 266 ms by bot id=8589419100
2025-12-16 23:52:55,834 - src.bot.middleware.logging_middleware - INFO - Callback received: order:new from user 5782455721
2025-12-16 23:52:55,834 - src.bot.middleware.logging_middleware - INFO - Callback received: order:new from user 5782455721
2025-12-16 23:52:56,042 - src.bot.middleware.logging_middleware - INFO - Handler completed successfully
2025-12-16 23:52:56,042 - src.bot.middleware.logging_middleware - INFO - Handler completed successfully
2025-12-16 23:52:56,043 - aiogram.event - INFO - Update id=873021209 is handled. Duration 218 ms by bot id=8589419100
2025-12-16 23:52:56,043 - aiogram.event - INFO - Update id=873021209 is handled. Duration 218 ms by bot id=8589419100
2025-12-16 23:52:59,963 - src.bot.middleware.logging_middleware - INFO - Message received: /start from user 5782455721
2025-12-16 23:52:59,963 - src.bot.middleware.logging_middleware - INFO - Message received: /start from user 5782455721
2025-12-16 23:53:00,056 - src.bot.middleware.logging_middleware - INFO - Handler completed successfully
2025-12-16 23:53:00,056 - src.bot.middleware.logging_middleware - INFO - Handler completed successfully
2025-12-16 23:53:00,057 - aiogram.event - INFO - Update id=873021210 is handled. Duration 92 ms by bot id=8589419100
2025-12-16 23:53:00,057 - aiogram.event - INFO - Update id=873021210 is handled. Duration 92 ms by bot id=8589419100
2025-12-16 23:53:01,157 - src.bot.middleware.logging_middleware - INFO - Callback received: settings from user 5782455721
2025-12-16 23:53:01,157 - src.bot.middleware.logging_middleware - INFO - Callback received: settings from user 5782455721
2025-12-16 23:53:01,159 - src.bot.handlers.settings_handlers - ERROR - Error in settings menu: (sqlite3.OperationalError) no such table: dispatchers
[SQL: SELECT dispatchers.id, dispatchers.telegram_id, dispatchers.username, dispatchers.first_name, dispatchers.last_name, dispatchers.session_file, dispatchers.session_active, dispatchers.session_expires_at, dispatchers.created_at, dispatchers.updated_at 
FROM dispatchers 
WHERE dispatchers.telegram_id = ?]
[parameters: (5782455721,)]
(Background on this error at: https://sqlalche.me/e/20/e3q8)
Traceback (most recent call last):
  File "C:\Users\Play\AppData\Local\Programs\Python\Python311\Lib\site-packages\sqlalchemy\engine\base.py", line 1967, in _exec_single_context
    self.dialect.do_execute(
  File "C:\Users\Play\AppData\Local\Programs\Python\Python311\Lib\site-packages\sqlalchemy\engine\default.py", line 951, in do_execute
    cursor.execute(statement, parameters)
  File "C:\Users\Play\AppData\Local\Programs\Python\Python311\Lib\site-packages\sqlalchemy\dialects\sqlite\aiosqlite.py", line 180, in execute
    self._adapt_connection._handle_exception(error)
  File "C:\Users\Play\AppData\Local\Programs\Python\Python311\Lib\site-packages\sqlalchemy\dialects\sqlite\aiosqlite.py", line 340, in _handle_exception
    raise error
  File "C:\Users\Play\AppData\Local\Programs\Python\Python311\Lib\site-packages\sqlalchemy\dialects\sqlite\aiosqlite.py", line 162, in execute
    self.await_(_cursor.execute(operation, parameters))
  File "C:\Users\Play\AppData\Local\Programs\Python\Python311\Lib\site-packages\sqlalchemy\util\_concurrency_py3k.py", line 132, in await_only
    return current.parent.switch(awaitable)  # type: ignore[no-any-return,attr-defined] # noqa: E501
           ^^^^^^^^^^^^^^^^^^^^^^^^^^^^^^^^
  File "C:\Users\Play\AppData\Local\Programs\Python\Python311\Lib\site-packages\sqlalchemy\util\_concurrency_py3k.py", line 196, in greenlet_spawn
    value = await result
            ^^^^^^^^^^^^
  File "C:\Users\Play\AppData\Local\Programs\Python\Python311\Lib\site-packages\aiosqlite\cursor.py", line 40, in execute
    await self._execute(self._cursor.execute, sql, parameters)
  File "C:\Users\Play\AppData\Local\Programs\Python\Python311\Lib\site-packages\aiosqlite\cursor.py", line 32, in _execute
    return await self._conn._execute(fn, *args, **kwargs)
           ^^^^^^^^^^^^^^^^^^^^^^^^^^^^^^^^^^^^^^^^^^^^^^
  File "C:\Users\Play\AppData\Local\Programs\Python\Python311\Lib\site-packages\aiosqlite\core.py", line 133, in _execute
    return await future
           ^^^^^^^^^^^^
  File "C:\Users\Play\AppData\Local\Programs\Python\Python311\Lib\site-packages\aiosqlite\core.py", line 65, in _connection_worker_thread
    result = function()
             ^^^^^^^^^^
sqlite3.OperationalError: no such table: dispatchers

The above exception was the direct cause of the following exception:

Traceback (most recent call last):
  File "C:\Users\Play\Desktop\disp-tax\src\bot\handlers\settings_handlers.py", line 19, in settings_menu
    # Проверка, зарегистрирован ли диспетчер
          ^^^^^^^^^^^^^^^^^^^^^^^^^^^^^^^^^^
  File "C:\Users\Play\AppData\Local\Programs\Python\Python311\Lib\site-packages\sqlalchemy\ext\asyncio\session.py", line 449, in execute
    result = await greenlet_spawn(
             ^^^^^^^^^^^^^^^^^^^^^
  File "C:\Users\Play\AppData\Local\Programs\Python\Python311\Lib\site-packages\sqlalchemy\util\_concurrency_py3k.py", line 201, in greenlet_spawn
    result = context.throw(*sys.exc_info())
             ^^^^^^^^^^^^^^^^^^^^^^^^^^^^^^
  File "C:\Users\Play\AppData\Local\Programs\Python\Python311\Lib\site-packages\sqlalchemy\orm\session.py", line 2351, in execute
    return self._execute_internal(
           ^^^^^^^^^^^^^^^^^^^^^^^
  File "C:\Users\Play\AppData\Local\Programs\Python\Python311\Lib\site-packages\sqlalchemy\orm\session.py", line 2249, in _execute_internal
    result: Result[Any] = compile_state_cls.orm_execute_statement(
                          ^^^^^^^^^^^^^^^^^^^^^^^^^^^^^^^^^^^^^^^^
  File "C:\Users\Play\AppData\Local\Programs\Python\Python311\Lib\site-packages\sqlalchemy\orm\context.py", line 306, in orm_execute_statement
    result = conn.execute(
             ^^^^^^^^^^^^^
  File "C:\Users\Play\AppData\Local\Programs\Python\Python311\Lib\site-packages\sqlalchemy\engine\base.py", line 1419, in execute
    return meth(
           ^^^^^
  File "C:\Users\Play\AppData\Local\Programs\Python\Python311\Lib\site-packages\sqlalchemy\sql\elements.py", line 526, in _execute_on_connection
    return connection._execute_clauseelement(
           ^^^^^^^^^^^^^^^^^^^^^^^^^^^^^^^^^^
  File "C:\Users\Play\AppData\Local\Programs\Python\Python311\Lib\site-packages\sqlalchemy\engine\base.py", line 1641, in _execute_clauseelement
    ret = self._execute_context(
          ^^^^^^^^^^^^^^^^^^^^^^
  File "C:\Users\Play\AppData\Local\Programs\Python\Python311\Lib\site-packages\sqlalchemy\engine\base.py", line 1846, in _execute_context
    return self._exec_single_context(
           ^^^^^^^^^^^^^^^^^^^^^^^^^^
  File "C:\Users\Play\AppData\Local\Programs\Python\Python311\Lib\site-packages\sqlalchemy\engine\base.py", line 1986, in _exec_single_context
    self._handle_dbapi_exception(
  File "C:\Users\Play\AppData\Local\Programs\Python\Python311\Lib\site-packages\sqlalchemy\engine\base.py", line 2355, in _handle_dbapi_exception
    raise sqlalchemy_exception.with_traceback(exc_info[2]) from e
  File "C:\Users\Play\AppData\Local\Programs\Python\Python311\Lib\site-packages\sqlalchemy\engine\base.py", line 1967, in _exec_single_context
    self.dialect.do_execute(
  File "C:\Users\Play\AppData\Local\Programs\Python\Python311\Lib\site-packages\sqlalchemy\engine\default.py", line 951, in do_execute
    cursor.execute(statement, parameters)
  File "C:\Users\Play\AppData\Local\Programs\Python\Python311\Lib\site-packages\sqlalchemy\dialects\sqlite\aiosqlite.py", line 180, in execute
    self._adapt_connection._handle_exception(error)
  File "C:\Users\Play\AppData\Local\Programs\Python\Python311\Lib\site-packages\sqlalchemy\dialects\sqlite\aiosqlite.py", line 340, in _handle_exception
    raise error
  File "C:\Users\Play\AppData\Local\Programs\Python\Python311\Lib\site-packages\sqlalchemy\dialects\sqlite\aiosqlite.py", line 162, in execute
    self.await_(_cursor.execute(operation, parameters))
  File "C:\Users\Play\AppData\Local\Programs\Python\Python311\Lib\site-packages\sqlalchemy\util\_concurrency_py3k.py", line 132, in await_only
    return current.parent.switch(awaitable)  # type: ignore[no-any-return,attr-defined] # noqa: E501
           ^^^^^^^^^^^^^^^^^^^^^^^^^^^^^^^^
  File "C:\Users\Play\AppData\Local\Programs\Python\Python311\Lib\site-packages\sqlalchemy\util\_concurrency_py3k.py", line 196, in greenlet_spawn
    value = await result
            ^^^^^^^^^^^^
  File "C:\Users\Play\AppData\Local\Programs\Python\Python311\Lib\site-packages\aiosqlite\cursor.py", line 40, in execute
    await self._execute(self._cursor.execute, sql, parameters)
  File "C:\Users\Play\AppData\Local\Programs\Python\Python311\Lib\site-packages\aiosqlite\cursor.py", line 32, in _execute
    return await self._conn._execute(fn, *args, **kwargs)
           ^^^^^^^^^^^^^^^^^^^^^^^^^^^^^^^^^^^^^^^^^^^^^^
  File "C:\Users\Play\AppData\Local\Programs\Python\Python311\Lib\site-packages\aiosqlite\core.py", line 133, in _execute
    return await future
           ^^^^^^^^^^^^
  File "C:\Users\Play\AppData\Local\Programs\Python\Python311\Lib\site-packages\aiosqlite\core.py", line 65, in _connection_worker_thread
    result = function()
             ^^^^^^^^^^
sqlalchemy.exc.OperationalError: (sqlite3.OperationalError) no such table: dispatchers
[SQL: SELECT dispatchers.id, dispatchers.telegram_id, dispatchers.username, dispatchers.first_name, dispatchers.last_name, dispatchers.session_file, dispatchers.session_active, dispatchers.session_expires_at, dispatchers.created_at, dispatchers.updated_at 
FROM dispatchers 
WHERE dispatchers.telegram_id = ?]
[parameters: (5782455721,)]
(Background on this error at: https://sqlalche.me/e/20/e3q8)
2025-12-16 23:53:01,159 - src.bot.handlers.settings_handlers - ERROR - Error in settings menu: (sqlite3.OperationalError) no such table: dispatchers
[SQL: SELECT dispatchers.id, dispatchers.telegram_id, dispatchers.username, dispatchers.first_name, dispatchers.last_name, dispatchers.session_file, dispatchers.session_active, dispatchers.session_expires_at, dispatchers.created_at, dispatchers.updated_at 
FROM dispatchers 
WHERE dispatchers.telegram_id = ?]
[parameters: (5782455721,)]
(Background on this error at: https://sqlalche.me/e/20/e3q8)
Traceback (most recent call last):
  File "C:\Users\Play\AppData\Local\Programs\Python\Python311\Lib\site-packages\sqlalchemy\engine\base.py", line 1967, in _exec_single_context
    self.dialect.do_execute(
  File "C:\Users\Play\AppData\Local\Programs\Python\Python311\Lib\site-packages\sqlalchemy\engine\default.py", line 951, in do_execute
    cursor.execute(statement, parameters)
  File "C:\Users\Play\AppData\Local\Programs\Python\Python311\Lib\site-packages\sqlalchemy\dialects\sqlite\aiosqlite.py", line 180, in execute
    self._adapt_connection._handle_exception(error)
  File "C:\Users\Play\AppData\Local\Programs\Python\Python311\Lib\site-packages\sqlalchemy\dialects\sqlite\aiosqlite.py", line 340, in _handle_exception
    raise error
  File "C:\Users\Play\AppData\Local\Programs\Python\Python311\Lib\site-packages\sqlalchemy\dialects\sqlite\aiosqlite.py", line 162, in execute
    self.await_(_cursor.execute(operation, parameters))
  File "C:\Users\Play\AppData\Local\Programs\Python\Python311\Lib\site-packages\sqlalchemy\util\_concurrency_py3k.py", line 132, in await_only
    return current.parent.switch(awaitable)  # type: ignore[no-any-return,attr-defined] # noqa: E501
           ^^^^^^^^^^^^^^^^^^^^^^^^^^^^^^^^
  File "C:\Users\Play\AppData\Local\Programs\Python\Python311\Lib\site-packages\sqlalchemy\util\_concurrency_py3k.py", line 196, in greenlet_spawn
    value = await result
            ^^^^^^^^^^^^
  File "C:\Users\Play\AppData\Local\Programs\Python\Python311\Lib\site-packages\aiosqlite\cursor.py", line 40, in execute
    await self._execute(self._cursor.execute, sql, parameters)
  File "C:\Users\Play\AppData\Local\Programs\Python\Python311\Lib\site-packages\aiosqlite\cursor.py", line 32, in _execute
    return await self._conn._execute(fn, *args, **kwargs)
           ^^^^^^^^^^^^^^^^^^^^^^^^^^^^^^^^^^^^^^^^^^^^^^
  File "C:\Users\Play\AppData\Local\Programs\Python\Python311\Lib\site-packages\aiosqlite\core.py", line 133, in _execute
    return await future
           ^^^^^^^^^^^^
  File "C:\Users\Play\AppData\Local\Programs\Python\Python311\Lib\site-packages\aiosqlite\core.py", line 65, in _connection_worker_thread
    result = function()
             ^^^^^^^^^^
sqlite3.OperationalError: no such table: dispatchers

The above exception was the direct cause of the following exception:

Traceback (most recent call last):
  File "C:\Users\Play\Desktop\disp-tax\src\bot\handlers\settings_handlers.py", line 19, in settings_menu
    # Проверка, зарегистрирован ли диспетчер
          ^^^^^^^^^^^^^^^^^^^^^^^^^^^^^^^^^^
  File "C:\Users\Play\AppData\Local\Programs\Python\Python311\Lib\site-packages\sqlalchemy\ext\asyncio\session.py", line 449, in execute
    result = await greenlet_spawn(
             ^^^^^^^^^^^^^^^^^^^^^
  File "C:\Users\Play\AppData\Local\Programs\Python\Python311\Lib\site-packages\sqlalchemy\util\_concurrency_py3k.py", line 201, in greenlet_spawn
    result = context.throw(*sys.exc_info())
             ^^^^^^^^^^^^^^^^^^^^^^^^^^^^^^
  File "C:\Users\Play\AppData\Local\Programs\Python\Python311\Lib\site-packages\sqlalchemy\orm\session.py", line 2351, in execute
    return self._execute_internal(
           ^^^^^^^^^^^^^^^^^^^^^^^
  File "C:\Users\Play\AppData\Local\Programs\Python\Python311\Lib\site-packages\sqlalchemy\orm\session.py", line 2249, in _execute_internal
    result: Result[Any] = compile_state_cls.orm_execute_statement(
                          ^^^^^^^^^^^^^^^^^^^^^^^^^^^^^^^^^^^^^^^^
  File "C:\Users\Play\AppData\Local\Programs\Python\Python311\Lib\site-packages\sqlalchemy\orm\context.py", line 306, in orm_execute_statement
    result = conn.execute(
             ^^^^^^^^^^^^^
  File "C:\Users\Play\AppData\Local\Programs\Python\Python311\Lib\site-packages\sqlalchemy\engine\base.py", line 1419, in execute
    return meth(
           ^^^^^
  File "C:\Users\Play\AppData\Local\Programs\Python\Python311\Lib\site-packages\sqlalchemy\sql\elements.py", line 526, in _execute_on_connection
    return connection._execute_clauseelement(
           ^^^^^^^^^^^^^^^^^^^^^^^^^^^^^^^^^^
  File "C:\Users\Play\AppData\Local\Programs\Python\Python311\Lib\site-packages\sqlalchemy\engine\base.py", line 1641, in _execute_clauseelement
    ret = self._execute_context(
          ^^^^^^^^^^^^^^^^^^^^^^
  File "C:\Users\Play\AppData\Local\Programs\Python\Python311\Lib\site-packages\sqlalchemy\engine\base.py", line 1846, in _execute_context
    return self._exec_single_context(
           ^^^^^^^^^^^^^^^^^^^^^^^^^^
  File "C:\Users\Play\AppData\Local\Programs\Python\Python311\Lib\site-packages\sqlalchemy\engine\base.py", line 1986, in _exec_single_context
    self._handle_dbapi_exception(
  File "C:\Users\Play\AppData\Local\Programs\Python\Python311\Lib\site-packages\sqlalchemy\engine\base.py", line 2355, in _handle_dbapi_exception
    raise sqlalchemy_exception.with_traceback(exc_info[2]) from e
  File "C:\Users\Play\AppData\Local\Programs\Python\Python311\Lib\site-packages\sqlalchemy\engine\base.py", line 1967, in _exec_single_context
    self.dialect.do_execute(
  File "C:\Users\Play\AppData\Local\Programs\Python\Python311\Lib\site-packages\sqlalchemy\engine\default.py", line 951, in do_execute
    cursor.execute(statement, parameters)
  File "C:\Users\Play\AppData\Local\Programs\Python\Python311\Lib\site-packages\sqlalchemy\dialects\sqlite\aiosqlite.py", line 180, in execute
    self._adapt_connection._handle_exception(error)
  File "C:\Users\Play\AppData\Local\Programs\Python\Python311\Lib\site-packages\sqlalchemy\dialects\sqlite\aiosqlite.py", line 340, in _handle_exception
    raise error
  File "C:\Users\Play\AppData\Local\Programs\Python\Python311\Lib\site-packages\sqlalchemy\dialects\sqlite\aiosqlite.py", line 162, in execute
    self.await_(_cursor.execute(operation, parameters))
  File "C:\Users\Play\AppData\Local\Programs\Python\Python311\Lib\site-packages\sqlalchemy\util\_concurrency_py3k.py", line 132, in await_only
    return current.parent.switch(awaitable)  # type: ignore[no-any-return,attr-defined] # noqa: E501
           ^^^^^^^^^^^^^^^^^^^^^^^^^^^^^^^^
  File "C:\Users\Play\AppData\Local\Programs\Python\Python311\Lib\site-packages\sqlalchemy\util\_concurrency_py3k.py", line 196, in greenlet_spawn
    value = await result
            ^^^^^^^^^^^^
  File "C:\Users\Play\AppData\Local\Programs\Python\Python311\Lib\site-packages\aiosqlite\cursor.py", line 40, in execute
    await self._execute(self._cursor.execute, sql, parameters)
  File "C:\Users\Play\AppData\Local\Programs\Python\Python311\Lib\site-packages\aiosqlite\cursor.py", line 32, in _execute
    return await self._conn._execute(fn, *args, **kwargs)
           ^^^^^^^^^^^^^^^^^^^^^^^^^^^^^^^^^^^^^^^^^^^^^^
  File "C:\Users\Play\AppData\Local\Programs\Python\Python311\Lib\site-packages\aiosqlite\core.py", line 133, in _execute
    return await future
           ^^^^^^^^^^^^
  File "C:\Users\Play\AppData\Local\Programs\Python\Python311\Lib\site-packages\aiosqlite\core.py", line 65, in _connection_worker_thread
    result = function()
             ^^^^^^^^^^
sqlalchemy.exc.OperationalError: (sqlite3.OperationalError) no such table: dispatchers
[SQL: SELECT dispatchers.id, dispatchers.telegram_id, dispatchers.username, dispatchers.first_name, dispatchers.last_name, dispatchers.session_file, dispatchers.session_active, dispatchers.session_expires_at, dispatchers.created_at, dispatchers.updated_at 
FROM dispatchers 
WHERE dispatchers.telegram_id = ?]
[parameters: (5782455721,)]
(Background on this error at: https://sqlalche.me/e/20/e3q8)
2025-12-16 23:53:01,251 - src.bot.middleware.error_handler - ERROR - Error in handler: Telegram server says - Bad Request: MESSAGE_TOO_LONG
Traceback (most recent call last):
  File "C:\Users\Play\AppData\Local\Programs\Python\Python311\Lib\site-packages\sqlalchemy\engine\base.py", line 1967, in _exec_single_context
    self.dialect.do_execute(
  File "C:\Users\Play\AppData\Local\Programs\Python\Python311\Lib\site-packages\sqlalchemy\engine\default.py", line 951, in do_execute
    cursor.execute(statement, parameters)
  File "C:\Users\Play\AppData\Local\Programs\Python\Python311\Lib\site-packages\sqlalchemy\dialects\sqlite\aiosqlite.py", line 180, in execute
    self._adapt_connection._handle_exception(error)
  File "C:\Users\Play\AppData\Local\Programs\Python\Python311\Lib\site-packages\sqlalchemy\dialects\sqlite\aiosqlite.py", line 340, in _handle_exception
    raise error
  File "C:\Users\Play\AppData\Local\Programs\Python\Python311\Lib\site-packages\sqlalchemy\dialects\sqlite\aiosqlite.py", line 162, in execute
    self.await_(_cursor.execute(operation, parameters))
  File "C:\Users\Play\AppData\Local\Programs\Python\Python311\Lib\site-packages\sqlalchemy\util\_concurrency_py3k.py", line 132, in await_only
    return current.parent.switch(awaitable)  # type: ignore[no-any-return,attr-defined] # noqa: E501
           ^^^^^^^^^^^^^^^^^^^^^^^^^^^^^^^^
  File "C:\Users\Play\AppData\Local\Programs\Python\Python311\Lib\site-packages\sqlalchemy\util\_concurrency_py3k.py", line 196, in greenlet_spawn
    value = await result
            ^^^^^^^^^^^^
  File "C:\Users\Play\AppData\Local\Programs\Python\Python311\Lib\site-packages\aiosqlite\cursor.py", line 40, in execute
    await self._execute(self._cursor.execute, sql, parameters)
  File "C:\Users\Play\AppData\Local\Programs\Python\Python311\Lib\site-packages\aiosqlite\cursor.py", line 32, in _execute
    return await self._conn._execute(fn, *args, **kwargs)
           ^^^^^^^^^^^^^^^^^^^^^^^^^^^^^^^^^^^^^^^^^^^^^^
  File "C:\Users\Play\AppData\Local\Programs\Python\Python311\Lib\site-packages\aiosqlite\core.py", line 133, in _execute
    return await future
           ^^^^^^^^^^^^
  File "C:\Users\Play\AppData\Local\Programs\Python\Python311\Lib\site-packages\aiosqlite\core.py", line 65, in _connection_worker_thread
    result = function()
             ^^^^^^^^^^
sqlite3.OperationalError: no such table: dispatchers

The above exception was the direct cause of the following exception:

Traceback (most recent call last):
  File "C:\Users\Play\Desktop\disp-tax\src\bot\handlers\settings_handlers.py", line 19, in settings_menu
    # Проверка, зарегистрирован ли диспетчер
          ^^^^^^^^^^^^^^^^^^^^^^^^^^^^^^^^^^
  File "C:\Users\Play\AppData\Local\Programs\Python\Python311\Lib\site-packages\sqlalchemy\ext\asyncio\session.py", line 449, in execute
    result = await greenlet_spawn(
             ^^^^^^^^^^^^^^^^^^^^^
  File "C:\Users\Play\AppData\Local\Programs\Python\Python311\Lib\site-packages\sqlalchemy\util\_concurrency_py3k.py", line 201, in greenlet_spawn
    result = context.throw(*sys.exc_info())
             ^^^^^^^^^^^^^^^^^^^^^^^^^^^^^^
  File "C:\Users\Play\AppData\Local\Programs\Python\Python311\Lib\site-packages\sqlalchemy\orm\session.py", line 2351, in execute
    return self._execute_internal(
           ^^^^^^^^^^^^^^^^^^^^^^^
  File "C:\Users\Play\AppData\Local\Programs\Python\Python311\Lib\site-packages\sqlalchemy\orm\session.py", line 2249, in _execute_internal
    result: Result[Any] = compile_state_cls.orm_execute_statement(
                          ^^^^^^^^^^^^^^^^^^^^^^^^^^^^^^^^^^^^^^^^
  File "C:\Users\Play\AppData\Local\Programs\Python\Python311\Lib\site-packages\sqlalchemy\orm\context.py", line 306, in orm_execute_statement
    result = conn.execute(
             ^^^^^^^^^^^^^
  File "C:\Users\Play\AppData\Local\Programs\Python\Python311\Lib\site-packages\sqlalchemy\engine\base.py", line 1419, in execute
    return meth(
           ^^^^^
  File "C:\Users\Play\AppData\Local\Programs\Python\Python311\Lib\site-packages\sqlalchemy\sql\elements.py", line 526, in _execute_on_connection
    return connection._execute_clauseelement(
           ^^^^^^^^^^^^^^^^^^^^^^^^^^^^^^^^^^
  File "C:\Users\Play\AppData\Local\Programs\Python\Python311\Lib\site-packages\sqlalchemy\engine\base.py", line 1641, in _execute_clauseelement
    ret = self._execute_context(
          ^^^^^^^^^^^^^^^^^^^^^^
  File "C:\Users\Play\AppData\Local\Programs\Python\Python311\Lib\site-packages\sqlalchemy\engine\base.py", line 1846, in _execute_context
    return self._exec_single_context(
           ^^^^^^^^^^^^^^^^^^^^^^^^^^
  File "C:\Users\Play\AppData\Local\Programs\Python\Python311\Lib\site-packages\sqlalchemy\engine\base.py", line 1986, in _exec_single_context
    self._handle_dbapi_exception(
  File "C:\Users\Play\AppData\Local\Programs\Python\Python311\Lib\site-packages\sqlalchemy\engine\base.py", line 2355, in _handle_dbapi_exception
    raise sqlalchemy_exception.with_traceback(exc_info[2]) from e
  File "C:\Users\Play\AppData\Local\Programs\Python\Python311\Lib\site-packages\sqlalchemy\engine\base.py", line 1967, in _exec_single_context
    self.dialect.do_execute(
  File "C:\Users\Play\AppData\Local\Programs\Python\Python311\Lib\site-packages\sqlalchemy\engine\default.py", line 951, in do_execute
    cursor.execute(statement, parameters)
  File "C:\Users\Play\AppData\Local\Programs\Python\Python311\Lib\site-packages\sqlalchemy\dialects\sqlite\aiosqlite.py", line 180, in execute
    self._adapt_connection._handle_exception(error)
  File "C:\Users\Play\AppData\Local\Programs\Python\Python311\Lib\site-packages\sqlalchemy\dialects\sqlite\aiosqlite.py", line 340, in _handle_exception
    raise error
  File "C:\Users\Play\AppData\Local\Programs\Python\Python311\Lib\site-packages\sqlalchemy\dialects\sqlite\aiosqlite.py", line 162, in execute
    self.await_(_cursor.execute(operation, parameters))
  File "C:\Users\Play\AppData\Local\Programs\Python\Python311\Lib\site-packages\sqlalchemy\util\_concurrency_py3k.py", line 132, in await_only
    return current.parent.switch(awaitable)  # type: ignore[no-any-return,attr-defined] # noqa: E501
           ^^^^^^^^^^^^^^^^^^^^^^^^^^^^^^^^
  File "C:\Users\Play\AppData\Local\Programs\Python\Python311\Lib\site-packages\sqlalchemy\util\_concurrency_py3k.py", line 196, in greenlet_spawn
    value = await result
            ^^^^^^^^^^^^
  File "C:\Users\Play\AppData\Local\Programs\Python\Python311\Lib\site-packages\aiosqlite\cursor.py", line 40, in execute
    await self._execute(self._cursor.execute, sql, parameters)
  File "C:\Users\Play\AppData\Local\Programs\Python\Python311\Lib\site-packages\aiosqlite\cursor.py", line 32, in _execute
    return await self._conn._execute(fn, *args, **kwargs)
           ^^^^^^^^^^^^^^^^^^^^^^^^^^^^^^^^^^^^^^^^^^^^^^
  File "C:\Users\Play\AppData\Local\Programs\Python\Python311\Lib\site-packages\aiosqlite\core.py", line 133, in _execute
    return await future
           ^^^^^^^^^^^^
  File "C:\Users\Play\AppData\Local\Programs\Python\Python311\Lib\site-packages\aiosqlite\core.py", line 65, in _connection_worker_thread
    result = function()
             ^^^^^^^^^^
sqlalchemy.exc.OperationalError: (sqlite3.OperationalError) no such table: dispatchers
[SQL: SELECT dispatchers.id, dispatchers.telegram_id, dispatchers.username, dispatchers.first_name, dispatchers.last_name, dispatchers.session_file, dispatchers.session_active, dispatchers.session_expires_at, dispatchers.created_at, dispatchers.updated_at 
FROM dispatchers 
WHERE dispatchers.telegram_id = ?]
[parameters: (5782455721,)]
(Background on this error at: https://sqlalche.me/e/20/e3q8)

During handling of the above exception, another exception occurred:

Traceback (most recent call last):
  File "C:\Users\Play\Desktop\disp-tax\src\bot\middleware\error_handler.py", line 21, in __call__
    return await handler(event, data)
           ^^^^^^^^^^^^^^^^^^^^^^^^^^
  File "C:\Users\Play\Desktop\disp-tax\src\bot\middleware\database.py", line 22, in __call__
    result = await handler(event, data)
             ^^^^^^^^^^^^^^^^^^^^^^^^^^
  File "C:\Users\Play\AppData\Local\Programs\Python\Python311\Lib\site-packages\aiogram\dispatcher\event\handler.py", line 43, in call
    return await wrapped()
           ^^^^^^^^^^^^^^^
  File "C:\Users\Play\Desktop\disp-tax\src\bot\handlers\settings_handlers.py", line 46, in settings_menu
    logger.error(f"Error in settings menu: {e}", exc_info=True)
  File "C:\Users\Play\AppData\Local\Programs\Python\Python311\Lib\site-packages\aiogram\methods\base.py", line 84, in emit
    return await bot(self)
           ^^^^^^^^^^^^^^^
  File "C:\Users\Play\AppData\Local\Programs\Python\Python311\Lib\site-packages\aiogram\client\bot.py", line 485, in __call__
    return await self.session(self, method, timeout=request_timeout)
           ^^^^^^^^^^^^^^^^^^^^^^^^^^^^^^^^^^^^^^^^^^^^^^^^^^^^^^^^^
  File "C:\Users\Play\AppData\Local\Programs\Python\Python311\Lib\site-packages\aiogram\client\session\base.py", line 259, in __call__
    return cast(TelegramType, await middleware(bot, method))
                              ^^^^^^^^^^^^^^^^^^^^^^^^^^^^^
  File "C:\Users\Play\AppData\Local\Programs\Python\Python311\Lib\site-packages\aiogram\client\session\aiohttp.py", line 177, in make_request
    response = self.check_response(
               ^^^^^^^^^^^^^^^^^^^^
  File "C:\Users\Play\AppData\Local\Programs\Python\Python311\Lib\site-packages\aiogram\client\session\base.py", line 121, in check_response
    raise TelegramBadRequest(method=method, message=description)
aiogram.exceptions.TelegramBadRequest: Telegram server says - Bad Request: MESSAGE_TOO_LONG
2025-12-16 23:53:01,251 - src.bot.middleware.error_handler - ERROR - Error in handler: Telegram server says - Bad Request: MESSAGE_TOO_LONG
Traceback (most recent call last):
  File "C:\Users\Play\AppData\Local\Programs\Python\Python311\Lib\site-packages\sqlalchemy\engine\base.py", line 1967, in _exec_single_context
    self.dialect.do_execute(
  File "C:\Users\Play\AppData\Local\Programs\Python\Python311\Lib\site-packages\sqlalchemy\engine\default.py", line 951, in do_execute
    cursor.execute(statement, parameters)
  File "C:\Users\Play\AppData\Local\Programs\Python\Python311\Lib\site-packages\sqlalchemy\dialects\sqlite\aiosqlite.py", line 180, in execute
    self._adapt_connection._handle_exception(error)
  File "C:\Users\Play\AppData\Local\Programs\Python\Python311\Lib\site-packages\sqlalchemy\dialects\sqlite\aiosqlite.py", line 340, in _handle_exception
    raise error
  File "C:\Users\Play\AppData\Local\Programs\Python\Python311\Lib\site-packages\sqlalchemy\dialects\sqlite\aiosqlite.py", line 162, in execute
    self.await_(_cursor.execute(operation, parameters))
  File "C:\Users\Play\AppData\Local\Programs\Python\Python311\Lib\site-packages\sqlalchemy\util\_concurrency_py3k.py", line 132, in await_only
    return current.parent.switch(awaitable)  # type: ignore[no-any-return,attr-defined] # noqa: E501
           ^^^^^^^^^^^^^^^^^^^^^^^^^^^^^^^^
  File "C:\Users\Play\AppData\Local\Programs\Python\Python311\Lib\site-packages\sqlalchemy\util\_concurrency_py3k.py", line 196, in greenlet_spawn
    value = await result
            ^^^^^^^^^^^^
  File "C:\Users\Play\AppData\Local\Programs\Python\Python311\Lib\site-packages\aiosqlite\cursor.py", line 40, in execute
    await self._execute(self._cursor.execute, sql, parameters)
  File "C:\Users\Play\AppData\Local\Programs\Python\Python311\Lib\site-packages\aiosqlite\cursor.py", line 32, in _execute
    return await self._conn._execute(fn, *args, **kwargs)
           ^^^^^^^^^^^^^^^^^^^^^^^^^^^^^^^^^^^^^^^^^^^^^^
  File "C:\Users\Play\AppData\Local\Programs\Python\Python311\Lib\site-packages\aiosqlite\core.py", line 133, in _execute
    return await future
           ^^^^^^^^^^^^
  File "C:\Users\Play\AppData\Local\Programs\Python\Python311\Lib\site-packages\aiosqlite\core.py", line 65, in _connection_worker_thread
    result = function()
             ^^^^^^^^^^
sqlite3.OperationalError: no such table: dispatchers

The above exception was the direct cause of the following exception:

Traceback (most recent call last):
  File "C:\Users\Play\Desktop\disp-tax\src\bot\handlers\settings_handlers.py", line 19, in settings_menu
    # Проверка, зарегистрирован ли диспетчер
          ^^^^^^^^^^^^^^^^^^^^^^^^^^^^^^^^^^
  File "C:\Users\Play\AppData\Local\Programs\Python\Python311\Lib\site-packages\sqlalchemy\ext\asyncio\session.py", line 449, in execute
    result = await greenlet_spawn(
             ^^^^^^^^^^^^^^^^^^^^^
  File "C:\Users\Play\AppData\Local\Programs\Python\Python311\Lib\site-packages\sqlalchemy\util\_concurrency_py3k.py", line 201, in greenlet_spawn
    result = context.throw(*sys.exc_info())
             ^^^^^^^^^^^^^^^^^^^^^^^^^^^^^^
  File "C:\Users\Play\AppData\Local\Programs\Python\Python311\Lib\site-packages\sqlalchemy\orm\session.py", line 2351, in execute
    return self._execute_internal(
           ^^^^^^^^^^^^^^^^^^^^^^^
  File "C:\Users\Play\AppData\Local\Programs\Python\Python311\Lib\site-packages\sqlalchemy\orm\session.py", line 2249, in _execute_internal
    result: Result[Any] = compile_state_cls.orm_execute_statement(
                          ^^^^^^^^^^^^^^^^^^^^^^^^^^^^^^^^^^^^^^^^
  File "C:\Users\Play\AppData\Local\Programs\Python\Python311\Lib\site-packages\sqlalchemy\orm\context.py", line 306, in orm_execute_statement
    result = conn.execute(
             ^^^^^^^^^^^^^
  File "C:\Users\Play\AppData\Local\Programs\Python\Python311\Lib\site-packages\sqlalchemy\engine\base.py", line 1419, in execute
    return meth(
           ^^^^^
  File "C:\Users\Play\AppData\Local\Programs\Python\Python311\Lib\site-packages\sqlalchemy\sql\elements.py", line 526, in _execute_on_connection
    return connection._execute_clauseelement(
           ^^^^^^^^^^^^^^^^^^^^^^^^^^^^^^^^^^
  File "C:\Users\Play\AppData\Local\Programs\Python\Python311\Lib\site-packages\sqlalchemy\engine\base.py", line 1641, in _execute_clauseelement
    ret = self._execute_context(
          ^^^^^^^^^^^^^^^^^^^^^^
  File "C:\Users\Play\AppData\Local\Programs\Python\Python311\Lib\site-packages\sqlalchemy\engine\base.py", line 1846, in _execute_context
    return self._exec_single_context(
           ^^^^^^^^^^^^^^^^^^^^^^^^^^
  File "C:\Users\Play\AppData\Local\Programs\Python\Python311\Lib\site-packages\sqlalchemy\engine\base.py", line 1986, in _exec_single_context
    self._handle_dbapi_exception(
  File "C:\Users\Play\AppData\Local\Programs\Python\Python311\Lib\site-packages\sqlalchemy\engine\base.py", line 2355, in _handle_dbapi_exception
    raise sqlalchemy_exception.with_traceback(exc_info[2]) from e
  File "C:\Users\Play\AppData\Local\Programs\Python\Python311\Lib\site-packages\sqlalchemy\engine\base.py", line 1967, in _exec_single_context
    self.dialect.do_execute(
  File "C:\Users\Play\AppData\Local\Programs\Python\Python311\Lib\site-packages\sqlalchemy\engine\default.py", line 951, in do_execute
    cursor.execute(statement, parameters)
  File "C:\Users\Play\AppData\Local\Programs\Python\Python311\Lib\site-packages\sqlalchemy\dialects\sqlite\aiosqlite.py", line 180, in execute
    self._adapt_connection._handle_exception(error)
  File "C:\Users\Play\AppData\Local\Programs\Python\Python311\Lib\site-packages\sqlalchemy\dialects\sqlite\aiosqlite.py", line 340, in _handle_exception
    raise error
  File "C:\Users\Play\AppData\Local\Programs\Python\Python311\Lib\site-packages\sqlalchemy\dialects\sqlite\aiosqlite.py", line 162, in execute
    self.await_(_cursor.execute(operation, parameters))
  File "C:\Users\Play\AppData\Local\Programs\Python\Python311\Lib\site-packages\sqlalchemy\util\_concurrency_py3k.py", line 132, in await_only
    return current.parent.switch(awaitable)  # type: ignore[no-any-return,attr-defined] # noqa: E501
           ^^^^^^^^^^^^^^^^^^^^^^^^^^^^^^^^
  File "C:\Users\Play\AppData\Local\Programs\Python\Python311\Lib\site-packages\sqlalchemy\util\_concurrency_py3k.py", line 196, in greenlet_spawn
    value = await result
            ^^^^^^^^^^^^
  File "C:\Users\Play\AppData\Local\Programs\Python\Python311\Lib\site-packages\aiosqlite\cursor.py", line 40, in execute
    await self._execute(self._cursor.execute, sql, parameters)
  File "C:\Users\Play\AppData\Local\Programs\Python\Python311\Lib\site-packages\aiosqlite\cursor.py", line 32, in _execute
    return await self._conn._execute(fn, *args, **kwargs)
           ^^^^^^^^^^^^^^^^^^^^^^^^^^^^^^^^^^^^^^^^^^^^^^
  File "C:\Users\Play\AppData\Local\Programs\Python\Python311\Lib\site-packages\aiosqlite\core.py", line 133, in _execute
    return await future
           ^^^^^^^^^^^^
  File "C:\Users\Play\AppData\Local\Programs\Python\Python311\Lib\site-packages\aiosqlite\core.py", line 65, in _connection_worker_thread
    result = function()
             ^^^^^^^^^^
sqlalchemy.exc.OperationalError: (sqlite3.OperationalError) no such table: dispatchers
[SQL: SELECT dispatchers.id, dispatchers.telegram_id, dispatchers.username, dispatchers.first_name, dispatchers.last_name, dispatchers.session_file, dispatchers.session_active, dispatchers.session_expires_at, dispatchers.created_at, dispatchers.updated_at 
FROM dispatchers 
WHERE dispatchers.telegram_id = ?]
[parameters: (5782455721,)]
(Background on this error at: https://sqlalche.me/e/20/e3q8)

During handling of the above exception, another exception occurred:

Traceback (most recent call last):
  File "C:\Users\Play\Desktop\disp-tax\src\bot\middleware\error_handler.py", line 21, in __call__
    return await handler(event, data)
           ^^^^^^^^^^^^^^^^^^^^^^^^^^
  File "C:\Users\Play\Desktop\disp-tax\src\bot\middleware\database.py", line 22, in __call__
    result = await handler(event, data)
             ^^^^^^^^^^^^^^^^^^^^^^^^^^
  File "C:\Users\Play\AppData\Local\Programs\Python\Python311\Lib\site-packages\aiogram\dispatcher\event\handler.py", line 43, in call
    return await wrapped()
           ^^^^^^^^^^^^^^^
  File "C:\Users\Play\Desktop\disp-tax\src\bot\handlers\settings_handlers.py", line 46, in settings_menu
    logger.error(f"Error in settings menu: {e}", exc_info=True)
  File "C:\Users\Play\AppData\Local\Programs\Python\Python311\Lib\site-packages\aiogram\methods\base.py", line 84, in emit
    return await bot(self)
           ^^^^^^^^^^^^^^^
  File "C:\Users\Play\AppData\Local\Programs\Python\Python311\Lib\site-packages\aiogram\client\bot.py", line 485, in __call__
    return await self.session(self, method, timeout=request_timeout)
           ^^^^^^^^^^^^^^^^^^^^^^^^^^^^^^^^^^^^^^^^^^^^^^^^^^^^^^^^^
  File "C:\Users\Play\AppData\Local\Programs\Python\Python311\Lib\site-packages\aiogram\client\session\base.py", line 259, in __call__
    return cast(TelegramType, await middleware(bot, method))
                              ^^^^^^^^^^^^^^^^^^^^^^^^^^^^^
  File "C:\Users\Play\AppData\Local\Programs\Python\Python311\Lib\site-packages\aiogram\client\session\aiohttp.py", line 177, in make_request
    response = self.check_response(
               ^^^^^^^^^^^^^^^^^^^^
  File "C:\Users\Play\AppData\Local\Programs\Python\Python311\Lib\site-packages\aiogram\client\session\base.py", line 121, in check_response
    raise TelegramBadRequest(method=method, message=description)
aiogram.exceptions.TelegramBadRequest: Telegram server says - Bad Request: MESSAGE_TOO_LONG
2025-12-16 23:53:01,340 - src.bot.middleware.logging_middleware - ERROR - Handler failed: Telegram server says - Bad Request: MESSAGE_TOO_LONG
Traceback (most recent call last):
  File "C:\Users\Play\AppData\Local\Programs\Python\Python311\Lib\site-packages\sqlalchemy\engine\base.py", line 1967, in _exec_single_context
    self.dialect.do_execute(
  File "C:\Users\Play\AppData\Local\Programs\Python\Python311\Lib\site-packages\sqlalchemy\engine\default.py", line 951, in do_execute
    cursor.execute(statement, parameters)
  File "C:\Users\Play\AppData\Local\Programs\Python\Python311\Lib\site-packages\sqlalchemy\dialects\sqlite\aiosqlite.py", line 180, in execute
    self._adapt_connection._handle_exception(error)
  File "C:\Users\Play\AppData\Local\Programs\Python\Python311\Lib\site-packages\sqlalchemy\dialects\sqlite\aiosqlite.py", line 340, in _handle_exception
    raise error
  File "C:\Users\Play\AppData\Local\Programs\Python\Python311\Lib\site-packages\sqlalchemy\dialects\sqlite\aiosqlite.py", line 162, in execute
    self.await_(_cursor.execute(operation, parameters))
  File "C:\Users\Play\AppData\Local\Programs\Python\Python311\Lib\site-packages\sqlalchemy\util\_concurrency_py3k.py", line 132, in await_only
    return current.parent.switch(awaitable)  # type: ignore[no-any-return,attr-defined] # noqa: E501
           ^^^^^^^^^^^^^^^^^^^^^^^^^^^^^^^^
  File "C:\Users\Play\AppData\Local\Programs\Python\Python311\Lib\site-packages\sqlalchemy\util\_concurrency_py3k.py", line 196, in greenlet_spawn
    value = await result
            ^^^^^^^^^^^^
  File "C:\Users\Play\AppData\Local\Programs\Python\Python311\Lib\site-packages\aiosqlite\cursor.py", line 40, in execute
    await self._execute(self._cursor.execute, sql, parameters)
  File "C:\Users\Play\AppData\Local\Programs\Python\Python311\Lib\site-packages\aiosqlite\cursor.py", line 32, in _execute
    return await self._conn._execute(fn, *args, **kwargs)
           ^^^^^^^^^^^^^^^^^^^^^^^^^^^^^^^^^^^^^^^^^^^^^^
  File "C:\Users\Play\AppData\Local\Programs\Python\Python311\Lib\site-packages\aiosqlite\core.py", line 133, in _execute
    return await future
           ^^^^^^^^^^^^
  File "C:\Users\Play\AppData\Local\Programs\Python\Python311\Lib\site-packages\aiosqlite\core.py", line 65, in _connection_worker_thread
    result = function()
             ^^^^^^^^^^
sqlite3.OperationalError: no such table: dispatchers

The above exception was the direct cause of the following exception:

Traceback (most recent call last):
  File "C:\Users\Play\Desktop\disp-tax\src\bot\handlers\settings_handlers.py", line 19, in settings_menu
    # Проверка, зарегистрирован ли диспетчер
          ^^^^^^^^^^^^^^^^^^^^^^^^^^^^^^^^^^
  File "C:\Users\Play\AppData\Local\Programs\Python\Python311\Lib\site-packages\sqlalchemy\ext\asyncio\session.py", line 449, in execute
    result = await greenlet_spawn(
             ^^^^^^^^^^^^^^^^^^^^^
  File "C:\Users\Play\AppData\Local\Programs\Python\Python311\Lib\site-packages\sqlalchemy\util\_concurrency_py3k.py", line 201, in greenlet_spawn
    result = context.throw(*sys.exc_info())
             ^^^^^^^^^^^^^^^^^^^^^^^^^^^^^^
  File "C:\Users\Play\AppData\Local\Programs\Python\Python311\Lib\site-packages\sqlalchemy\orm\session.py", line 2351, in execute
    return self._execute_internal(
           ^^^^^^^^^^^^^^^^^^^^^^^
  File "C:\Users\Play\AppData\Local\Programs\Python\Python311\Lib\site-packages\sqlalchemy\orm\session.py", line 2249, in _execute_internal
    result: Result[Any] = compile_state_cls.orm_execute_statement(
                          ^^^^^^^^^^^^^^^^^^^^^^^^^^^^^^^^^^^^^^^^
  File "C:\Users\Play\AppData\Local\Programs\Python\Python311\Lib\site-packages\sqlalchemy\orm\context.py", line 306, in orm_execute_statement
    result = conn.execute(
             ^^^^^^^^^^^^^
  File "C:\Users\Play\AppData\Local\Programs\Python\Python311\Lib\site-packages\sqlalchemy\engine\base.py", line 1419, in execute
    return meth(
           ^^^^^
  File "C:\Users\Play\AppData\Local\Programs\Python\Python311\Lib\site-packages\sqlalchemy\sql\elements.py", line 526, in _execute_on_connection
    return connection._execute_clauseelement(
           ^^^^^^^^^^^^^^^^^^^^^^^^^^^^^^^^^^
  File "C:\Users\Play\AppData\Local\Programs\Python\Python311\Lib\site-packages\sqlalchemy\engine\base.py", line 1641, in _execute_clauseelement
    ret = self._execute_context(
          ^^^^^^^^^^^^^^^^^^^^^^
  File "C:\Users\Play\AppData\Local\Programs\Python\Python311\Lib\site-packages\sqlalchemy\engine\base.py", line 1846, in _execute_context
    return self._exec_single_context(
           ^^^^^^^^^^^^^^^^^^^^^^^^^^
  File "C:\Users\Play\AppData\Local\Programs\Python\Python311\Lib\site-packages\sqlalchemy\engine\base.py", line 1986, in _exec_single_context
    self._handle_dbapi_exception(
  File "C:\Users\Play\AppData\Local\Programs\Python\Python311\Lib\site-packages\sqlalchemy\engine\base.py", line 2355, in _handle_dbapi_exception
    raise sqlalchemy_exception.with_traceback(exc_info[2]) from e
  File "C:\Users\Play\AppData\Local\Programs\Python\Python311\Lib\site-packages\sqlalchemy\engine\base.py", line 1967, in _exec_single_context
    self.dialect.do_execute(
  File "C:\Users\Play\AppData\Local\Programs\Python\Python311\Lib\site-packages\sqlalchemy\engine\default.py", line 951, in do_execute
    cursor.execute(statement, parameters)
  File "C:\Users\Play\AppData\Local\Programs\Python\Python311\Lib\site-packages\sqlalchemy\dialects\sqlite\aiosqlite.py", line 180, in execute
    self._adapt_connection._handle_exception(error)
  File "C:\Users\Play\AppData\Local\Programs\Python\Python311\Lib\site-packages\sqlalchemy\dialects\sqlite\aiosqlite.py", line 340, in _handle_exception
    raise error
  File "C:\Users\Play\AppData\Local\Programs\Python\Python311\Lib\site-packages\sqlalchemy\dialects\sqlite\aiosqlite.py", line 162, in execute
    self.await_(_cursor.execute(operation, parameters))
  File "C:\Users\Play\AppData\Local\Programs\Python\Python311\Lib\site-packages\sqlalchemy\util\_concurrency_py3k.py", line 132, in await_only
    return current.parent.switch(awaitable)  # type: ignore[no-any-return,attr-defined] # noqa: E501
           ^^^^^^^^^^^^^^^^^^^^^^^^^^^^^^^^
  File "C:\Users\Play\AppData\Local\Programs\Python\Python311\Lib\site-packages\sqlalchemy\util\_concurrency_py3k.py", line 196, in greenlet_spawn
    value = await result
            ^^^^^^^^^^^^
  File "C:\Users\Play\AppData\Local\Programs\Python\Python311\Lib\site-packages\aiosqlite\cursor.py", line 40, in execute
    await self._execute(self._cursor.execute, sql, parameters)
  File "C:\Users\Play\AppData\Local\Programs\Python\Python311\Lib\site-packages\aiosqlite\cursor.py", line 32, in _execute
    return await self._conn._execute(fn, *args, **kwargs)
           ^^^^^^^^^^^^^^^^^^^^^^^^^^^^^^^^^^^^^^^^^^^^^^
  File "C:\Users\Play\AppData\Local\Programs\Python\Python311\Lib\site-packages\aiosqlite\core.py", line 133, in _execute
    return await future
           ^^^^^^^^^^^^
  File "C:\Users\Play\AppData\Local\Programs\Python\Python311\Lib\site-packages\aiosqlite\core.py", line 65, in _connection_worker_thread
    result = function()
             ^^^^^^^^^^
sqlalchemy.exc.OperationalError: (sqlite3.OperationalError) no such table: dispatchers
[SQL: SELECT dispatchers.id, dispatchers.telegram_id, dispatchers.username, dispatchers.first_name, dispatchers.last_name, dispatchers.session_file, dispatchers.session_active, dispatchers.session_expires_at, dispatchers.created_at, dispatchers.updated_at 
FROM dispatchers 
WHERE dispatchers.telegram_id = ?]
[parameters: (5782455721,)]
(Background on this error at: https://sqlalche.me/e/20/e3q8)

During handling of the above exception, another exception occurred:

Traceback (most recent call last):
  File "C:\Users\Play\Desktop\disp-tax\src\bot\middleware\logging_middleware.py", line 27, in __call__
    result = await handler(event, data)
             ^^^^^^^^^^^^^^^^^^^^^^^^^^
  File "C:\Users\Play\Desktop\disp-tax\src\bot\middleware\error_handler.py", line 21, in __call__
    return await handler(event, data)
           ^^^^^^^^^^^^^^^^^^^^^^^^^^
  File "C:\Users\Play\Desktop\disp-tax\src\bot\middleware\database.py", line 22, in __call__
    result = await handler(event, data)
             ^^^^^^^^^^^^^^^^^^^^^^^^^^
  File "C:\Users\Play\AppData\Local\Programs\Python\Python311\Lib\site-packages\aiogram\dispatcher\event\handler.py", line 43, in call
    return await wrapped()
           ^^^^^^^^^^^^^^^
  File "C:\Users\Play\Desktop\disp-tax\src\bot\handlers\settings_handlers.py", line 46, in settings_menu
    logger.error(f"Error in settings menu: {e}", exc_info=True)
  File "C:\Users\Play\AppData\Local\Programs\Python\Python311\Lib\site-packages\aiogram\methods\base.py", line 84, in emit
    return await bot(self)
           ^^^^^^^^^^^^^^^
  File "C:\Users\Play\AppData\Local\Programs\Python\Python311\Lib\site-packages\aiogram\client\bot.py", line 485, in __call__
    return await self.session(self, method, timeout=request_timeout)
           ^^^^^^^^^^^^^^^^^^^^^^^^^^^^^^^^^^^^^^^^^^^^^^^^^^^^^^^^^
  File "C:\Users\Play\AppData\Local\Programs\Python\Python311\Lib\site-packages\aiogram\client\session\base.py", line 259, in __call__
    return cast(TelegramType, await middleware(bot, method))
                              ^^^^^^^^^^^^^^^^^^^^^^^^^^^^^
  File "C:\Users\Play\AppData\Local\Programs\Python\Python311\Lib\site-packages\aiogram\client\session\aiohttp.py", line 177, in make_request
    response = self.check_response(
               ^^^^^^^^^^^^^^^^^^^^
  File "C:\Users\Play\AppData\Local\Programs\Python\Python311\Lib\site-packages\aiogram\client\session\base.py", line 121, in check_response
    raise TelegramBadRequest(method=method, message=description)
aiogram.exceptions.TelegramBadRequest: Telegram server says - Bad Request: MESSAGE_TOO_LONG
2025-12-16 23:53:01,340 - src.bot.middleware.logging_middleware - ERROR - Handler failed: Telegram server says - Bad Request: MESSAGE_TOO_LONG
Traceback (most recent call last):
  File "C:\Users\Play\AppData\Local\Programs\Python\Python311\Lib\site-packages\sqlalchemy\engine\base.py", line 1967, in _exec_single_context
    self.dialect.do_execute(
  File "C:\Users\Play\AppData\Local\Programs\Python\Python311\Lib\site-packages\sqlalchemy\engine\default.py", line 951, in do_execute
    cursor.execute(statement, parameters)
  File "C:\Users\Play\AppData\Local\Programs\Python\Python311\Lib\site-packages\sqlalchemy\dialects\sqlite\aiosqlite.py", line 180, in execute
    self._adapt_connection._handle_exception(error)
  File "C:\Users\Play\AppData\Local\Programs\Python\Python311\Lib\site-packages\sqlalchemy\dialects\sqlite\aiosqlite.py", line 340, in _handle_exception
    raise error
  File "C:\Users\Play\AppData\Local\Programs\Python\Python311\Lib\site-packages\sqlalchemy\dialects\sqlite\aiosqlite.py", line 162, in execute
    self.await_(_cursor.execute(operation, parameters))
  File "C:\Users\Play\AppData\Local\Programs\Python\Python311\Lib\site-packages\sqlalchemy\util\_concurrency_py3k.py", line 132, in await_only
    return current.parent.switch(awaitable)  # type: ignore[no-any-return,attr-defined] # noqa: E501
           ^^^^^^^^^^^^^^^^^^^^^^^^^^^^^^^^
  File "C:\Users\Play\AppData\Local\Programs\Python\Python311\Lib\site-packages\sqlalchemy\util\_concurrency_py3k.py", line 196, in greenlet_spawn
    value = await result
            ^^^^^^^^^^^^
  File "C:\Users\Play\AppData\Local\Programs\Python\Python311\Lib\site-packages\aiosqlite\cursor.py", line 40, in execute
    await self._execute(self._cursor.execute, sql, parameters)
  File "C:\Users\Play\AppData\Local\Programs\Python\Python311\Lib\site-packages\aiosqlite\cursor.py", line 32, in _execute
    return await self._conn._execute(fn, *args, **kwargs)
           ^^^^^^^^^^^^^^^^^^^^^^^^^^^^^^^^^^^^^^^^^^^^^^
  File "C:\Users\Play\AppData\Local\Programs\Python\Python311\Lib\site-packages\aiosqlite\core.py", line 133, in _execute
    return await future
           ^^^^^^^^^^^^
  File "C:\Users\Play\AppData\Local\Programs\Python\Python311\Lib\site-packages\aiosqlite\core.py", line 65, in _connection_worker_thread
    result = function()
             ^^^^^^^^^^
sqlite3.OperationalError: no such table: dispatchers

The above exception was the direct cause of the following exception:

Traceback (most recent call last):
  File "C:\Users\Play\Desktop\disp-tax\src\bot\handlers\settings_handlers.py", line 19, in settings_menu
    # Проверка, зарегистрирован ли диспетчер
          ^^^^^^^^^^^^^^^^^^^^^^^^^^^^^^^^^^
  File "C:\Users\Play\AppData\Local\Programs\Python\Python311\Lib\site-packages\sqlalchemy\ext\asyncio\session.py", line 449, in execute
    result = await greenlet_spawn(
             ^^^^^^^^^^^^^^^^^^^^^
  File "C:\Users\Play\AppData\Local\Programs\Python\Python311\Lib\site-packages\sqlalchemy\util\_concurrency_py3k.py", line 201, in greenlet_spawn
    result = context.throw(*sys.exc_info())
             ^^^^^^^^^^^^^^^^^^^^^^^^^^^^^^
  File "C:\Users\Play\AppData\Local\Programs\Python\Python311\Lib\site-packages\sqlalchemy\orm\session.py", line 2351, in execute
    return self._execute_internal(
           ^^^^^^^^^^^^^^^^^^^^^^^
  File "C:\Users\Play\AppData\Local\Programs\Python\Python311\Lib\site-packages\sqlalchemy\orm\session.py", line 2249, in _execute_internal
    result: Result[Any] = compile_state_cls.orm_execute_statement(
                          ^^^^^^^^^^^^^^^^^^^^^^^^^^^^^^^^^^^^^^^^
  File "C:\Users\Play\AppData\Local\Programs\Python\Python311\Lib\site-packages\sqlalchemy\orm\context.py", line 306, in orm_execute_statement
    result = conn.execute(
             ^^^^^^^^^^^^^
  File "C:\Users\Play\AppData\Local\Programs\Python\Python311\Lib\site-packages\sqlalchemy\engine\base.py", line 1419, in execute
    return meth(
           ^^^^^
  File "C:\Users\Play\AppData\Local\Programs\Python\Python311\Lib\site-packages\sqlalchemy\sql\elements.py", line 526, in _execute_on_connection
    return connection._execute_clauseelement(
           ^^^^^^^^^^^^^^^^^^^^^^^^^^^^^^^^^^
  File "C:\Users\Play\AppData\Local\Programs\Python\Python311\Lib\site-packages\sqlalchemy\engine\base.py", line 1641, in _execute_clauseelement
    ret = self._execute_context(
          ^^^^^^^^^^^^^^^^^^^^^^
  File "C:\Users\Play\AppData\Local\Programs\Python\Python311\Lib\site-packages\sqlalchemy\engine\base.py", line 1846, in _execute_context
    return self._exec_single_context(
           ^^^^^^^^^^^^^^^^^^^^^^^^^^
  File "C:\Users\Play\AppData\Local\Programs\Python\Python311\Lib\site-packages\sqlalchemy\engine\base.py", line 1986, in _exec_single_context
    self._handle_dbapi_exception(
  File "C:\Users\Play\AppData\Local\Programs\Python\Python311\Lib\site-packages\sqlalchemy\engine\base.py", line 2355, in _handle_dbapi_exception
    raise sqlalchemy_exception.with_traceback(exc_info[2]) from e
  File "C:\Users\Play\AppData\Local\Programs\Python\Python311\Lib\site-packages\sqlalchemy\engine\base.py", line 1967, in _exec_single_context
    self.dialect.do_execute(
  File "C:\Users\Play\AppData\Local\Programs\Python\Python311\Lib\site-packages\sqlalchemy\engine\default.py", line 951, in do_execute
    cursor.execute(statement, parameters)
  File "C:\Users\Play\AppData\Local\Programs\Python\Python311\Lib\site-packages\sqlalchemy\dialects\sqlite\aiosqlite.py", line 180, in execute
    self._adapt_connection._handle_exception(error)
  File "C:\Users\Play\AppData\Local\Programs\Python\Python311\Lib\site-packages\sqlalchemy\dialects\sqlite\aiosqlite.py", line 340, in _handle_exception
    raise error
  File "C:\Users\Play\AppData\Local\Programs\Python\Python311\Lib\site-packages\sqlalchemy\dialects\sqlite\aiosqlite.py", line 162, in execute
    self.await_(_cursor.execute(operation, parameters))
  File "C:\Users\Play\AppData\Local\Programs\Python\Python311\Lib\site-packages\sqlalchemy\util\_concurrency_py3k.py", line 132, in await_only
    return current.parent.switch(awaitable)  # type: ignore[no-any-return,attr-defined] # noqa: E501
           ^^^^^^^^^^^^^^^^^^^^^^^^^^^^^^^^
  File "C:\Users\Play\AppData\Local\Programs\Python\Python311\Lib\site-packages\sqlalchemy\util\_concurrency_py3k.py", line 196, in greenlet_spawn
    value = await result
            ^^^^^^^^^^^^
  File "C:\Users\Play\AppData\Local\Programs\Python\Python311\Lib\site-packages\aiosqlite\cursor.py", line 40, in execute
    await self._execute(self._cursor.execute, sql, parameters)
  File "C:\Users\Play\AppData\Local\Programs\Python\Python311\Lib\site-packages\aiosqlite\cursor.py", line 32, in _execute
    return await self._conn._execute(fn, *args, **kwargs)
           ^^^^^^^^^^^^^^^^^^^^^^^^^^^^^^^^^^^^^^^^^^^^^^
  File "C:\Users\Play\AppData\Local\Programs\Python\Python311\Lib\site-packages\aiosqlite\core.py", line 133, in _execute
    return await future
           ^^^^^^^^^^^^
  File "C:\Users\Play\AppData\Local\Programs\Python\Python311\Lib\site-packages\aiosqlite\core.py", line 65, in _connection_worker_thread
    result = function()
             ^^^^^^^^^^
sqlalchemy.exc.OperationalError: (sqlite3.OperationalError) no such table: dispatchers
[SQL: SELECT dispatchers.id, dispatchers.telegram_id, dispatchers.username, dispatchers.first_name, dispatchers.last_name, dispatchers.session_file, dispatchers.session_active, dispatchers.session_expires_at, dispatchers.created_at, dispatchers.updated_at 
FROM dispatchers 
WHERE dispatchers.telegram_id = ?]
[parameters: (5782455721,)]
(Background on this error at: https://sqlalche.me/e/20/e3q8)

During handling of the above exception, another exception occurred:

Traceback (most recent call last):
  File "C:\Users\Play\Desktop\disp-tax\src\bot\middleware\logging_middleware.py", line 27, in __call__
    result = await handler(event, data)
             ^^^^^^^^^^^^^^^^^^^^^^^^^^
  File "C:\Users\Play\Desktop\disp-tax\src\bot\middleware\error_handler.py", line 21, in __call__
    return await handler(event, data)
           ^^^^^^^^^^^^^^^^^^^^^^^^^^
  File "C:\Users\Play\Desktop\disp-tax\src\bot\middleware\database.py", line 22, in __call__
    result = await handler(event, data)
             ^^^^^^^^^^^^^^^^^^^^^^^^^^
  File "C:\Users\Play\AppData\Local\Programs\Python\Python311\Lib\site-packages\aiogram\dispatcher\event\handler.py", line 43, in call
    return await wrapped()
           ^^^^^^^^^^^^^^^
  File "C:\Users\Play\Desktop\disp-tax\src\bot\handlers\settings_handlers.py", line 46, in settings_menu
    logger.error(f"Error in settings menu: {e}", exc_info=True)
  File "C:\Users\Play\AppData\Local\Programs\Python\Python311\Lib\site-packages\aiogram\methods\base.py", line 84, in emit
    return await bot(self)
           ^^^^^^^^^^^^^^^
  File "C:\Users\Play\AppData\Local\Programs\Python\Python311\Lib\site-packages\aiogram\client\bot.py", line 485, in __call__
    return await self.session(self, method, timeout=request_timeout)
           ^^^^^^^^^^^^^^^^^^^^^^^^^^^^^^^^^^^^^^^^^^^^^^^^^^^^^^^^^
  File "C:\Users\Play\AppData\Local\Programs\Python\Python311\Lib\site-packages\aiogram\client\session\base.py", line 259, in __call__
    return cast(TelegramType, await middleware(bot, method))
                              ^^^^^^^^^^^^^^^^^^^^^^^^^^^^^
  File "C:\Users\Play\AppData\Local\Programs\Python\Python311\Lib\site-packages\aiogram\client\session\aiohttp.py", line 177, in make_request
    response = self.check_response(
               ^^^^^^^^^^^^^^^^^^^^
  File "C:\Users\Play\AppData\Local\Programs\Python\Python311\Lib\site-packages\aiogram\client\session\base.py", line 121, in check_response
    raise TelegramBadRequest(method=method, message=description)
aiogram.exceptions.TelegramBadRequest: Telegram server says - Bad Request: MESSAGE_TOO_LONG
2025-12-16 23:53:01,349 - aiogram.event - INFO - Update id=873021211 is not handled. Duration 188 ms by bot id=8589419100
2025-12-16 23:53:01,349 - aiogram.event - INFO - Update id=873021211 is not handled. Duration 188 ms by bot id=8589419100
2025-12-16 23:53:01,349 - aiogram.event - ERROR - Cause exception while process update id=873021211 by bot id=8589419100
TelegramBadRequest: Telegram server says - Bad Request: MESSAGE_TOO_LONG
Traceback (most recent call last):
  File "C:\Users\Play\AppData\Local\Programs\Python\Python311\Lib\site-packages\sqlalchemy\engine\base.py", line 1967, in _exec_single_context
    self.dialect.do_execute(
  File "C:\Users\Play\AppData\Local\Programs\Python\Python311\Lib\site-packages\sqlalchemy\engine\default.py", line 951, in do_execute
    cursor.execute(statement, parameters)
  File "C:\Users\Play\AppData\Local\Programs\Python\Python311\Lib\site-packages\sqlalchemy\dialects\sqlite\aiosqlite.py", line 180, in execute
    self._adapt_connection._handle_exception(error)
  File "C:\Users\Play\AppData\Local\Programs\Python\Python311\Lib\site-packages\sqlalchemy\dialects\sqlite\aiosqlite.py", line 340, in _handle_exception
    raise error
  File "C:\Users\Play\AppData\Local\Programs\Python\Python311\Lib\site-packages\sqlalchemy\dialects\sqlite\aiosqlite.py", line 162, in execute
    self.await_(_cursor.execute(operation, parameters))
  File "C:\Users\Play\AppData\Local\Programs\Python\Python311\Lib\site-packages\sqlalchemy\util\_concurrency_py3k.py", line 132, in await_only
    return current.parent.switch(awaitable)  # type: ignore[no-any-return,attr-defined] # noqa: E501
           ^^^^^^^^^^^^^^^^^^^^^^^^^^^^^^^^
  File "C:\Users\Play\AppData\Local\Programs\Python\Python311\Lib\site-packages\sqlalchemy\util\_concurrency_py3k.py", line 196, in greenlet_spawn
    value = await result
            ^^^^^^^^^^^^
  File "C:\Users\Play\AppData\Local\Programs\Python\Python311\Lib\site-packages\aiosqlite\cursor.py", line 40, in execute
    await self._execute(self._cursor.execute, sql, parameters)
  File "C:\Users\Play\AppData\Local\Programs\Python\Python311\Lib\site-packages\aiosqlite\cursor.py", line 32, in _execute
    return await self._conn._execute(fn, *args, **kwargs)
           ^^^^^^^^^^^^^^^^^^^^^^^^^^^^^^^^^^^^^^^^^^^^^^
  File "C:\Users\Play\AppData\Local\Programs\Python\Python311\Lib\site-packages\aiosqlite\core.py", line 133, in _execute
    return await future
           ^^^^^^^^^^^^
  File "C:\Users\Play\AppData\Local\Programs\Python\Python311\Lib\site-packages\aiosqlite\core.py", line 65, in _connection_worker_thread
    result = function()
             ^^^^^^^^^^
sqlite3.OperationalError: no such table: dispatchers

The above exception was the direct cause of the following exception:

Traceback (most recent call last):
  File "C:\Users\Play\Desktop\disp-tax\src\bot\handlers\settings_handlers.py", line 19, in settings_menu
    # Проверка, зарегистрирован ли диспетчер
          ^^^^^^^^^^^^^^^^^^^^^^^^^^^^^^^^^^
  File "C:\Users\Play\AppData\Local\Programs\Python\Python311\Lib\site-packages\sqlalchemy\ext\asyncio\session.py", line 449, in execute
    result = await greenlet_spawn(
             ^^^^^^^^^^^^^^^^^^^^^
  File "C:\Users\Play\AppData\Local\Programs\Python\Python311\Lib\site-packages\sqlalchemy\util\_concurrency_py3k.py", line 201, in greenlet_spawn
    result = context.throw(*sys.exc_info())
             ^^^^^^^^^^^^^^^^^^^^^^^^^^^^^^
  File "C:\Users\Play\AppData\Local\Programs\Python\Python311\Lib\site-packages\sqlalchemy\orm\session.py", line 2351, in execute
    return self._execute_internal(
           ^^^^^^^^^^^^^^^^^^^^^^^
  File "C:\Users\Play\AppData\Local\Programs\Python\Python311\Lib\site-packages\sqlalchemy\orm\session.py", line 2249, in _execute_internal
    result: Result[Any] = compile_state_cls.orm_execute_statement(
                          ^^^^^^^^^^^^^^^^^^^^^^^^^^^^^^^^^^^^^^^^
  File "C:\Users\Play\AppData\Local\Programs\Python\Python311\Lib\site-packages\sqlalchemy\orm\context.py", line 306, in orm_execute_statement
    result = conn.execute(
             ^^^^^^^^^^^^^
  File "C:\Users\Play\AppData\Local\Programs\Python\Python311\Lib\site-packages\sqlalchemy\engine\base.py", line 1419, in execute
    return meth(
           ^^^^^
  File "C:\Users\Play\AppData\Local\Programs\Python\Python311\Lib\site-packages\sqlalchemy\sql\elements.py", line 526, in _execute_on_connection
    return connection._execute_clauseelement(
           ^^^^^^^^^^^^^^^^^^^^^^^^^^^^^^^^^^
  File "C:\Users\Play\AppData\Local\Programs\Python\Python311\Lib\site-packages\sqlalchemy\engine\base.py", line 1641, in _execute_clauseelement
    ret = self._execute_context(
          ^^^^^^^^^^^^^^^^^^^^^^
  File "C:\Users\Play\AppData\Local\Programs\Python\Python311\Lib\site-packages\sqlalchemy\engine\base.py", line 1846, in _execute_context
    return self._exec_single_context(
           ^^^^^^^^^^^^^^^^^^^^^^^^^^
  File "C:\Users\Play\AppData\Local\Programs\Python\Python311\Lib\site-packages\sqlalchemy\engine\base.py", line 1986, in _exec_single_context
    self._handle_dbapi_exception(
  File "C:\Users\Play\AppData\Local\Programs\Python\Python311\Lib\site-packages\sqlalchemy\engine\base.py", line 2355, in _handle_dbapi_exception
    raise sqlalchemy_exception.with_traceback(exc_info[2]) from e
  File "C:\Users\Play\AppData\Local\Programs\Python\Python311\Lib\site-packages\sqlalchemy\engine\base.py", line 1967, in _exec_single_context
    self.dialect.do_execute(
  File "C:\Users\Play\AppData\Local\Programs\Python\Python311\Lib\site-packages\sqlalchemy\engine\default.py", line 951, in do_execute
    cursor.execute(statement, parameters)
  File "C:\Users\Play\AppData\Local\Programs\Python\Python311\Lib\site-packages\sqlalchemy\dialects\sqlite\aiosqlite.py", line 180, in execute
    self._adapt_connection._handle_exception(error)
  File "C:\Users\Play\AppData\Local\Programs\Python\Python311\Lib\site-packages\sqlalchemy\dialects\sqlite\aiosqlite.py", line 340, in _handle_exception
    raise error
  File "C:\Users\Play\AppData\Local\Programs\Python\Python311\Lib\site-packages\sqlalchemy\dialects\sqlite\aiosqlite.py", line 162, in execute
    self.await_(_cursor.execute(operation, parameters))
  File "C:\Users\Play\AppData\Local\Programs\Python\Python311\Lib\site-packages\sqlalchemy\util\_concurrency_py3k.py", line 132, in await_only
    return current.parent.switch(awaitable)  # type: ignore[no-any-return,attr-defined] # noqa: E501
           ^^^^^^^^^^^^^^^^^^^^^^^^^^^^^^^^
  File "C:\Users\Play\AppData\Local\Programs\Python\Python311\Lib\site-packages\sqlalchemy\util\_concurrency_py3k.py", line 196, in greenlet_spawn
    value = await result
            ^^^^^^^^^^^^
  File "C:\Users\Play\AppData\Local\Programs\Python\Python311\Lib\site-packages\aiosqlite\cursor.py", line 40, in execute
    await self._execute(self._cursor.execute, sql, parameters)
  File "C:\Users\Play\AppData\Local\Programs\Python\Python311\Lib\site-packages\aiosqlite\cursor.py", line 32, in _execute
    return await self._conn._execute(fn, *args, **kwargs)
           ^^^^^^^^^^^^^^^^^^^^^^^^^^^^^^^^^^^^^^^^^^^^^^
  File "C:\Users\Play\AppData\Local\Programs\Python\Python311\Lib\site-packages\aiosqlite\core.py", line 133, in _execute
    return await future
           ^^^^^^^^^^^^
  File "C:\Users\Play\AppData\Local\Programs\Python\Python311\Lib\site-packages\aiosqlite\core.py", line 65, in _connection_worker_thread
    result = function()
             ^^^^^^^^^^
sqlalchemy.exc.OperationalError: (sqlite3.OperationalError) no such table: dispatchers
[SQL: SELECT dispatchers.id, dispatchers.telegram_id, dispatchers.username, dispatchers.first_name, dispatchers.last_name, dispatchers.session_file, dispatchers.session_active, dispatchers.session_expires_at, dispatchers.created_at, dispatchers.updated_at 
FROM dispatchers 
WHERE dispatchers.telegram_id = ?]
[parameters: (5782455721,)]
(Background on this error at: https://sqlalche.me/e/20/e3q8)

During handling of the above exception, another exception occurred:

Traceback (most recent call last):
  File "C:\Users\Play\AppData\Local\Programs\Python\Python311\Lib\site-packages\aiogram\dispatcher\dispatcher.py", line 320, in _process_update
    response = await self.feed_update(bot, update, **kwargs)
               ^^^^^^^^^^^^^^^^^^^^^^^^^^^^^^^^^^^^^^^^^^^^^
  File "C:\Users\Play\AppData\Local\Programs\Python\Python311\Lib\site-packages\aiogram\dispatcher\dispatcher.py", line 164, in feed_update
    response = await self.update.wrap_outer_middleware(
               ^^^^^^^^^^^^^^^^^^^^^^^^^^^^^^^^^^^^^^^^
  File "C:\Users\Play\AppData\Local\Programs\Python\Python311\Lib\site-packages\aiogram\dispatcher\middlewares\error.py", line 27, in __call__
    return await handler(event, data)
           ^^^^^^^^^^^^^^^^^^^^^^^^^^
  File "C:\Users\Play\AppData\Local\Programs\Python\Python311\Lib\site-packages\aiogram\dispatcher\middlewares\user_context.py", line 58, in __call__
    return await handler(event, data)
           ^^^^^^^^^^^^^^^^^^^^^^^^^^
  File "C:\Users\Play\AppData\Local\Programs\Python\Python311\Lib\site-packages\aiogram\fsm\middleware.py", line 43, in __call__
    return await handler(event, data)
           ^^^^^^^^^^^^^^^^^^^^^^^^^^
  File "C:\Users\Play\AppData\Local\Programs\Python\Python311\Lib\site-packages\aiogram\dispatcher\event\telegram.py", line 126, in trigger
    return await wrapped_inner(event, kwargs)
           ^^^^^^^^^^^^^^^^^^^^^^^^^^^^^^^^^^
  File "C:\Users\Play\AppData\Local\Programs\Python\Python311\Lib\site-packages\aiogram\dispatcher\event\handler.py", line 43, in call
    return await wrapped()
           ^^^^^^^^^^^^^^^
  File "C:\Users\Play\AppData\Local\Programs\Python\Python311\Lib\site-packages\aiogram\dispatcher\dispatcher.py", line 283, in _listen_update
    return await self.propagate_event(update_type=update_type, event=event, **kwargs)
           ^^^^^^^^^^^^^^^^^^^^^^^^^^^^^^^^^^^^^^^^^^^^^^^^^^^^^^^^^^^^^^^^^^^^^^^^^^
  File "C:\Users\Play\AppData\Local\Programs\Python\Python311\Lib\site-packages\aiogram\dispatcher\router.py", line 161, in propagate_event
    return await observer.wrap_outer_middleware(_wrapped, event=event, data=kwargs)
           ^^^^^^^^^^^^^^^^^^^^^^^^^^^^^^^^^^^^^^^^^^^^^^^^^^^^^^^^^^^^^^^^^^^^^^^^
  File "C:\Users\Play\AppData\Local\Programs\Python\Python311\Lib\site-packages\aiogram\dispatcher\router.py", line 153, in _wrapped
    return await self._propagate_event(
           ^^^^^^^^^^^^^^^^^^^^^^^^^^^^
  File "C:\Users\Play\AppData\Local\Programs\Python\Python311\Lib\site-packages\aiogram\dispatcher\router.py", line 189, in _propagate_event
    response = await router.propagate_event(update_type=update_type, event=event, **kwargs)
               ^^^^^^^^^^^^^^^^^^^^^^^^^^^^^^^^^^^^^^^^^^^^^^^^^^^^^^^^^^^^^^^^^^^^^^^^^^^^
  File "C:\Users\Play\AppData\Local\Programs\Python\Python311\Lib\site-packages\aiogram\dispatcher\router.py", line 161, in propagate_event
    return await observer.wrap_outer_middleware(_wrapped, event=event, data=kwargs)
           ^^^^^^^^^^^^^^^^^^^^^^^^^^^^^^^^^^^^^^^^^^^^^^^^^^^^^^^^^^^^^^^^^^^^^^^^
  File "C:\Users\Play\AppData\Local\Programs\Python\Python311\Lib\site-packages\aiogram\dispatcher\router.py", line 153, in _wrapped
    return await self._propagate_event(
           ^^^^^^^^^^^^^^^^^^^^^^^^^^^^
  File "C:\Users\Play\AppData\Local\Programs\Python\Python311\Lib\site-packages\aiogram\dispatcher\router.py", line 181, in _propagate_event
    response = await observer.trigger(event, **kwargs)
               ^^^^^^^^^^^^^^^^^^^^^^^^^^^^^^^^^^^^^^^
  File "C:\Users\Play\AppData\Local\Programs\Python\Python311\Lib\site-packages\aiogram\dispatcher\event\telegram.py", line 126, in trigger
    return await wrapped_inner(event, kwargs)
           ^^^^^^^^^^^^^^^^^^^^^^^^^^^^^^^^^^
  File "C:\Users\Play\Desktop\disp-tax\src\bot\middleware\logging_middleware.py", line 27, in __call__
    result = await handler(event, data)
             ^^^^^^^^^^^^^^^^^^^^^^^^^^
  File "C:\Users\Play\Desktop\disp-tax\src\bot\middleware\error_handler.py", line 21, in __call__
    return await handler(event, data)
           ^^^^^^^^^^^^^^^^^^^^^^^^^^
  File "C:\Users\Play\Desktop\disp-tax\src\bot\middleware\database.py", line 22, in __call__
    result = await handler(event, data)
             ^^^^^^^^^^^^^^^^^^^^^^^^^^
  File "C:\Users\Play\AppData\Local\Programs\Python\Python311\Lib\site-packages\aiogram\dispatcher\event\handler.py", line 43, in call
    return await wrapped()
           ^^^^^^^^^^^^^^^
  File "C:\Users\Play\Desktop\disp-tax\src\bot\handlers\settings_handlers.py", line 46, in settings_menu
    logger.error(f"Error in settings menu: {e}", exc_info=True)
  File "C:\Users\Play\AppData\Local\Programs\Python\Python311\Lib\site-packages\aiogram\methods\base.py", line 84, in emit
    return await bot(self)
           ^^^^^^^^^^^^^^^
  File "C:\Users\Play\AppData\Local\Programs\Python\Python311\Lib\site-packages\aiogram\client\bot.py", line 485, in __call__
    return await self.session(self, method, timeout=request_timeout)
           ^^^^^^^^^^^^^^^^^^^^^^^^^^^^^^^^^^^^^^^^^^^^^^^^^^^^^^^^^
  File "C:\Users\Play\AppData\Local\Programs\Python\Python311\Lib\site-packages\aiogram\client\session\base.py", line 259, in __call__
    return cast(TelegramType, await middleware(bot, method))
                              ^^^^^^^^^^^^^^^^^^^^^^^^^^^^^
  File "C:\Users\Play\AppData\Local\Programs\Python\Python311\Lib\site-packages\aiogram\client\session\aiohttp.py", line 177, in make_request
    response = self.check_response(
               ^^^^^^^^^^^^^^^^^^^^
  File "C:\Users\Play\AppData\Local\Programs\Python\Python311\Lib\site-packages\aiogram\client\session\base.py", line 121, in check_response
    raise TelegramBadRequest(method=method, message=description)
aiogram.exceptions.TelegramBadRequest: Telegram server says - Bad Request: MESSAGE_TOO_LONG
2025-12-16 23:53:01,349 - aiogram.event - ERROR - Cause exception while process update id=873021211 by bot id=8589419100
TelegramBadRequest: Telegram server says - Bad Request: MESSAGE_TOO_LONG
Traceback (most recent call last):
  File "C:\Users\Play\AppData\Local\Programs\Python\Python311\Lib\site-packages\sqlalchemy\engine\base.py", line 1967, in _exec_single_context
    self.dialect.do_execute(
  File "C:\Users\Play\AppData\Local\Programs\Python\Python311\Lib\site-packages\sqlalchemy\engine\default.py", line 951, in do_execute
    cursor.execute(statement, parameters)
  File "C:\Users\Play\AppData\Local\Programs\Python\Python311\Lib\site-packages\sqlalchemy\dialects\sqlite\aiosqlite.py", line 180, in execute
    self._adapt_connection._handle_exception(error)
  File "C:\Users\Play\AppData\Local\Programs\Python\Python311\Lib\site-packages\sqlalchemy\dialects\sqlite\aiosqlite.py", line 340, in _handle_exception
    raise error
  File "C:\Users\Play\AppData\Local\Programs\Python\Python311\Lib\site-packages\sqlalchemy\dialects\sqlite\aiosqlite.py", line 162, in execute
    self.await_(_cursor.execute(operation, parameters))
  File "C:\Users\Play\AppData\Local\Programs\Python\Python311\Lib\site-packages\sqlalchemy\util\_concurrency_py3k.py", line 132, in await_only
    return current.parent.switch(awaitable)  # type: ignore[no-any-return,attr-defined] # noqa: E501
           ^^^^^^^^^^^^^^^^^^^^^^^^^^^^^^^^
  File "C:\Users\Play\AppData\Local\Programs\Python\Python311\Lib\site-packages\sqlalchemy\util\_concurrency_py3k.py", line 196, in greenlet_spawn
    value = await result
            ^^^^^^^^^^^^
  File "C:\Users\Play\AppData\Local\Programs\Python\Python311\Lib\site-packages\aiosqlite\cursor.py", line 40, in execute
    await self._execute(self._cursor.execute, sql, parameters)
  File "C:\Users\Play\AppData\Local\Programs\Python\Python311\Lib\site-packages\aiosqlite\cursor.py", line 32, in _execute
    return await self._conn._execute(fn, *args, **kwargs)
           ^^^^^^^^^^^^^^^^^^^^^^^^^^^^^^^^^^^^^^^^^^^^^^
  File "C:\Users\Play\AppData\Local\Programs\Python\Python311\Lib\site-packages\aiosqlite\core.py", line 133, in _execute
    return await future
           ^^^^^^^^^^^^
  File "C:\Users\Play\AppData\Local\Programs\Python\Python311\Lib\site-packages\aiosqlite\core.py", line 65, in _connection_worker_thread
    result = function()
             ^^^^^^^^^^
sqlite3.OperationalError: no such table: dispatchers

The above exception was the direct cause of the following exception:

Traceback (most recent call last):
  File "C:\Users\Play\Desktop\disp-tax\src\bot\handlers\settings_handlers.py", line 19, in settings_menu
    # Проверка, зарегистрирован ли диспетчер
          ^^^^^^^^^^^^^^^^^^^^^^^^^^^^^^^^^^
  File "C:\Users\Play\AppData\Local\Programs\Python\Python311\Lib\site-packages\sqlalchemy\ext\asyncio\session.py", line 449, in execute
    result = await greenlet_spawn(
             ^^^^^^^^^^^^^^^^^^^^^
  File "C:\Users\Play\AppData\Local\Programs\Python\Python311\Lib\site-packages\sqlalchemy\util\_concurrency_py3k.py", line 201, in greenlet_spawn
    result = context.throw(*sys.exc_info())
             ^^^^^^^^^^^^^^^^^^^^^^^^^^^^^^
  File "C:\Users\Play\AppData\Local\Programs\Python\Python311\Lib\site-packages\sqlalchemy\orm\session.py", line 2351, in execute
    return self._execute_internal(
           ^^^^^^^^^^^^^^^^^^^^^^^
  File "C:\Users\Play\AppData\Local\Programs\Python\Python311\Lib\site-packages\sqlalchemy\orm\session.py", line 2249, in _execute_internal
    result: Result[Any] = compile_state_cls.orm_execute_statement(
                          ^^^^^^^^^^^^^^^^^^^^^^^^^^^^^^^^^^^^^^^^
  File "C:\Users\Play\AppData\Local\Programs\Python\Python311\Lib\site-packages\sqlalchemy\orm\context.py", line 306, in orm_execute_statement
    result = conn.execute(
             ^^^^^^^^^^^^^
  File "C:\Users\Play\AppData\Local\Programs\Python\Python311\Lib\site-packages\sqlalchemy\engine\base.py", line 1419, in execute
    return meth(
           ^^^^^
  File "C:\Users\Play\AppData\Local\Programs\Python\Python311\Lib\site-packages\sqlalchemy\sql\elements.py", line 526, in _execute_on_connection
    return connection._execute_clauseelement(
           ^^^^^^^^^^^^^^^^^^^^^^^^^^^^^^^^^^
  File "C:\Users\Play\AppData\Local\Programs\Python\Python311\Lib\site-packages\sqlalchemy\engine\base.py", line 1641, in _execute_clauseelement
    ret = self._execute_context(
          ^^^^^^^^^^^^^^^^^^^^^^
  File "C:\Users\Play\AppData\Local\Programs\Python\Python311\Lib\site-packages\sqlalchemy\engine\base.py", line 1846, in _execute_context
    return self._exec_single_context(
           ^^^^^^^^^^^^^^^^^^^^^^^^^^
  File "C:\Users\Play\AppData\Local\Programs\Python\Python311\Lib\site-packages\sqlalchemy\engine\base.py", line 1986, in _exec_single_context
    self._handle_dbapi_exception(
  File "C:\Users\Play\AppData\Local\Programs\Python\Python311\Lib\site-packages\sqlalchemy\engine\base.py", line 2355, in _handle_dbapi_exception
    raise sqlalchemy_exception.with_traceback(exc_info[2]) from e
  File "C:\Users\Play\AppData\Local\Programs\Python\Python311\Lib\site-packages\sqlalchemy\engine\base.py", line 1967, in _exec_single_context
    self.dialect.do_execute(
  File "C:\Users\Play\AppData\Local\Programs\Python\Python311\Lib\site-packages\sqlalchemy\engine\default.py", line 951, in do_execute
    cursor.execute(statement, parameters)
  File "C:\Users\Play\AppData\Local\Programs\Python\Python311\Lib\site-packages\sqlalchemy\dialects\sqlite\aiosqlite.py", line 180, in execute
    self._adapt_connection._handle_exception(error)
  File "C:\Users\Play\AppData\Local\Programs\Python\Python311\Lib\site-packages\sqlalchemy\dialects\sqlite\aiosqlite.py", line 340, in _handle_exception
    raise error
  File "C:\Users\Play\AppData\Local\Programs\Python\Python311\Lib\site-packages\sqlalchemy\dialects\sqlite\aiosqlite.py", line 162, in execute
    self.await_(_cursor.execute(operation, parameters))
  File "C:\Users\Play\AppData\Local\Programs\Python\Python311\Lib\site-packages\sqlalchemy\util\_concurrency_py3k.py", line 132, in await_only
    return current.parent.switch(awaitable)  # type: ignore[no-any-return,attr-defined] # noqa: E501
           ^^^^^^^^^^^^^^^^^^^^^^^^^^^^^^^^
  File "C:\Users\Play\AppData\Local\Programs\Python\Python311\Lib\site-packages\sqlalchemy\util\_concurrency_py3k.py", line 196, in greenlet_spawn
    value = await result
            ^^^^^^^^^^^^
  File "C:\Users\Play\AppData\Local\Programs\Python\Python311\Lib\site-packages\aiosqlite\cursor.py", line 40, in execute
    await self._execute(self._cursor.execute, sql, parameters)
  File "C:\Users\Play\AppData\Local\Programs\Python\Python311\Lib\site-packages\aiosqlite\cursor.py", line 32, in _execute
    return await self._conn._execute(fn, *args, **kwargs)
           ^^^^^^^^^^^^^^^^^^^^^^^^^^^^^^^^^^^^^^^^^^^^^^
  File "C:\Users\Play\AppData\Local\Programs\Python\Python311\Lib\site-packages\aiosqlite\core.py", line 133, in _execute
    return await future
           ^^^^^^^^^^^^
  File "C:\Users\Play\AppData\Local\Programs\Python\Python311\Lib\site-packages\aiosqlite\core.py", line 65, in _connection_worker_thread
    result = function()
             ^^^^^^^^^^
sqlalchemy.exc.OperationalError: (sqlite3.OperationalError) no such table: dispatchers
[SQL: SELECT dispatchers.id, dispatchers.telegram_id, dispatchers.username, dispatchers.first_name, dispatchers.last_name, dispatchers.session_file, dispatchers.session_active, dispatchers.session_expires_at, dispatchers.created_at, dispatchers.updated_at 
FROM dispatchers 
WHERE dispatchers.telegram_id = ?]
[parameters: (5782455721,)]
(Background on this error at: https://sqlalche.me/e/20/e3q8)

During handling of the above exception, another exception occurred:

Traceback (most recent call last):
  File "C:\Users\Play\AppData\Local\Programs\Python\Python311\Lib\site-packages\aiogram\dispatcher\dispatcher.py", line 320, in _process_update
    response = await self.feed_update(bot, update, **kwargs)
               ^^^^^^^^^^^^^^^^^^^^^^^^^^^^^^^^^^^^^^^^^^^^^
  File "C:\Users\Play\AppData\Local\Programs\Python\Python311\Lib\site-packages\aiogram\dispatcher\dispatcher.py", line 164, in feed_update
    response = await self.update.wrap_outer_middleware(
               ^^^^^^^^^^^^^^^^^^^^^^^^^^^^^^^^^^^^^^^^
  File "C:\Users\Play\AppData\Local\Programs\Python\Python311\Lib\site-packages\aiogram\dispatcher\middlewares\error.py", line 27, in __call__
    return await handler(event, data)
           ^^^^^^^^^^^^^^^^^^^^^^^^^^
  File "C:\Users\Play\AppData\Local\Programs\Python\Python311\Lib\site-packages\aiogram\dispatcher\middlewares\user_context.py", line 58, in __call__
    return await handler(event, data)
           ^^^^^^^^^^^^^^^^^^^^^^^^^^
  File "C:\Users\Play\AppData\Local\Programs\Python\Python311\Lib\site-packages\aiogram\fsm\middleware.py", line 43, in __call__
    return await handler(event, data)
           ^^^^^^^^^^^^^^^^^^^^^^^^^^
  File "C:\Users\Play\AppData\Local\Programs\Python\Python311\Lib\site-packages\aiogram\dispatcher\event\telegram.py", line 126, in trigger
    return await wrapped_inner(event, kwargs)
           ^^^^^^^^^^^^^^^^^^^^^^^^^^^^^^^^^^
  File "C:\Users\Play\AppData\Local\Programs\Python\Python311\Lib\site-packages\aiogram\dispatcher\event\handler.py", line 43, in call
    return await wrapped()
           ^^^^^^^^^^^^^^^
  File "C:\Users\Play\AppData\Local\Programs\Python\Python311\Lib\site-packages\aiogram\dispatcher\dispatcher.py", line 283, in _listen_update
    return await self.propagate_event(update_type=update_type, event=event, **kwargs)
           ^^^^^^^^^^^^^^^^^^^^^^^^^^^^^^^^^^^^^^^^^^^^^^^^^^^^^^^^^^^^^^^^^^^^^^^^^^
  File "C:\Users\Play\AppData\Local\Programs\Python\Python311\Lib\site-packages\aiogram\dispatcher\router.py", line 161, in propagate_event
    return await observer.wrap_outer_middleware(_wrapped, event=event, data=kwargs)
           ^^^^^^^^^^^^^^^^^^^^^^^^^^^^^^^^^^^^^^^^^^^^^^^^^^^^^^^^^^^^^^^^^^^^^^^^
  File "C:\Users\Play\AppData\Local\Programs\Python\Python311\Lib\site-packages\aiogram\dispatcher\router.py", line 153, in _wrapped
    return await self._propagate_event(
           ^^^^^^^^^^^^^^^^^^^^^^^^^^^^
  File "C:\Users\Play\AppData\Local\Programs\Python\Python311\Lib\site-packages\aiogram\dispatcher\router.py", line 189, in _propagate_event
    response = await router.propagate_event(update_type=update_type, event=event, **kwargs)
               ^^^^^^^^^^^^^^^^^^^^^^^^^^^^^^^^^^^^^^^^^^^^^^^^^^^^^^^^^^^^^^^^^^^^^^^^^^^^
  File "C:\Users\Play\AppData\Local\Programs\Python\Python311\Lib\site-packages\aiogram\dispatcher\router.py", line 161, in propagate_event
    return await observer.wrap_outer_middleware(_wrapped, event=event, data=kwargs)
           ^^^^^^^^^^^^^^^^^^^^^^^^^^^^^^^^^^^^^^^^^^^^^^^^^^^^^^^^^^^^^^^^^^^^^^^^
  File "C:\Users\Play\AppData\Local\Programs\Python\Python311\Lib\site-packages\aiogram\dispatcher\router.py", line 153, in _wrapped
    return await self._propagate_event(
           ^^^^^^^^^^^^^^^^^^^^^^^^^^^^
  File "C:\Users\Play\AppData\Local\Programs\Python\Python311\Lib\site-packages\aiogram\dispatcher\router.py", line 181, in _propagate_event
    response = await observer.trigger(event, **kwargs)
               ^^^^^^^^^^^^^^^^^^^^^^^^^^^^^^^^^^^^^^^
  File "C:\Users\Play\AppData\Local\Programs\Python\Python311\Lib\site-packages\aiogram\dispatcher\event\telegram.py", line 126, in trigger
    return await wrapped_inner(event, kwargs)
           ^^^^^^^^^^^^^^^^^^^^^^^^^^^^^^^^^^
  File "C:\Users\Play\Desktop\disp-tax\src\bot\middleware\logging_middleware.py", line 27, in __call__
    result = await handler(event, data)
             ^^^^^^^^^^^^^^^^^^^^^^^^^^
  File "C:\Users\Play\Desktop\disp-tax\src\bot\middleware\error_handler.py", line 21, in __call__
    return await handler(event, data)
           ^^^^^^^^^^^^^^^^^^^^^^^^^^
  File "C:\Users\Play\Desktop\disp-tax\src\bot\middleware\database.py", line 22, in __call__
    result = await handler(event, data)
             ^^^^^^^^^^^^^^^^^^^^^^^^^^
  File "C:\Users\Play\AppData\Local\Programs\Python\Python311\Lib\site-packages\aiogram\dispatcher\event\handler.py", line 43, in call
    return await wrapped()
           ^^^^^^^^^^^^^^^
  File "C:\Users\Play\Desktop\disp-tax\src\bot\handlers\settings_handlers.py", line 46, in settings_menu
    logger.error(f"Error in settings menu: {e}", exc_info=True)
  File "C:\Users\Play\AppData\Local\Programs\Python\Python311\Lib\site-packages\aiogram\methods\base.py", line 84, in emit
    return await bot(self)
           ^^^^^^^^^^^^^^^
  File "C:\Users\Play\AppData\Local\Programs\Python\Python311\Lib\site-packages\aiogram\client\bot.py", line 485, in __call__
    return await self.session(self, method, timeout=request_timeout)
           ^^^^^^^^^^^^^^^^^^^^^^^^^^^^^^^^^^^^^^^^^^^^^^^^^^^^^^^^^
  File "C:\Users\Play\AppData\Local\Programs\Python\Python311\Lib\site-packages\aiogram\client\session\base.py", line 259, in __call__
    return cast(TelegramType, await middleware(bot, method))
                              ^^^^^^^^^^^^^^^^^^^^^^^^^^^^^
  File "C:\Users\Play\AppData\Local\Programs\Python\Python311\Lib\site-packages\aiogram\client\session\aiohttp.py", line 177, in make_request
    response = self.check_response(
               ^^^^^^^^^^^^^^^^^^^^
  File "C:\Users\Play\AppData\Local\Programs\Python\Python311\Lib\site-packages\aiogram\client\session\base.py", line 121, in check_response
    raise TelegramBadRequest(method=method, message=description)
aiogram.exceptions.TelegramBadRequest: Telegram server says - Bad Request: MESSAGE_TOO_LONG
2025-12-16 23:53:13,841 - src.bot.middleware.logging_middleware - INFO - Callback received: settings from user 5782455721
2025-12-16 23:53:13,841 - src.bot.middleware.logging_middleware - INFO - Callback received: settings from user 5782455721
2025-12-16 23:53:13,843 - src.bot.handlers.settings_handlers - ERROR - Error in settings menu: (sqlite3.OperationalError) no such table: dispatchers
[SQL: SELECT dispatchers.id, dispatchers.telegram_id, dispatchers.username, dispatchers.first_name, dispatchers.last_name, dispatchers.session_file, dispatchers.session_active, dispatchers.session_expires_at, dispatchers.created_at, dispatchers.updated_at 
FROM dispatchers 
WHERE dispatchers.telegram_id = ?]
[parameters: (5782455721,)]
(Background on this error at: https://sqlalche.me/e/20/e3q8)
Traceback (most recent call last):
  File "C:\Users\Play\AppData\Local\Programs\Python\Python311\Lib\site-packages\sqlalchemy\engine\base.py", line 1967, in _exec_single_context
    self.dialect.do_execute(
  File "C:\Users\Play\AppData\Local\Programs\Python\Python311\Lib\site-packages\sqlalchemy\engine\default.py", line 951, in do_execute
    cursor.execute(statement, parameters)
  File "C:\Users\Play\AppData\Local\Programs\Python\Python311\Lib\site-packages\sqlalchemy\dialects\sqlite\aiosqlite.py", line 180, in execute
    self._adapt_connection._handle_exception(error)
  File "C:\Users\Play\AppData\Local\Programs\Python\Python311\Lib\site-packages\sqlalchemy\dialects\sqlite\aiosqlite.py", line 340, in _handle_exception
    raise error
  File "C:\Users\Play\AppData\Local\Programs\Python\Python311\Lib\site-packages\sqlalchemy\dialects\sqlite\aiosqlite.py", line 162, in execute
    self.await_(_cursor.execute(operation, parameters))
  File "C:\Users\Play\AppData\Local\Programs\Python\Python311\Lib\site-packages\sqlalchemy\util\_concurrency_py3k.py", line 132, in await_only
    return current.parent.switch(awaitable)  # type: ignore[no-any-return,attr-defined] # noqa: E501
           ^^^^^^^^^^^^^^^^^^^^^^^^^^^^^^^^
  File "C:\Users\Play\AppData\Local\Programs\Python\Python311\Lib\site-packages\sqlalchemy\util\_concurrency_py3k.py", line 196, in greenlet_spawn
    value = await result
            ^^^^^^^^^^^^
  File "C:\Users\Play\AppData\Local\Programs\Python\Python311\Lib\site-packages\aiosqlite\cursor.py", line 40, in execute
    await self._execute(self._cursor.execute, sql, parameters)
  File "C:\Users\Play\AppData\Local\Programs\Python\Python311\Lib\site-packages\aiosqlite\cursor.py", line 32, in _execute
    return await self._conn._execute(fn, *args, **kwargs)
           ^^^^^^^^^^^^^^^^^^^^^^^^^^^^^^^^^^^^^^^^^^^^^^
  File "C:\Users\Play\AppData\Local\Programs\Python\Python311\Lib\site-packages\aiosqlite\core.py", line 133, in _execute
    return await future
           ^^^^^^^^^^^^
  File "C:\Users\Play\AppData\Local\Programs\Python\Python311\Lib\site-packages\aiosqlite\core.py", line 65, in _connection_worker_thread
    result = function()
             ^^^^^^^^^^
sqlite3.OperationalError: no such table: dispatchers

The above exception was the direct cause of the following exception:

Traceback (most recent call last):
  File "C:\Users\Play\Desktop\disp-tax\src\bot\handlers\settings_handlers.py", line 19, in settings_menu
    # Проверка, зарегистрирован ли диспетчер
          ^^^^^^^^^^^^^^^^^^^^^^^^^^^^^^^^^^
  File "C:\Users\Play\AppData\Local\Programs\Python\Python311\Lib\site-packages\sqlalchemy\ext\asyncio\session.py", line 449, in execute
    result = await greenlet_spawn(
             ^^^^^^^^^^^^^^^^^^^^^
  File "C:\Users\Play\AppData\Local\Programs\Python\Python311\Lib\site-packages\sqlalchemy\util\_concurrency_py3k.py", line 201, in greenlet_spawn
    result = context.throw(*sys.exc_info())
             ^^^^^^^^^^^^^^^^^^^^^^^^^^^^^^
  File "C:\Users\Play\AppData\Local\Programs\Python\Python311\Lib\site-packages\sqlalchemy\orm\session.py", line 2351, in execute
    return self._execute_internal(
           ^^^^^^^^^^^^^^^^^^^^^^^
  File "C:\Users\Play\AppData\Local\Programs\Python\Python311\Lib\site-packages\sqlalchemy\orm\session.py", line 2249, in _execute_internal
    result: Result[Any] = compile_state_cls.orm_execute_statement(
                          ^^^^^^^^^^^^^^^^^^^^^^^^^^^^^^^^^^^^^^^^
  File "C:\Users\Play\AppData\Local\Programs\Python\Python311\Lib\site-packages\sqlalchemy\orm\context.py", line 306, in orm_execute_statement
    result = conn.execute(
             ^^^^^^^^^^^^^
  File "C:\Users\Play\AppData\Local\Programs\Python\Python311\Lib\site-packages\sqlalchemy\engine\base.py", line 1419, in execute
    return meth(
           ^^^^^
  File "C:\Users\Play\AppData\Local\Programs\Python\Python311\Lib\site-packages\sqlalchemy\sql\elements.py", line 526, in _execute_on_connection
    return connection._execute_clauseelement(
           ^^^^^^^^^^^^^^^^^^^^^^^^^^^^^^^^^^
  File "C:\Users\Play\AppData\Local\Programs\Python\Python311\Lib\site-packages\sqlalchemy\engine\base.py", line 1641, in _execute_clauseelement
    ret = self._execute_context(
          ^^^^^^^^^^^^^^^^^^^^^^
  File "C:\Users\Play\AppData\Local\Programs\Python\Python311\Lib\site-packages\sqlalchemy\engine\base.py", line 1846, in _execute_context
    return self._exec_single_context(
           ^^^^^^^^^^^^^^^^^^^^^^^^^^
  File "C:\Users\Play\AppData\Local\Programs\Python\Python311\Lib\site-packages\sqlalchemy\engine\base.py", line 1986, in _exec_single_context
    self._handle_dbapi_exception(
  File "C:\Users\Play\AppData\Local\Programs\Python\Python311\Lib\site-packages\sqlalchemy\engine\base.py", line 2355, in _handle_dbapi_exception
    raise sqlalchemy_exception.with_traceback(exc_info[2]) from e
  File "C:\Users\Play\AppData\Local\Programs\Python\Python311\Lib\site-packages\sqlalchemy\engine\base.py", line 1967, in _exec_single_context
    self.dialect.do_execute(
  File "C:\Users\Play\AppData\Local\Programs\Python\Python311\Lib\site-packages\sqlalchemy\engine\default.py", line 951, in do_execute
    cursor.execute(statement, parameters)
  File "C:\Users\Play\AppData\Local\Programs\Python\Python311\Lib\site-packages\sqlalchemy\dialects\sqlite\aiosqlite.py", line 180, in execute
    self._adapt_connection._handle_exception(error)
  File "C:\Users\Play\AppData\Local\Programs\Python\Python311\Lib\site-packages\sqlalchemy\dialects\sqlite\aiosqlite.py", line 340, in _handle_exception
    raise error
  File "C:\Users\Play\AppData\Local\Programs\Python\Python311\Lib\site-packages\sqlalchemy\dialects\sqlite\aiosqlite.py", line 162, in execute
    self.await_(_cursor.execute(operation, parameters))
  File "C:\Users\Play\AppData\Local\Programs\Python\Python311\Lib\site-packages\sqlalchemy\util\_concurrency_py3k.py", line 132, in await_only
    return current.parent.switch(awaitable)  # type: ignore[no-any-return,attr-defined] # noqa: E501
           ^^^^^^^^^^^^^^^^^^^^^^^^^^^^^^^^
  File "C:\Users\Play\AppData\Local\Programs\Python\Python311\Lib\site-packages\sqlalchemy\util\_concurrency_py3k.py", line 196, in greenlet_spawn
    value = await result
            ^^^^^^^^^^^^
  File "C:\Users\Play\AppData\Local\Programs\Python\Python311\Lib\site-packages\aiosqlite\cursor.py", line 40, in execute
    await self._execute(self._cursor.execute, sql, parameters)
  File "C:\Users\Play\AppData\Local\Programs\Python\Python311\Lib\site-packages\aiosqlite\cursor.py", line 32, in _execute
    return await self._conn._execute(fn, *args, **kwargs)
           ^^^^^^^^^^^^^^^^^^^^^^^^^^^^^^^^^^^^^^^^^^^^^^
  File "C:\Users\Play\AppData\Local\Programs\Python\Python311\Lib\site-packages\aiosqlite\core.py", line 133, in _execute
    return await future
           ^^^^^^^^^^^^
  File "C:\Users\Play\AppData\Local\Programs\Python\Python311\Lib\site-packages\aiosqlite\core.py", line 65, in _connection_worker_thread
    result = function()
             ^^^^^^^^^^
sqlalchemy.exc.OperationalError: (sqlite3.OperationalError) no such table: dispatchers
[SQL: SELECT dispatchers.id, dispatchers.telegram_id, dispatchers.username, dispatchers.first_name, dispatchers.last_name, dispatchers.session_file, dispatchers.session_active, dispatchers.session_expires_at, dispatchers.created_at, dispatchers.updated_at 
FROM dispatchers 
WHERE dispatchers.telegram_id = ?]
[parameters: (5782455721,)]
(Background on this error at: https://sqlalche.me/e/20/e3q8)
2025-12-16 23:53:13,843 - src.bot.handlers.settings_handlers - ERROR - Error in settings menu: (sqlite3.OperationalError) no such table: dispatchers
[SQL: SELECT dispatchers.id, dispatchers.telegram_id, dispatchers.username, dispatchers.first_name, dispatchers.last_name, dispatchers.session_file, dispatchers.session_active, dispatchers.session_expires_at, dispatchers.created_at, dispatchers.updated_at 
FROM dispatchers 
WHERE dispatchers.telegram_id = ?]
[parameters: (5782455721,)]
(Background on this error at: https://sqlalche.me/e/20/e3q8)
Traceback (most recent call last):
  File "C:\Users\Play\AppData\Local\Programs\Python\Python311\Lib\site-packages\sqlalchemy\engine\base.py", line 1967, in _exec_single_context
    self.dialect.do_execute(
  File "C:\Users\Play\AppData\Local\Programs\Python\Python311\Lib\site-packages\sqlalchemy\engine\default.py", line 951, in do_execute
    cursor.execute(statement, parameters)
  File "C:\Users\Play\AppData\Local\Programs\Python\Python311\Lib\site-packages\sqlalchemy\dialects\sqlite\aiosqlite.py", line 180, in execute
    self._adapt_connection._handle_exception(error)
  File "C:\Users\Play\AppData\Local\Programs\Python\Python311\Lib\site-packages\sqlalchemy\dialects\sqlite\aiosqlite.py", line 340, in _handle_exception
    raise error
  File "C:\Users\Play\AppData\Local\Programs\Python\Python311\Lib\site-packages\sqlalchemy\dialects\sqlite\aiosqlite.py", line 162, in execute
    self.await_(_cursor.execute(operation, parameters))
  File "C:\Users\Play\AppData\Local\Programs\Python\Python311\Lib\site-packages\sqlalchemy\util\_concurrency_py3k.py", line 132, in await_only
    return current.parent.switch(awaitable)  # type: ignore[no-any-return,attr-defined] # noqa: E501
           ^^^^^^^^^^^^^^^^^^^^^^^^^^^^^^^^
  File "C:\Users\Play\AppData\Local\Programs\Python\Python311\Lib\site-packages\sqlalchemy\util\_concurrency_py3k.py", line 196, in greenlet_spawn
    value = await result
            ^^^^^^^^^^^^
  File "C:\Users\Play\AppData\Local\Programs\Python\Python311\Lib\site-packages\aiosqlite\cursor.py", line 40, in execute
    await self._execute(self._cursor.execute, sql, parameters)
  File "C:\Users\Play\AppData\Local\Programs\Python\Python311\Lib\site-packages\aiosqlite\cursor.py", line 32, in _execute
    return await self._conn._execute(fn, *args, **kwargs)
           ^^^^^^^^^^^^^^^^^^^^^^^^^^^^^^^^^^^^^^^^^^^^^^
  File "C:\Users\Play\AppData\Local\Programs\Python\Python311\Lib\site-packages\aiosqlite\core.py", line 133, in _execute
    return await future
           ^^^^^^^^^^^^
  File "C:\Users\Play\AppData\Local\Programs\Python\Python311\Lib\site-packages\aiosqlite\core.py", line 65, in _connection_worker_thread
    result = function()
             ^^^^^^^^^^
sqlite3.OperationalError: no such table: dispatchers

The above exception was the direct cause of the following exception:

Traceback (most recent call last):
  File "C:\Users\Play\Desktop\disp-tax\src\bot\handlers\settings_handlers.py", line 19, in settings_menu
    # Проверка, зарегистрирован ли диспетчер
          ^^^^^^^^^^^^^^^^^^^^^^^^^^^^^^^^^^
  File "C:\Users\Play\AppData\Local\Programs\Python\Python311\Lib\site-packages\sqlalchemy\ext\asyncio\session.py", line 449, in execute
    result = await greenlet_spawn(
             ^^^^^^^^^^^^^^^^^^^^^
  File "C:\Users\Play\AppData\Local\Programs\Python\Python311\Lib\site-packages\sqlalchemy\util\_concurrency_py3k.py", line 201, in greenlet_spawn
    result = context.throw(*sys.exc_info())
             ^^^^^^^^^^^^^^^^^^^^^^^^^^^^^^
  File "C:\Users\Play\AppData\Local\Programs\Python\Python311\Lib\site-packages\sqlalchemy\orm\session.py", line 2351, in execute
    return self._execute_internal(
           ^^^^^^^^^^^^^^^^^^^^^^^
  File "C:\Users\Play\AppData\Local\Programs\Python\Python311\Lib\site-packages\sqlalchemy\orm\session.py", line 2249, in _execute_internal
    result: Result[Any] = compile_state_cls.orm_execute_statement(
                          ^^^^^^^^^^^^^^^^^^^^^^^^^^^^^^^^^^^^^^^^
  File "C:\Users\Play\AppData\Local\Programs\Python\Python311\Lib\site-packages\sqlalchemy\orm\context.py", line 306, in orm_execute_statement
    result = conn.execute(
             ^^^^^^^^^^^^^
  File "C:\Users\Play\AppData\Local\Programs\Python\Python311\Lib\site-packages\sqlalchemy\engine\base.py", line 1419, in execute
    return meth(
           ^^^^^
  File "C:\Users\Play\AppData\Local\Programs\Python\Python311\Lib\site-packages\sqlalchemy\sql\elements.py", line 526, in _execute_on_connection
    return connection._execute_clauseelement(
           ^^^^^^^^^^^^^^^^^^^^^^^^^^^^^^^^^^
  File "C:\Users\Play\AppData\Local\Programs\Python\Python311\Lib\site-packages\sqlalchemy\engine\base.py", line 1641, in _execute_clauseelement
    ret = self._execute_context(
          ^^^^^^^^^^^^^^^^^^^^^^
  File "C:\Users\Play\AppData\Local\Programs\Python\Python311\Lib\site-packages\sqlalchemy\engine\base.py", line 1846, in _execute_context
    return self._exec_single_context(
           ^^^^^^^^^^^^^^^^^^^^^^^^^^
  File "C:\Users\Play\AppData\Local\Programs\Python\Python311\Lib\site-packages\sqlalchemy\engine\base.py", line 1986, in _exec_single_context
    self._handle_dbapi_exception(
  File "C:\Users\Play\AppData\Local\Programs\Python\Python311\Lib\site-packages\sqlalchemy\engine\base.py", line 2355, in _handle_dbapi_exception
    raise sqlalchemy_exception.with_traceback(exc_info[2]) from e
  File "C:\Users\Play\AppData\Local\Programs\Python\Python311\Lib\site-packages\sqlalchemy\engine\base.py", line 1967, in _exec_single_context
    self.dialect.do_execute(
  File "C:\Users\Play\AppData\Local\Programs\Python\Python311\Lib\site-packages\sqlalchemy\engine\default.py", line 951, in do_execute
    cursor.execute(statement, parameters)
  File "C:\Users\Play\AppData\Local\Programs\Python\Python311\Lib\site-packages\sqlalchemy\dialects\sqlite\aiosqlite.py", line 180, in execute
    self._adapt_connection._handle_exception(error)
  File "C:\Users\Play\AppData\Local\Programs\Python\Python311\Lib\site-packages\sqlalchemy\dialects\sqlite\aiosqlite.py", line 340, in _handle_exception
    raise error
  File "C:\Users\Play\AppData\Local\Programs\Python\Python311\Lib\site-packages\sqlalchemy\dialects\sqlite\aiosqlite.py", line 162, in execute
    self.await_(_cursor.execute(operation, parameters))
  File "C:\Users\Play\AppData\Local\Programs\Python\Python311\Lib\site-packages\sqlalchemy\util\_concurrency_py3k.py", line 132, in await_only
    return current.parent.switch(awaitable)  # type: ignore[no-any-return,attr-defined] # noqa: E501
           ^^^^^^^^^^^^^^^^^^^^^^^^^^^^^^^^
  File "C:\Users\Play\AppData\Local\Programs\Python\Python311\Lib\site-packages\sqlalchemy\util\_concurrency_py3k.py", line 196, in greenlet_spawn
    value = await result
            ^^^^^^^^^^^^
  File "C:\Users\Play\AppData\Local\Programs\Python\Python311\Lib\site-packages\aiosqlite\cursor.py", line 40, in execute
    await self._execute(self._cursor.execute, sql, parameters)
  File "C:\Users\Play\AppData\Local\Programs\Python\Python311\Lib\site-packages\aiosqlite\cursor.py", line 32, in _execute
    return await self._conn._execute(fn, *args, **kwargs)
           ^^^^^^^^^^^^^^^^^^^^^^^^^^^^^^^^^^^^^^^^^^^^^^
  File "C:\Users\Play\AppData\Local\Programs\Python\Python311\Lib\site-packages\aiosqlite\core.py", line 133, in _execute
    return await future
           ^^^^^^^^^^^^
  File "C:\Users\Play\AppData\Local\Programs\Python\Python311\Lib\site-packages\aiosqlite\core.py", line 65, in _connection_worker_thread
    result = function()
             ^^^^^^^^^^
sqlalchemy.exc.OperationalError: (sqlite3.OperationalError) no such table: dispatchers
[SQL: SELECT dispatchers.id, dispatchers.telegram_id, dispatchers.username, dispatchers.first_name, dispatchers.last_name, dispatchers.session_file, dispatchers.session_active, dispatchers.session_expires_at, dispatchers.created_at, dispatchers.updated_at 
FROM dispatchers 
WHERE dispatchers.telegram_id = ?]
[parameters: (5782455721,)]
(Background on this error at: https://sqlalche.me/e/20/e3q8)
2025-12-16 23:53:13,932 - src.bot.middleware.error_handler - ERROR - Error in handler: Telegram server says - Bad Request: MESSAGE_TOO_LONG
Traceback (most recent call last):
  File "C:\Users\Play\AppData\Local\Programs\Python\Python311\Lib\site-packages\sqlalchemy\engine\base.py", line 1967, in _exec_single_context
    self.dialect.do_execute(
  File "C:\Users\Play\AppData\Local\Programs\Python\Python311\Lib\site-packages\sqlalchemy\engine\default.py", line 951, in do_execute
    cursor.execute(statement, parameters)
  File "C:\Users\Play\AppData\Local\Programs\Python\Python311\Lib\site-packages\sqlalchemy\dialects\sqlite\aiosqlite.py", line 180, in execute
    self._adapt_connection._handle_exception(error)
  File "C:\Users\Play\AppData\Local\Programs\Python\Python311\Lib\site-packages\sqlalchemy\dialects\sqlite\aiosqlite.py", line 340, in _handle_exception
    raise error
  File "C:\Users\Play\AppData\Local\Programs\Python\Python311\Lib\site-packages\sqlalchemy\dialects\sqlite\aiosqlite.py", line 162, in execute
    self.await_(_cursor.execute(operation, parameters))
  File "C:\Users\Play\AppData\Local\Programs\Python\Python311\Lib\site-packages\sqlalchemy\util\_concurrency_py3k.py", line 132, in await_only
    return current.parent.switch(awaitable)  # type: ignore[no-any-return,attr-defined] # noqa: E501
           ^^^^^^^^^^^^^^^^^^^^^^^^^^^^^^^^
  File "C:\Users\Play\AppData\Local\Programs\Python\Python311\Lib\site-packages\sqlalchemy\util\_concurrency_py3k.py", line 196, in greenlet_spawn
    value = await result
            ^^^^^^^^^^^^
  File "C:\Users\Play\AppData\Local\Programs\Python\Python311\Lib\site-packages\aiosqlite\cursor.py", line 40, in execute
    await self._execute(self._cursor.execute, sql, parameters)
  File "C:\Users\Play\AppData\Local\Programs\Python\Python311\Lib\site-packages\aiosqlite\cursor.py", line 32, in _execute
    return await self._conn._execute(fn, *args, **kwargs)
           ^^^^^^^^^^^^^^^^^^^^^^^^^^^^^^^^^^^^^^^^^^^^^^
  File "C:\Users\Play\AppData\Local\Programs\Python\Python311\Lib\site-packages\aiosqlite\core.py", line 133, in _execute
    return await future
           ^^^^^^^^^^^^
  File "C:\Users\Play\AppData\Local\Programs\Python\Python311\Lib\site-packages\aiosqlite\core.py", line 65, in _connection_worker_thread
    result = function()
             ^^^^^^^^^^
sqlite3.OperationalError: no such table: dispatchers

The above exception was the direct cause of the following exception:

Traceback (most recent call last):
  File "C:\Users\Play\Desktop\disp-tax\src\bot\handlers\settings_handlers.py", line 19, in settings_menu
    # Проверка, зарегистрирован ли диспетчер
          ^^^^^^^^^^^^^^^^^^^^^^^^^^^^^^^^^^
  File "C:\Users\Play\AppData\Local\Programs\Python\Python311\Lib\site-packages\sqlalchemy\ext\asyncio\session.py", line 449, in execute
    result = await greenlet_spawn(
             ^^^^^^^^^^^^^^^^^^^^^
  File "C:\Users\Play\AppData\Local\Programs\Python\Python311\Lib\site-packages\sqlalchemy\util\_concurrency_py3k.py", line 201, in greenlet_spawn
    result = context.throw(*sys.exc_info())
             ^^^^^^^^^^^^^^^^^^^^^^^^^^^^^^
  File "C:\Users\Play\AppData\Local\Programs\Python\Python311\Lib\site-packages\sqlalchemy\orm\session.py", line 2351, in execute
    return self._execute_internal(
           ^^^^^^^^^^^^^^^^^^^^^^^
  File "C:\Users\Play\AppData\Local\Programs\Python\Python311\Lib\site-packages\sqlalchemy\orm\session.py", line 2249, in _execute_internal
    result: Result[Any] = compile_state_cls.orm_execute_statement(
                          ^^^^^^^^^^^^^^^^^^^^^^^^^^^^^^^^^^^^^^^^
  File "C:\Users\Play\AppData\Local\Programs\Python\Python311\Lib\site-packages\sqlalchemy\orm\context.py", line 306, in orm_execute_statement
    result = conn.execute(
             ^^^^^^^^^^^^^
  File "C:\Users\Play\AppData\Local\Programs\Python\Python311\Lib\site-packages\sqlalchemy\engine\base.py", line 1419, in execute
    return meth(
           ^^^^^
  File "C:\Users\Play\AppData\Local\Programs\Python\Python311\Lib\site-packages\sqlalchemy\sql\elements.py", line 526, in _execute_on_connection
    return connection._execute_clauseelement(
           ^^^^^^^^^^^^^^^^^^^^^^^^^^^^^^^^^^
  File "C:\Users\Play\AppData\Local\Programs\Python\Python311\Lib\site-packages\sqlalchemy\engine\base.py", line 1641, in _execute_clauseelement
    ret = self._execute_context(
          ^^^^^^^^^^^^^^^^^^^^^^
  File "C:\Users\Play\AppData\Local\Programs\Python\Python311\Lib\site-packages\sqlalchemy\engine\base.py", line 1846, in _execute_context
    return self._exec_single_context(
           ^^^^^^^^^^^^^^^^^^^^^^^^^^
  File "C:\Users\Play\AppData\Local\Programs\Python\Python311\Lib\site-packages\sqlalchemy\engine\base.py", line 1986, in _exec_single_context
    self._handle_dbapi_exception(
  File "C:\Users\Play\AppData\Local\Programs\Python\Python311\Lib\site-packages\sqlalchemy\engine\base.py", line 2355, in _handle_dbapi_exception
    raise sqlalchemy_exception.with_traceback(exc_info[2]) from e
  File "C:\Users\Play\AppData\Local\Programs\Python\Python311\Lib\site-packages\sqlalchemy\engine\base.py", line 1967, in _exec_single_context
    self.dialect.do_execute(
  File "C:\Users\Play\AppData\Local\Programs\Python\Python311\Lib\site-packages\sqlalchemy\engine\default.py", line 951, in do_execute
    cursor.execute(statement, parameters)
  File "C:\Users\Play\AppData\Local\Programs\Python\Python311\Lib\site-packages\sqlalchemy\dialects\sqlite\aiosqlite.py", line 180, in execute
    self._adapt_connection._handle_exception(error)
  File "C:\Users\Play\AppData\Local\Programs\Python\Python311\Lib\site-packages\sqlalchemy\dialects\sqlite\aiosqlite.py", line 340, in _handle_exception
    raise error
  File "C:\Users\Play\AppData\Local\Programs\Python\Python311\Lib\site-packages\sqlalchemy\dialects\sqlite\aiosqlite.py", line 162, in execute
    self.await_(_cursor.execute(operation, parameters))
  File "C:\Users\Play\AppData\Local\Programs\Python\Python311\Lib\site-packages\sqlalchemy\util\_concurrency_py3k.py", line 132, in await_only
    return current.parent.switch(awaitable)  # type: ignore[no-any-return,attr-defined] # noqa: E501
           ^^^^^^^^^^^^^^^^^^^^^^^^^^^^^^^^
  File "C:\Users\Play\AppData\Local\Programs\Python\Python311\Lib\site-packages\sqlalchemy\util\_concurrency_py3k.py", line 196, in greenlet_spawn
    value = await result
            ^^^^^^^^^^^^
  File "C:\Users\Play\AppData\Local\Programs\Python\Python311\Lib\site-packages\aiosqlite\cursor.py", line 40, in execute
    await self._execute(self._cursor.execute, sql, parameters)
  File "C:\Users\Play\AppData\Local\Programs\Python\Python311\Lib\site-packages\aiosqlite\cursor.py", line 32, in _execute
    return await self._conn._execute(fn, *args, **kwargs)
           ^^^^^^^^^^^^^^^^^^^^^^^^^^^^^^^^^^^^^^^^^^^^^^
  File "C:\Users\Play\AppData\Local\Programs\Python\Python311\Lib\site-packages\aiosqlite\core.py", line 133, in _execute
    return await future
           ^^^^^^^^^^^^
  File "C:\Users\Play\AppData\Local\Programs\Python\Python311\Lib\site-packages\aiosqlite\core.py", line 65, in _connection_worker_thread
    result = function()
             ^^^^^^^^^^
sqlalchemy.exc.OperationalError: (sqlite3.OperationalError) no such table: dispatchers
[SQL: SELECT dispatchers.id, dispatchers.telegram_id, dispatchers.username, dispatchers.first_name, dispatchers.last_name, dispatchers.session_file, dispatchers.session_active, dispatchers.session_expires_at, dispatchers.created_at, dispatchers.updated_at 
FROM dispatchers 
WHERE dispatchers.telegram_id = ?]
[parameters: (5782455721,)]
(Background on this error at: https://sqlalche.me/e/20/e3q8)

During handling of the above exception, another exception occurred:

Traceback (most recent call last):
  File "C:\Users\Play\Desktop\disp-tax\src\bot\middleware\error_handler.py", line 21, in __call__
    return await handler(event, data)
           ^^^^^^^^^^^^^^^^^^^^^^^^^^
  File "C:\Users\Play\Desktop\disp-tax\src\bot\middleware\database.py", line 22, in __call__
    result = await handler(event, data)
             ^^^^^^^^^^^^^^^^^^^^^^^^^^
  File "C:\Users\Play\AppData\Local\Programs\Python\Python311\Lib\site-packages\aiogram\dispatcher\event\handler.py", line 43, in call
    return await wrapped()
           ^^^^^^^^^^^^^^^
  File "C:\Users\Play\Desktop\disp-tax\src\bot\handlers\settings_handlers.py", line 46, in settings_menu
    logger.error(f"Error in settings menu: {e}", exc_info=True)
  File "C:\Users\Play\AppData\Local\Programs\Python\Python311\Lib\site-packages\aiogram\methods\base.py", line 84, in emit
    return await bot(self)
           ^^^^^^^^^^^^^^^
  File "C:\Users\Play\AppData\Local\Programs\Python\Python311\Lib\site-packages\aiogram\client\bot.py", line 485, in __call__
    return await self.session(self, method, timeout=request_timeout)
           ^^^^^^^^^^^^^^^^^^^^^^^^^^^^^^^^^^^^^^^^^^^^^^^^^^^^^^^^^
  File "C:\Users\Play\AppData\Local\Programs\Python\Python311\Lib\site-packages\aiogram\client\session\base.py", line 259, in __call__
    return cast(TelegramType, await middleware(bot, method))
                              ^^^^^^^^^^^^^^^^^^^^^^^^^^^^^
  File "C:\Users\Play\AppData\Local\Programs\Python\Python311\Lib\site-packages\aiogram\client\session\aiohttp.py", line 177, in make_request
    response = self.check_response(
               ^^^^^^^^^^^^^^^^^^^^
  File "C:\Users\Play\AppData\Local\Programs\Python\Python311\Lib\site-packages\aiogram\client\session\base.py", line 121, in check_response
    raise TelegramBadRequest(method=method, message=description)
aiogram.exceptions.TelegramBadRequest: Telegram server says - Bad Request: MESSAGE_TOO_LONG
2025-12-16 23:53:13,932 - src.bot.middleware.error_handler - ERROR - Error in handler: Telegram server says - Bad Request: MESSAGE_TOO_LONG
Traceback (most recent call last):
  File "C:\Users\Play\AppData\Local\Programs\Python\Python311\Lib\site-packages\sqlalchemy\engine\base.py", line 1967, in _exec_single_context
    self.dialect.do_execute(
  File "C:\Users\Play\AppData\Local\Programs\Python\Python311\Lib\site-packages\sqlalchemy\engine\default.py", line 951, in do_execute
    cursor.execute(statement, parameters)
  File "C:\Users\Play\AppData\Local\Programs\Python\Python311\Lib\site-packages\sqlalchemy\dialects\sqlite\aiosqlite.py", line 180, in execute
    self._adapt_connection._handle_exception(error)
  File "C:\Users\Play\AppData\Local\Programs\Python\Python311\Lib\site-packages\sqlalchemy\dialects\sqlite\aiosqlite.py", line 340, in _handle_exception
    raise error
  File "C:\Users\Play\AppData\Local\Programs\Python\Python311\Lib\site-packages\sqlalchemy\dialects\sqlite\aiosqlite.py", line 162, in execute
    self.await_(_cursor.execute(operation, parameters))
  File "C:\Users\Play\AppData\Local\Programs\Python\Python311\Lib\site-packages\sqlalchemy\util\_concurrency_py3k.py", line 132, in await_only
    return current.parent.switch(awaitable)  # type: ignore[no-any-return,attr-defined] # noqa: E501
           ^^^^^^^^^^^^^^^^^^^^^^^^^^^^^^^^
  File "C:\Users\Play\AppData\Local\Programs\Python\Python311\Lib\site-packages\sqlalchemy\util\_concurrency_py3k.py", line 196, in greenlet_spawn
    value = await result
            ^^^^^^^^^^^^
  File "C:\Users\Play\AppData\Local\Programs\Python\Python311\Lib\site-packages\aiosqlite\cursor.py", line 40, in execute
    await self._execute(self._cursor.execute, sql, parameters)
  File "C:\Users\Play\AppData\Local\Programs\Python\Python311\Lib\site-packages\aiosqlite\cursor.py", line 32, in _execute
    return await self._conn._execute(fn, *args, **kwargs)
           ^^^^^^^^^^^^^^^^^^^^^^^^^^^^^^^^^^^^^^^^^^^^^^
  File "C:\Users\Play\AppData\Local\Programs\Python\Python311\Lib\site-packages\aiosqlite\core.py", line 133, in _execute
    return await future
           ^^^^^^^^^^^^
  File "C:\Users\Play\AppData\Local\Programs\Python\Python311\Lib\site-packages\aiosqlite\core.py", line 65, in _connection_worker_thread
    result = function()
             ^^^^^^^^^^
sqlite3.OperationalError: no such table: dispatchers

The above exception was the direct cause of the following exception:

Traceback (most recent call last):
  File "C:\Users\Play\Desktop\disp-tax\src\bot\handlers\settings_handlers.py", line 19, in settings_menu
    # Проверка, зарегистрирован ли диспетчер
          ^^^^^^^^^^^^^^^^^^^^^^^^^^^^^^^^^^
  File "C:\Users\Play\AppData\Local\Programs\Python\Python311\Lib\site-packages\sqlalchemy\ext\asyncio\session.py", line 449, in execute
    result = await greenlet_spawn(
             ^^^^^^^^^^^^^^^^^^^^^
  File "C:\Users\Play\AppData\Local\Programs\Python\Python311\Lib\site-packages\sqlalchemy\util\_concurrency_py3k.py", line 201, in greenlet_spawn
    result = context.throw(*sys.exc_info())
             ^^^^^^^^^^^^^^^^^^^^^^^^^^^^^^
  File "C:\Users\Play\AppData\Local\Programs\Python\Python311\Lib\site-packages\sqlalchemy\orm\session.py", line 2351, in execute
    return self._execute_internal(
           ^^^^^^^^^^^^^^^^^^^^^^^
  File "C:\Users\Play\AppData\Local\Programs\Python\Python311\Lib\site-packages\sqlalchemy\orm\session.py", line 2249, in _execute_internal
    result: Result[Any] = compile_state_cls.orm_execute_statement(
                          ^^^^^^^^^^^^^^^^^^^^^^^^^^^^^^^^^^^^^^^^
  File "C:\Users\Play\AppData\Local\Programs\Python\Python311\Lib\site-packages\sqlalchemy\orm\context.py", line 306, in orm_execute_statement
    result = conn.execute(
             ^^^^^^^^^^^^^
  File "C:\Users\Play\AppData\Local\Programs\Python\Python311\Lib\site-packages\sqlalchemy\engine\base.py", line 1419, in execute
    return meth(
           ^^^^^
  File "C:\Users\Play\AppData\Local\Programs\Python\Python311\Lib\site-packages\sqlalchemy\sql\elements.py", line 526, in _execute_on_connection
    return connection._execute_clauseelement(
           ^^^^^^^^^^^^^^^^^^^^^^^^^^^^^^^^^^
  File "C:\Users\Play\AppData\Local\Programs\Python\Python311\Lib\site-packages\sqlalchemy\engine\base.py", line 1641, in _execute_clauseelement
    ret = self._execute_context(
          ^^^^^^^^^^^^^^^^^^^^^^
  File "C:\Users\Play\AppData\Local\Programs\Python\Python311\Lib\site-packages\sqlalchemy\engine\base.py", line 1846, in _execute_context
    return self._exec_single_context(
           ^^^^^^^^^^^^^^^^^^^^^^^^^^
  File "C:\Users\Play\AppData\Local\Programs\Python\Python311\Lib\site-packages\sqlalchemy\engine\base.py", line 1986, in _exec_single_context
    self._handle_dbapi_exception(
  File "C:\Users\Play\AppData\Local\Programs\Python\Python311\Lib\site-packages\sqlalchemy\engine\base.py", line 2355, in _handle_dbapi_exception
    raise sqlalchemy_exception.with_traceback(exc_info[2]) from e
  File "C:\Users\Play\AppData\Local\Programs\Python\Python311\Lib\site-packages\sqlalchemy\engine\base.py", line 1967, in _exec_single_context
    self.dialect.do_execute(
  File "C:\Users\Play\AppData\Local\Programs\Python\Python311\Lib\site-packages\sqlalchemy\engine\default.py", line 951, in do_execute
    cursor.execute(statement, parameters)
  File "C:\Users\Play\AppData\Local\Programs\Python\Python311\Lib\site-packages\sqlalchemy\dialects\sqlite\aiosqlite.py", line 180, in execute
    self._adapt_connection._handle_exception(error)
  File "C:\Users\Play\AppData\Local\Programs\Python\Python311\Lib\site-packages\sqlalchemy\dialects\sqlite\aiosqlite.py", line 340, in _handle_exception
    raise error
  File "C:\Users\Play\AppData\Local\Programs\Python\Python311\Lib\site-packages\sqlalchemy\dialects\sqlite\aiosqlite.py", line 162, in execute
    self.await_(_cursor.execute(operation, parameters))
  File "C:\Users\Play\AppData\Local\Programs\Python\Python311\Lib\site-packages\sqlalchemy\util\_concurrency_py3k.py", line 132, in await_only
    return current.parent.switch(awaitable)  # type: ignore[no-any-return,attr-defined] # noqa: E501
           ^^^^^^^^^^^^^^^^^^^^^^^^^^^^^^^^
  File "C:\Users\Play\AppData\Local\Programs\Python\Python311\Lib\site-packages\sqlalchemy\util\_concurrency_py3k.py", line 196, in greenlet_spawn
    value = await result
            ^^^^^^^^^^^^
  File "C:\Users\Play\AppData\Local\Programs\Python\Python311\Lib\site-packages\aiosqlite\cursor.py", line 40, in execute
    await self._execute(self._cursor.execute, sql, parameters)
  File "C:\Users\Play\AppData\Local\Programs\Python\Python311\Lib\site-packages\aiosqlite\cursor.py", line 32, in _execute
    return await self._conn._execute(fn, *args, **kwargs)
           ^^^^^^^^^^^^^^^^^^^^^^^^^^^^^^^^^^^^^^^^^^^^^^
  File "C:\Users\Play\AppData\Local\Programs\Python\Python311\Lib\site-packages\aiosqlite\core.py", line 133, in _execute
    return await future
           ^^^^^^^^^^^^
  File "C:\Users\Play\AppData\Local\Programs\Python\Python311\Lib\site-packages\aiosqlite\core.py", line 65, in _connection_worker_thread
    result = function()
             ^^^^^^^^^^
sqlalchemy.exc.OperationalError: (sqlite3.OperationalError) no such table: dispatchers
[SQL: SELECT dispatchers.id, dispatchers.telegram_id, dispatchers.username, dispatchers.first_name, dispatchers.last_name, dispatchers.session_file, dispatchers.session_active, dispatchers.session_expires_at, dispatchers.created_at, dispatchers.updated_at 
FROM dispatchers 
WHERE dispatchers.telegram_id = ?]
[parameters: (5782455721,)]
(Background on this error at: https://sqlalche.me/e/20/e3q8)

During handling of the above exception, another exception occurred:

Traceback (most recent call last):
  File "C:\Users\Play\Desktop\disp-tax\src\bot\middleware\error_handler.py", line 21, in __call__
    return await handler(event, data)
           ^^^^^^^^^^^^^^^^^^^^^^^^^^
  File "C:\Users\Play\Desktop\disp-tax\src\bot\middleware\database.py", line 22, in __call__
    result = await handler(event, data)
             ^^^^^^^^^^^^^^^^^^^^^^^^^^
  File "C:\Users\Play\AppData\Local\Programs\Python\Python311\Lib\site-packages\aiogram\dispatcher\event\handler.py", line 43, in call
    return await wrapped()
           ^^^^^^^^^^^^^^^
  File "C:\Users\Play\Desktop\disp-tax\src\bot\handlers\settings_handlers.py", line 46, in settings_menu
    logger.error(f"Error in settings menu: {e}", exc_info=True)
  File "C:\Users\Play\AppData\Local\Programs\Python\Python311\Lib\site-packages\aiogram\methods\base.py", line 84, in emit
    return await bot(self)
           ^^^^^^^^^^^^^^^
  File "C:\Users\Play\AppData\Local\Programs\Python\Python311\Lib\site-packages\aiogram\client\bot.py", line 485, in __call__
    return await self.session(self, method, timeout=request_timeout)
           ^^^^^^^^^^^^^^^^^^^^^^^^^^^^^^^^^^^^^^^^^^^^^^^^^^^^^^^^^
  File "C:\Users\Play\AppData\Local\Programs\Python\Python311\Lib\site-packages\aiogram\client\session\base.py", line 259, in __call__
    return cast(TelegramType, await middleware(bot, method))
                              ^^^^^^^^^^^^^^^^^^^^^^^^^^^^^
  File "C:\Users\Play\AppData\Local\Programs\Python\Python311\Lib\site-packages\aiogram\client\session\aiohttp.py", line 177, in make_request
    response = self.check_response(
               ^^^^^^^^^^^^^^^^^^^^
  File "C:\Users\Play\AppData\Local\Programs\Python\Python311\Lib\site-packages\aiogram\client\session\base.py", line 121, in check_response
    raise TelegramBadRequest(method=method, message=description)
aiogram.exceptions.TelegramBadRequest: Telegram server says - Bad Request: MESSAGE_TOO_LONG
2025-12-16 23:53:14,021 - src.bot.middleware.logging_middleware - ERROR - Handler failed: Telegram server says - Bad Request: MESSAGE_TOO_LONG
Traceback (most recent call last):
  File "C:\Users\Play\AppData\Local\Programs\Python\Python311\Lib\site-packages\sqlalchemy\engine\base.py", line 1967, in _exec_single_context
    self.dialect.do_execute(
  File "C:\Users\Play\AppData\Local\Programs\Python\Python311\Lib\site-packages\sqlalchemy\engine\default.py", line 951, in do_execute
    cursor.execute(statement, parameters)
  File "C:\Users\Play\AppData\Local\Programs\Python\Python311\Lib\site-packages\sqlalchemy\dialects\sqlite\aiosqlite.py", line 180, in execute
    self._adapt_connection._handle_exception(error)
  File "C:\Users\Play\AppData\Local\Programs\Python\Python311\Lib\site-packages\sqlalchemy\dialects\sqlite\aiosqlite.py", line 340, in _handle_exception
    raise error
  File "C:\Users\Play\AppData\Local\Programs\Python\Python311\Lib\site-packages\sqlalchemy\dialects\sqlite\aiosqlite.py", line 162, in execute
    self.await_(_cursor.execute(operation, parameters))
  File "C:\Users\Play\AppData\Local\Programs\Python\Python311\Lib\site-packages\sqlalchemy\util\_concurrency_py3k.py", line 132, in await_only
    return current.parent.switch(awaitable)  # type: ignore[no-any-return,attr-defined] # noqa: E501
           ^^^^^^^^^^^^^^^^^^^^^^^^^^^^^^^^
  File "C:\Users\Play\AppData\Local\Programs\Python\Python311\Lib\site-packages\sqlalchemy\util\_concurrency_py3k.py", line 196, in greenlet_spawn
    value = await result
            ^^^^^^^^^^^^
  File "C:\Users\Play\AppData\Local\Programs\Python\Python311\Lib\site-packages\aiosqlite\cursor.py", line 40, in execute
    await self._execute(self._cursor.execute, sql, parameters)
  File "C:\Users\Play\AppData\Local\Programs\Python\Python311\Lib\site-packages\aiosqlite\cursor.py", line 32, in _execute
    return await self._conn._execute(fn, *args, **kwargs)
           ^^^^^^^^^^^^^^^^^^^^^^^^^^^^^^^^^^^^^^^^^^^^^^
  File "C:\Users\Play\AppData\Local\Programs\Python\Python311\Lib\site-packages\aiosqlite\core.py", line 133, in _execute
    return await future
           ^^^^^^^^^^^^
  File "C:\Users\Play\AppData\Local\Programs\Python\Python311\Lib\site-packages\aiosqlite\core.py", line 65, in _connection_worker_thread
    result = function()
             ^^^^^^^^^^
sqlite3.OperationalError: no such table: dispatchers

The above exception was the direct cause of the following exception:

Traceback (most recent call last):
  File "C:\Users\Play\Desktop\disp-tax\src\bot\handlers\settings_handlers.py", line 19, in settings_menu
    # Проверка, зарегистрирован ли диспетчер
          ^^^^^^^^^^^^^^^^^^^^^^^^^^^^^^^^^^
  File "C:\Users\Play\AppData\Local\Programs\Python\Python311\Lib\site-packages\sqlalchemy\ext\asyncio\session.py", line 449, in execute
    result = await greenlet_spawn(
             ^^^^^^^^^^^^^^^^^^^^^
  File "C:\Users\Play\AppData\Local\Programs\Python\Python311\Lib\site-packages\sqlalchemy\util\_concurrency_py3k.py", line 201, in greenlet_spawn
    result = context.throw(*sys.exc_info())
             ^^^^^^^^^^^^^^^^^^^^^^^^^^^^^^
  File "C:\Users\Play\AppData\Local\Programs\Python\Python311\Lib\site-packages\sqlalchemy\orm\session.py", line 2351, in execute
    return self._execute_internal(
           ^^^^^^^^^^^^^^^^^^^^^^^
  File "C:\Users\Play\AppData\Local\Programs\Python\Python311\Lib\site-packages\sqlalchemy\orm\session.py", line 2249, in _execute_internal
    result: Result[Any] = compile_state_cls.orm_execute_statement(
                          ^^^^^^^^^^^^^^^^^^^^^^^^^^^^^^^^^^^^^^^^
  File "C:\Users\Play\AppData\Local\Programs\Python\Python311\Lib\site-packages\sqlalchemy\orm\context.py", line 306, in orm_execute_statement
    result = conn.execute(
             ^^^^^^^^^^^^^
  File "C:\Users\Play\AppData\Local\Programs\Python\Python311\Lib\site-packages\sqlalchemy\engine\base.py", line 1419, in execute
    return meth(
           ^^^^^
  File "C:\Users\Play\AppData\Local\Programs\Python\Python311\Lib\site-packages\sqlalchemy\sql\elements.py", line 526, in _execute_on_connection
    return connection._execute_clauseelement(
           ^^^^^^^^^^^^^^^^^^^^^^^^^^^^^^^^^^
  File "C:\Users\Play\AppData\Local\Programs\Python\Python311\Lib\site-packages\sqlalchemy\engine\base.py", line 1641, in _execute_clauseelement
    ret = self._execute_context(
          ^^^^^^^^^^^^^^^^^^^^^^
  File "C:\Users\Play\AppData\Local\Programs\Python\Python311\Lib\site-packages\sqlalchemy\engine\base.py", line 1846, in _execute_context
    return self._exec_single_context(
           ^^^^^^^^^^^^^^^^^^^^^^^^^^
  File "C:\Users\Play\AppData\Local\Programs\Python\Python311\Lib\site-packages\sqlalchemy\engine\base.py", line 1986, in _exec_single_context
    self._handle_dbapi_exception(
  File "C:\Users\Play\AppData\Local\Programs\Python\Python311\Lib\site-packages\sqlalchemy\engine\base.py", line 2355, in _handle_dbapi_exception
    raise sqlalchemy_exception.with_traceback(exc_info[2]) from e
  File "C:\Users\Play\AppData\Local\Programs\Python\Python311\Lib\site-packages\sqlalchemy\engine\base.py", line 1967, in _exec_single_context
    self.dialect.do_execute(
  File "C:\Users\Play\AppData\Local\Programs\Python\Python311\Lib\site-packages\sqlalchemy\engine\default.py", line 951, in do_execute
    cursor.execute(statement, parameters)
  File "C:\Users\Play\AppData\Local\Programs\Python\Python311\Lib\site-packages\sqlalchemy\dialects\sqlite\aiosqlite.py", line 180, in execute
    self._adapt_connection._handle_exception(error)
  File "C:\Users\Play\AppData\Local\Programs\Python\Python311\Lib\site-packages\sqlalchemy\dialects\sqlite\aiosqlite.py", line 340, in _handle_exception
    raise error
  File "C:\Users\Play\AppData\Local\Programs\Python\Python311\Lib\site-packages\sqlalchemy\dialects\sqlite\aiosqlite.py", line 162, in execute
    self.await_(_cursor.execute(operation, parameters))
  File "C:\Users\Play\AppData\Local\Programs\Python\Python311\Lib\site-packages\sqlalchemy\util\_concurrency_py3k.py", line 132, in await_only
    return current.parent.switch(awaitable)  # type: ignore[no-any-return,attr-defined] # noqa: E501
           ^^^^^^^^^^^^^^^^^^^^^^^^^^^^^^^^
  File "C:\Users\Play\AppData\Local\Programs\Python\Python311\Lib\site-packages\sqlalchemy\util\_concurrency_py3k.py", line 196, in greenlet_spawn
    value = await result
            ^^^^^^^^^^^^
  File "C:\Users\Play\AppData\Local\Programs\Python\Python311\Lib\site-packages\aiosqlite\cursor.py", line 40, in execute
    await self._execute(self._cursor.execute, sql, parameters)
  File "C:\Users\Play\AppData\Local\Programs\Python\Python311\Lib\site-packages\aiosqlite\cursor.py", line 32, in _execute
    return await self._conn._execute(fn, *args, **kwargs)
           ^^^^^^^^^^^^^^^^^^^^^^^^^^^^^^^^^^^^^^^^^^^^^^
  File "C:\Users\Play\AppData\Local\Programs\Python\Python311\Lib\site-packages\aiosqlite\core.py", line 133, in _execute
    return await future
           ^^^^^^^^^^^^
  File "C:\Users\Play\AppData\Local\Programs\Python\Python311\Lib\site-packages\aiosqlite\core.py", line 65, in _connection_worker_thread
    result = function()
             ^^^^^^^^^^
sqlalchemy.exc.OperationalError: (sqlite3.OperationalError) no such table: dispatchers
[SQL: SELECT dispatchers.id, dispatchers.telegram_id, dispatchers.username, dispatchers.first_name, dispatchers.last_name, dispatchers.session_file, dispatchers.session_active, dispatchers.session_expires_at, dispatchers.created_at, dispatchers.updated_at 
FROM dispatchers 
WHERE dispatchers.telegram_id = ?]
[parameters: (5782455721,)]
(Background on this error at: https://sqlalche.me/e/20/e3q8)

During handling of the above exception, another exception occurred:

Traceback (most recent call last):
  File "C:\Users\Play\Desktop\disp-tax\src\bot\middleware\logging_middleware.py", line 27, in __call__
    result = await handler(event, data)
             ^^^^^^^^^^^^^^^^^^^^^^^^^^
  File "C:\Users\Play\Desktop\disp-tax\src\bot\middleware\error_handler.py", line 21, in __call__
    return await handler(event, data)
           ^^^^^^^^^^^^^^^^^^^^^^^^^^
  File "C:\Users\Play\Desktop\disp-tax\src\bot\middleware\database.py", line 22, in __call__
    result = await handler(event, data)
             ^^^^^^^^^^^^^^^^^^^^^^^^^^
  File "C:\Users\Play\AppData\Local\Programs\Python\Python311\Lib\site-packages\aiogram\dispatcher\event\handler.py", line 43, in call
    return await wrapped()
           ^^^^^^^^^^^^^^^
  File "C:\Users\Play\Desktop\disp-tax\src\bot\handlers\settings_handlers.py", line 46, in settings_menu
    logger.error(f"Error in settings menu: {e}", exc_info=True)
  File "C:\Users\Play\AppData\Local\Programs\Python\Python311\Lib\site-packages\aiogram\methods\base.py", line 84, in emit
    return await bot(self)
           ^^^^^^^^^^^^^^^
  File "C:\Users\Play\AppData\Local\Programs\Python\Python311\Lib\site-packages\aiogram\client\bot.py", line 485, in __call__
    return await self.session(self, method, timeout=request_timeout)
           ^^^^^^^^^^^^^^^^^^^^^^^^^^^^^^^^^^^^^^^^^^^^^^^^^^^^^^^^^
  File "C:\Users\Play\AppData\Local\Programs\Python\Python311\Lib\site-packages\aiogram\client\session\base.py", line 259, in __call__
    return cast(TelegramType, await middleware(bot, method))
                              ^^^^^^^^^^^^^^^^^^^^^^^^^^^^^
  File "C:\Users\Play\AppData\Local\Programs\Python\Python311\Lib\site-packages\aiogram\client\session\aiohttp.py", line 177, in make_request
    response = self.check_response(
               ^^^^^^^^^^^^^^^^^^^^
  File "C:\Users\Play\AppData\Local\Programs\Python\Python311\Lib\site-packages\aiogram\client\session\base.py", line 121, in check_response
    raise TelegramBadRequest(method=method, message=description)
aiogram.exceptions.TelegramBadRequest: Telegram server says - Bad Request: MESSAGE_TOO_LONG
2025-12-16 23:53:14,021 - src.bot.middleware.logging_middleware - ERROR - Handler failed: Telegram server says - Bad Request: MESSAGE_TOO_LONG
Traceback (most recent call last):
  File "C:\Users\Play\AppData\Local\Programs\Python\Python311\Lib\site-packages\sqlalchemy\engine\base.py", line 1967, in _exec_single_context
    self.dialect.do_execute(
  File "C:\Users\Play\AppData\Local\Programs\Python\Python311\Lib\site-packages\sqlalchemy\engine\default.py", line 951, in do_execute
    cursor.execute(statement, parameters)
  File "C:\Users\Play\AppData\Local\Programs\Python\Python311\Lib\site-packages\sqlalchemy\dialects\sqlite\aiosqlite.py", line 180, in execute
    self._adapt_connection._handle_exception(error)
  File "C:\Users\Play\AppData\Local\Programs\Python\Python311\Lib\site-packages\sqlalchemy\dialects\sqlite\aiosqlite.py", line 340, in _handle_exception
    raise error
  File "C:\Users\Play\AppData\Local\Programs\Python\Python311\Lib\site-packages\sqlalchemy\dialects\sqlite\aiosqlite.py", line 162, in execute
    self.await_(_cursor.execute(operation, parameters))
  File "C:\Users\Play\AppData\Local\Programs\Python\Python311\Lib\site-packages\sqlalchemy\util\_concurrency_py3k.py", line 132, in await_only
    return current.parent.switch(awaitable)  # type: ignore[no-any-return,attr-defined] # noqa: E501
           ^^^^^^^^^^^^^^^^^^^^^^^^^^^^^^^^
  File "C:\Users\Play\AppData\Local\Programs\Python\Python311\Lib\site-packages\sqlalchemy\util\_concurrency_py3k.py", line 196, in greenlet_spawn
    value = await result
            ^^^^^^^^^^^^
  File "C:\Users\Play\AppData\Local\Programs\Python\Python311\Lib\site-packages\aiosqlite\cursor.py", line 40, in execute
    await self._execute(self._cursor.execute, sql, parameters)
  File "C:\Users\Play\AppData\Local\Programs\Python\Python311\Lib\site-packages\aiosqlite\cursor.py", line 32, in _execute
    return await self._conn._execute(fn, *args, **kwargs)
           ^^^^^^^^^^^^^^^^^^^^^^^^^^^^^^^^^^^^^^^^^^^^^^
  File "C:\Users\Play\AppData\Local\Programs\Python\Python311\Lib\site-packages\aiosqlite\core.py", line 133, in _execute
    return await future
           ^^^^^^^^^^^^
  File "C:\Users\Play\AppData\Local\Programs\Python\Python311\Lib\site-packages\aiosqlite\core.py", line 65, in _connection_worker_thread
    result = function()
             ^^^^^^^^^^
sqlite3.OperationalError: no such table: dispatchers

The above exception was the direct cause of the following exception:

Traceback (most recent call last):
  File "C:\Users\Play\Desktop\disp-tax\src\bot\handlers\settings_handlers.py", line 19, in settings_menu
    # Проверка, зарегистрирован ли диспетчер
          ^^^^^^^^^^^^^^^^^^^^^^^^^^^^^^^^^^
  File "C:\Users\Play\AppData\Local\Programs\Python\Python311\Lib\site-packages\sqlalchemy\ext\asyncio\session.py", line 449, in execute
    result = await greenlet_spawn(
             ^^^^^^^^^^^^^^^^^^^^^
  File "C:\Users\Play\AppData\Local\Programs\Python\Python311\Lib\site-packages\sqlalchemy\util\_concurrency_py3k.py", line 201, in greenlet_spawn
    result = context.throw(*sys.exc_info())
             ^^^^^^^^^^^^^^^^^^^^^^^^^^^^^^
  File "C:\Users\Play\AppData\Local\Programs\Python\Python311\Lib\site-packages\sqlalchemy\orm\session.py", line 2351, in execute
    return self._execute_internal(
           ^^^^^^^^^^^^^^^^^^^^^^^
  File "C:\Users\Play\AppData\Local\Programs\Python\Python311\Lib\site-packages\sqlalchemy\orm\session.py", line 2249, in _execute_internal
    result: Result[Any] = compile_state_cls.orm_execute_statement(
                          ^^^^^^^^^^^^^^^^^^^^^^^^^^^^^^^^^^^^^^^^
  File "C:\Users\Play\AppData\Local\Programs\Python\Python311\Lib\site-packages\sqlalchemy\orm\context.py", line 306, in orm_execute_statement
    result = conn.execute(
             ^^^^^^^^^^^^^
  File "C:\Users\Play\AppData\Local\Programs\Python\Python311\Lib\site-packages\sqlalchemy\engine\base.py", line 1419, in execute
    return meth(
           ^^^^^
  File "C:\Users\Play\AppData\Local\Programs\Python\Python311\Lib\site-packages\sqlalchemy\sql\elements.py", line 526, in _execute_on_connection
    return connection._execute_clauseelement(
           ^^^^^^^^^^^^^^^^^^^^^^^^^^^^^^^^^^
  File "C:\Users\Play\AppData\Local\Programs\Python\Python311\Lib\site-packages\sqlalchemy\engine\base.py", line 1641, in _execute_clauseelement
    ret = self._execute_context(
          ^^^^^^^^^^^^^^^^^^^^^^
  File "C:\Users\Play\AppData\Local\Programs\Python\Python311\Lib\site-packages\sqlalchemy\engine\base.py", line 1846, in _execute_context
    return self._exec_single_context(
           ^^^^^^^^^^^^^^^^^^^^^^^^^^
  File "C:\Users\Play\AppData\Local\Programs\Python\Python311\Lib\site-packages\sqlalchemy\engine\base.py", line 1986, in _exec_single_context
    self._handle_dbapi_exception(
  File "C:\Users\Play\AppData\Local\Programs\Python\Python311\Lib\site-packages\sqlalchemy\engine\base.py", line 2355, in _handle_dbapi_exception
    raise sqlalchemy_exception.with_traceback(exc_info[2]) from e
  File "C:\Users\Play\AppData\Local\Programs\Python\Python311\Lib\site-packages\sqlalchemy\engine\base.py", line 1967, in _exec_single_context
    self.dialect.do_execute(
  File "C:\Users\Play\AppData\Local\Programs\Python\Python311\Lib\site-packages\sqlalchemy\engine\default.py", line 951, in do_execute
    cursor.execute(statement, parameters)
  File "C:\Users\Play\AppData\Local\Programs\Python\Python311\Lib\site-packages\sqlalchemy\dialects\sqlite\aiosqlite.py", line 180, in execute
    self._adapt_connection._handle_exception(error)
  File "C:\Users\Play\AppData\Local\Programs\Python\Python311\Lib\site-packages\sqlalchemy\dialects\sqlite\aiosqlite.py", line 340, in _handle_exception
    raise error
  File "C:\Users\Play\AppData\Local\Programs\Python\Python311\Lib\site-packages\sqlalchemy\dialects\sqlite\aiosqlite.py", line 162, in execute
    self.await_(_cursor.execute(operation, parameters))
  File "C:\Users\Play\AppData\Local\Programs\Python\Python311\Lib\site-packages\sqlalchemy\util\_concurrency_py3k.py", line 132, in await_only
    return current.parent.switch(awaitable)  # type: ignore[no-any-return,attr-defined] # noqa: E501
           ^^^^^^^^^^^^^^^^^^^^^^^^^^^^^^^^
  File "C:\Users\Play\AppData\Local\Programs\Python\Python311\Lib\site-packages\sqlalchemy\util\_concurrency_py3k.py", line 196, in greenlet_spawn
    value = await result
            ^^^^^^^^^^^^
  File "C:\Users\Play\AppData\Local\Programs\Python\Python311\Lib\site-packages\aiosqlite\cursor.py", line 40, in execute
    await self._execute(self._cursor.execute, sql, parameters)
  File "C:\Users\Play\AppData\Local\Programs\Python\Python311\Lib\site-packages\aiosqlite\cursor.py", line 32, in _execute
    return await self._conn._execute(fn, *args, **kwargs)
           ^^^^^^^^^^^^^^^^^^^^^^^^^^^^^^^^^^^^^^^^^^^^^^
  File "C:\Users\Play\AppData\Local\Programs\Python\Python311\Lib\site-packages\aiosqlite\core.py", line 133, in _execute
    return await future
           ^^^^^^^^^^^^
  File "C:\Users\Play\AppData\Local\Programs\Python\Python311\Lib\site-packages\aiosqlite\core.py", line 65, in _connection_worker_thread
    result = function()
             ^^^^^^^^^^
sqlalchemy.exc.OperationalError: (sqlite3.OperationalError) no such table: dispatchers
[SQL: SELECT dispatchers.id, dispatchers.telegram_id, dispatchers.username, dispatchers.first_name, dispatchers.last_name, dispatchers.session_file, dispatchers.session_active, dispatchers.session_expires_at, dispatchers.created_at, dispatchers.updated_at 
FROM dispatchers 
WHERE dispatchers.telegram_id = ?]
[parameters: (5782455721,)]
(Background on this error at: https://sqlalche.me/e/20/e3q8)

During handling of the above exception, another exception occurred:

Traceback (most recent call last):
  File "C:\Users\Play\Desktop\disp-tax\src\bot\middleware\logging_middleware.py", line 27, in __call__
    result = await handler(event, data)
             ^^^^^^^^^^^^^^^^^^^^^^^^^^
  File "C:\Users\Play\Desktop\disp-tax\src\bot\middleware\error_handler.py", line 21, in __call__
    return await handler(event, data)
           ^^^^^^^^^^^^^^^^^^^^^^^^^^
  File "C:\Users\Play\Desktop\disp-tax\src\bot\middleware\database.py", line 22, in __call__
    result = await handler(event, data)
             ^^^^^^^^^^^^^^^^^^^^^^^^^^
  File "C:\Users\Play\AppData\Local\Programs\Python\Python311\Lib\site-packages\aiogram\dispatcher\event\handler.py", line 43, in call
    return await wrapped()
           ^^^^^^^^^^^^^^^
  File "C:\Users\Play\Desktop\disp-tax\src\bot\handlers\settings_handlers.py", line 46, in settings_menu
    logger.error(f"Error in settings menu: {e}", exc_info=True)
  File "C:\Users\Play\AppData\Local\Programs\Python\Python311\Lib\site-packages\aiogram\methods\base.py", line 84, in emit
    return await bot(self)
           ^^^^^^^^^^^^^^^
  File "C:\Users\Play\AppData\Local\Programs\Python\Python311\Lib\site-packages\aiogram\client\bot.py", line 485, in __call__
    return await self.session(self, method, timeout=request_timeout)
           ^^^^^^^^^^^^^^^^^^^^^^^^^^^^^^^^^^^^^^^^^^^^^^^^^^^^^^^^^
  File "C:\Users\Play\AppData\Local\Programs\Python\Python311\Lib\site-packages\aiogram\client\session\base.py", line 259, in __call__
    return cast(TelegramType, await middleware(bot, method))
                              ^^^^^^^^^^^^^^^^^^^^^^^^^^^^^
  File "C:\Users\Play\AppData\Local\Programs\Python\Python311\Lib\site-packages\aiogram\client\session\aiohttp.py", line 177, in make_request
    response = self.check_response(
               ^^^^^^^^^^^^^^^^^^^^
  File "C:\Users\Play\AppData\Local\Programs\Python\Python311\Lib\site-packages\aiogram\client\session\base.py", line 121, in check_response
    raise TelegramBadRequest(method=method, message=description)
aiogram.exceptions.TelegramBadRequest: Telegram server says - Bad Request: MESSAGE_TOO_LONG
2025-12-16 23:53:14,030 - aiogram.event - INFO - Update id=873021212 is not handled. Duration 186 ms by bot id=8589419100
2025-12-16 23:53:14,030 - aiogram.event - INFO - Update id=873021212 is not handled. Duration 186 ms by bot id=8589419100
2025-12-16 23:53:14,030 - aiogram.event - ERROR - Cause exception while process update id=873021212 by bot id=8589419100
TelegramBadRequest: Telegram server says - Bad Request: MESSAGE_TOO_LONG
Traceback (most recent call last):
  File "C:\Users\Play\AppData\Local\Programs\Python\Python311\Lib\site-packages\sqlalchemy\engine\base.py", line 1967, in _exec_single_context
    self.dialect.do_execute(
  File "C:\Users\Play\AppData\Local\Programs\Python\Python311\Lib\site-packages\sqlalchemy\engine\default.py", line 951, in do_execute
    cursor.execute(statement, parameters)
  File "C:\Users\Play\AppData\Local\Programs\Python\Python311\Lib\site-packages\sqlalchemy\dialects\sqlite\aiosqlite.py", line 180, in execute
    self._adapt_connection._handle_exception(error)
  File "C:\Users\Play\AppData\Local\Programs\Python\Python311\Lib\site-packages\sqlalchemy\dialects\sqlite\aiosqlite.py", line 340, in _handle_exception
    raise error
  File "C:\Users\Play\AppData\Local\Programs\Python\Python311\Lib\site-packages\sqlalchemy\dialects\sqlite\aiosqlite.py", line 162, in execute
    self.await_(_cursor.execute(operation, parameters))
  File "C:\Users\Play\AppData\Local\Programs\Python\Python311\Lib\site-packages\sqlalchemy\util\_concurrency_py3k.py", line 132, in await_only
    return current.parent.switch(awaitable)  # type: ignore[no-any-return,attr-defined] # noqa: E501
           ^^^^^^^^^^^^^^^^^^^^^^^^^^^^^^^^
  File "C:\Users\Play\AppData\Local\Programs\Python\Python311\Lib\site-packages\sqlalchemy\util\_concurrency_py3k.py", line 196, in greenlet_spawn
    value = await result
            ^^^^^^^^^^^^
  File "C:\Users\Play\AppData\Local\Programs\Python\Python311\Lib\site-packages\aiosqlite\cursor.py", line 40, in execute
    await self._execute(self._cursor.execute, sql, parameters)
  File "C:\Users\Play\AppData\Local\Programs\Python\Python311\Lib\site-packages\aiosqlite\cursor.py", line 32, in _execute
    return await self._conn._execute(fn, *args, **kwargs)
           ^^^^^^^^^^^^^^^^^^^^^^^^^^^^^^^^^^^^^^^^^^^^^^
  File "C:\Users\Play\AppData\Local\Programs\Python\Python311\Lib\site-packages\aiosqlite\core.py", line 133, in _execute
    return await future
           ^^^^^^^^^^^^
  File "C:\Users\Play\AppData\Local\Programs\Python\Python311\Lib\site-packages\aiosqlite\core.py", line 65, in _connection_worker_thread
    result = function()
             ^^^^^^^^^^
sqlite3.OperationalError: no such table: dispatchers

The above exception was the direct cause of the following exception:

Traceback (most recent call last):
  File "C:\Users\Play\Desktop\disp-tax\src\bot\handlers\settings_handlers.py", line 19, in settings_menu
    # Проверка, зарегистрирован ли диспетчер
          ^^^^^^^^^^^^^^^^^^^^^^^^^^^^^^^^^^
  File "C:\Users\Play\AppData\Local\Programs\Python\Python311\Lib\site-packages\sqlalchemy\ext\asyncio\session.py", line 449, in execute
    result = await greenlet_spawn(
             ^^^^^^^^^^^^^^^^^^^^^
  File "C:\Users\Play\AppData\Local\Programs\Python\Python311\Lib\site-packages\sqlalchemy\util\_concurrency_py3k.py", line 201, in greenlet_spawn
    result = context.throw(*sys.exc_info())
             ^^^^^^^^^^^^^^^^^^^^^^^^^^^^^^
  File "C:\Users\Play\AppData\Local\Programs\Python\Python311\Lib\site-packages\sqlalchemy\orm\session.py", line 2351, in execute
    return self._execute_internal(
           ^^^^^^^^^^^^^^^^^^^^^^^
  File "C:\Users\Play\AppData\Local\Programs\Python\Python311\Lib\site-packages\sqlalchemy\orm\session.py", line 2249, in _execute_internal
    result: Result[Any] = compile_state_cls.orm_execute_statement(
                          ^^^^^^^^^^^^^^^^^^^^^^^^^^^^^^^^^^^^^^^^
  File "C:\Users\Play\AppData\Local\Programs\Python\Python311\Lib\site-packages\sqlalchemy\orm\context.py", line 306, in orm_execute_statement
    result = conn.execute(
             ^^^^^^^^^^^^^
  File "C:\Users\Play\AppData\Local\Programs\Python\Python311\Lib\site-packages\sqlalchemy\engine\base.py", line 1419, in execute
    return meth(
           ^^^^^
  File "C:\Users\Play\AppData\Local\Programs\Python\Python311\Lib\site-packages\sqlalchemy\sql\elements.py", line 526, in _execute_on_connection
    return connection._execute_clauseelement(
           ^^^^^^^^^^^^^^^^^^^^^^^^^^^^^^^^^^
  File "C:\Users\Play\AppData\Local\Programs\Python\Python311\Lib\site-packages\sqlalchemy\engine\base.py", line 1641, in _execute_clauseelement
    ret = self._execute_context(
          ^^^^^^^^^^^^^^^^^^^^^^
  File "C:\Users\Play\AppData\Local\Programs\Python\Python311\Lib\site-packages\sqlalchemy\engine\base.py", line 1846, in _execute_context
    return self._exec_single_context(
           ^^^^^^^^^^^^^^^^^^^^^^^^^^
  File "C:\Users\Play\AppData\Local\Programs\Python\Python311\Lib\site-packages\sqlalchemy\engine\base.py", line 1986, in _exec_single_context
    self._handle_dbapi_exception(
  File "C:\Users\Play\AppData\Local\Programs\Python\Python311\Lib\site-packages\sqlalchemy\engine\base.py", line 2355, in _handle_dbapi_exception
    raise sqlalchemy_exception.with_traceback(exc_info[2]) from e
  File "C:\Users\Play\AppData\Local\Programs\Python\Python311\Lib\site-packages\sqlalchemy\engine\base.py", line 1967, in _exec_single_context
    self.dialect.do_execute(
  File "C:\Users\Play\AppData\Local\Programs\Python\Python311\Lib\site-packages\sqlalchemy\engine\default.py", line 951, in do_execute
    cursor.execute(statement, parameters)
  File "C:\Users\Play\AppData\Local\Programs\Python\Python311\Lib\site-packages\sqlalchemy\dialects\sqlite\aiosqlite.py", line 180, in execute
    self._adapt_connection._handle_exception(error)
  File "C:\Users\Play\AppData\Local\Programs\Python\Python311\Lib\site-packages\sqlalchemy\dialects\sqlite\aiosqlite.py", line 340, in _handle_exception
    raise error
  File "C:\Users\Play\AppData\Local\Programs\Python\Python311\Lib\site-packages\sqlalchemy\dialects\sqlite\aiosqlite.py", line 162, in execute
    self.await_(_cursor.execute(operation, parameters))
  File "C:\Users\Play\AppData\Local\Programs\Python\Python311\Lib\site-packages\sqlalchemy\util\_concurrency_py3k.py", line 132, in await_only
    return current.parent.switch(awaitable)  # type: ignore[no-any-return,attr-defined] # noqa: E501
           ^^^^^^^^^^^^^^^^^^^^^^^^^^^^^^^^
  File "C:\Users\Play\AppData\Local\Programs\Python\Python311\Lib\site-packages\sqlalchemy\util\_concurrency_py3k.py", line 196, in greenlet_spawn
    value = await result
            ^^^^^^^^^^^^
  File "C:\Users\Play\AppData\Local\Programs\Python\Python311\Lib\site-packages\aiosqlite\cursor.py", line 40, in execute
    await self._execute(self._cursor.execute, sql, parameters)
  File "C:\Users\Play\AppData\Local\Programs\Python\Python311\Lib\site-packages\aiosqlite\cursor.py", line 32, in _execute
    return await self._conn._execute(fn, *args, **kwargs)
           ^^^^^^^^^^^^^^^^^^^^^^^^^^^^^^^^^^^^^^^^^^^^^^
  File "C:\Users\Play\AppData\Local\Programs\Python\Python311\Lib\site-packages\aiosqlite\core.py", line 133, in _execute
    return await future
           ^^^^^^^^^^^^
  File "C:\Users\Play\AppData\Local\Programs\Python\Python311\Lib\site-packages\aiosqlite\core.py", line 65, in _connection_worker_thread
    result = function()
             ^^^^^^^^^^
sqlalchemy.exc.OperationalError: (sqlite3.OperationalError) no such table: dispatchers
[SQL: SELECT dispatchers.id, dispatchers.telegram_id, dispatchers.username, dispatchers.first_name, dispatchers.last_name, dispatchers.session_file, dispatchers.session_active, dispatchers.session_expires_at, dispatchers.created_at, dispatchers.updated_at 
FROM dispatchers 
WHERE dispatchers.telegram_id = ?]
[parameters: (5782455721,)]
(Background on this error at: https://sqlalche.me/e/20/e3q8)

During handling of the above exception, another exception occurred:

Traceback (most recent call last):
  File "C:\Users\Play\AppData\Local\Programs\Python\Python311\Lib\site-packages\aiogram\dispatcher\dispatcher.py", line 320, in _process_update
    response = await self.feed_update(bot, update, **kwargs)
               ^^^^^^^^^^^^^^^^^^^^^^^^^^^^^^^^^^^^^^^^^^^^^
  File "C:\Users\Play\AppData\Local\Programs\Python\Python311\Lib\site-packages\aiogram\dispatcher\dispatcher.py", line 164, in feed_update
    response = await self.update.wrap_outer_middleware(
               ^^^^^^^^^^^^^^^^^^^^^^^^^^^^^^^^^^^^^^^^
  File "C:\Users\Play\AppData\Local\Programs\Python\Python311\Lib\site-packages\aiogram\dispatcher\middlewares\error.py", line 27, in __call__
    return await handler(event, data)
           ^^^^^^^^^^^^^^^^^^^^^^^^^^
  File "C:\Users\Play\AppData\Local\Programs\Python\Python311\Lib\site-packages\aiogram\dispatcher\middlewares\user_context.py", line 58, in __call__
    return await handler(event, data)
           ^^^^^^^^^^^^^^^^^^^^^^^^^^
  File "C:\Users\Play\AppData\Local\Programs\Python\Python311\Lib\site-packages\aiogram\fsm\middleware.py", line 43, in __call__
    return await handler(event, data)
           ^^^^^^^^^^^^^^^^^^^^^^^^^^
  File "C:\Users\Play\AppData\Local\Programs\Python\Python311\Lib\site-packages\aiogram\dispatcher\event\telegram.py", line 126, in trigger
    return await wrapped_inner(event, kwargs)
           ^^^^^^^^^^^^^^^^^^^^^^^^^^^^^^^^^^
  File "C:\Users\Play\AppData\Local\Programs\Python\Python311\Lib\site-packages\aiogram\dispatcher\event\handler.py", line 43, in call
    return await wrapped()
           ^^^^^^^^^^^^^^^
  File "C:\Users\Play\AppData\Local\Programs\Python\Python311\Lib\site-packages\aiogram\dispatcher\dispatcher.py", line 283, in _listen_update
    return await self.propagate_event(update_type=update_type, event=event, **kwargs)
           ^^^^^^^^^^^^^^^^^^^^^^^^^^^^^^^^^^^^^^^^^^^^^^^^^^^^^^^^^^^^^^^^^^^^^^^^^^
  File "C:\Users\Play\AppData\Local\Programs\Python\Python311\Lib\site-packages\aiogram\dispatcher\router.py", line 161, in propagate_event
    return await observer.wrap_outer_middleware(_wrapped, event=event, data=kwargs)
           ^^^^^^^^^^^^^^^^^^^^^^^^^^^^^^^^^^^^^^^^^^^^^^^^^^^^^^^^^^^^^^^^^^^^^^^^
  File "C:\Users\Play\AppData\Local\Programs\Python\Python311\Lib\site-packages\aiogram\dispatcher\router.py", line 153, in _wrapped
    return await self._propagate_event(
           ^^^^^^^^^^^^^^^^^^^^^^^^^^^^
  File "C:\Users\Play\AppData\Local\Programs\Python\Python311\Lib\site-packages\aiogram\dispatcher\router.py", line 189, in _propagate_event
    response = await router.propagate_event(update_type=update_type, event=event, **kwargs)
               ^^^^^^^^^^^^^^^^^^^^^^^^^^^^^^^^^^^^^^^^^^^^^^^^^^^^^^^^^^^^^^^^^^^^^^^^^^^^
  File "C:\Users\Play\AppData\Local\Programs\Python\Python311\Lib\site-packages\aiogram\dispatcher\router.py", line 161, in propagate_event
    return await observer.wrap_outer_middleware(_wrapped, event=event, data=kwargs)
           ^^^^^^^^^^^^^^^^^^^^^^^^^^^^^^^^^^^^^^^^^^^^^^^^^^^^^^^^^^^^^^^^^^^^^^^^
  File "C:\Users\Play\AppData\Local\Programs\Python\Python311\Lib\site-packages\aiogram\dispatcher\router.py", line 153, in _wrapped
    return await self._propagate_event(
           ^^^^^^^^^^^^^^^^^^^^^^^^^^^^
  File "C:\Users\Play\AppData\Local\Programs\Python\Python311\Lib\site-packages\aiogram\dispatcher\router.py", line 181, in _propagate_event
    response = await observer.trigger(event, **kwargs)
               ^^^^^^^^^^^^^^^^^^^^^^^^^^^^^^^^^^^^^^^
  File "C:\Users\Play\AppData\Local\Programs\Python\Python311\Lib\site-packages\aiogram\dispatcher\event\telegram.py", line 126, in trigger
    return await wrapped_inner(event, kwargs)
           ^^^^^^^^^^^^^^^^^^^^^^^^^^^^^^^^^^
  File "C:\Users\Play\Desktop\disp-tax\src\bot\middleware\logging_middleware.py", line 27, in __call__
    result = await handler(event, data)
             ^^^^^^^^^^^^^^^^^^^^^^^^^^
  File "C:\Users\Play\Desktop\disp-tax\src\bot\middleware\error_handler.py", line 21, in __call__
    return await handler(event, data)
           ^^^^^^^^^^^^^^^^^^^^^^^^^^
  File "C:\Users\Play\Desktop\disp-tax\src\bot\middleware\database.py", line 22, in __call__
    result = await handler(event, data)
             ^^^^^^^^^^^^^^^^^^^^^^^^^^
  File "C:\Users\Play\AppData\Local\Programs\Python\Python311\Lib\site-packages\aiogram\dispatcher\event\handler.py", line 43, in call
    return await wrapped()
           ^^^^^^^^^^^^^^^
  File "C:\Users\Play\Desktop\disp-tax\src\bot\handlers\settings_handlers.py", line 46, in settings_menu
    logger.error(f"Error in settings menu: {e}", exc_info=True)
  File "C:\Users\Play\AppData\Local\Programs\Python\Python311\Lib\site-packages\aiogram\methods\base.py", line 84, in emit
    return await bot(self)
           ^^^^^^^^^^^^^^^
  File "C:\Users\Play\AppData\Local\Programs\Python\Python311\Lib\site-packages\aiogram\client\bot.py", line 485, in __call__
    return await self.session(self, method, timeout=request_timeout)
           ^^^^^^^^^^^^^^^^^^^^^^^^^^^^^^^^^^^^^^^^^^^^^^^^^^^^^^^^^
  File "C:\Users\Play\AppData\Local\Programs\Python\Python311\Lib\site-packages\aiogram\client\session\base.py", line 259, in __call__
    return cast(TelegramType, await middleware(bot, method))
                              ^^^^^^^^^^^^^^^^^^^^^^^^^^^^^
  File "C:\Users\Play\AppData\Local\Programs\Python\Python311\Lib\site-packages\aiogram\client\session\aiohttp.py", line 177, in make_request
    response = self.check_response(
               ^^^^^^^^^^^^^^^^^^^^
  File "C:\Users\Play\AppData\Local\Programs\Python\Python311\Lib\site-packages\aiogram\client\session\base.py", line 121, in check_response
    raise TelegramBadRequest(method=method, message=description)
aiogram.exceptions.TelegramBadRequest: Telegram server says - Bad Request: MESSAGE_TOO_LONG
2025-12-16 23:53:14,030 - aiogram.event - ERROR - Cause exception while process update id=873021212 by bot id=8589419100
TelegramBadRequest: Telegram server says - Bad Request: MESSAGE_TOO_LONG
Traceback (most recent call last):
  File "C:\Users\Play\AppData\Local\Programs\Python\Python311\Lib\site-packages\sqlalchemy\engine\base.py", line 1967, in _exec_single_context
    self.dialect.do_execute(
  File "C:\Users\Play\AppData\Local\Programs\Python\Python311\Lib\site-packages\sqlalchemy\engine\default.py", line 951, in do_execute
    cursor.execute(statement, parameters)
  File "C:\Users\Play\AppData\Local\Programs\Python\Python311\Lib\site-packages\sqlalchemy\dialects\sqlite\aiosqlite.py", line 180, in execute
    self._adapt_connection._handle_exception(error)
  File "C:\Users\Play\AppData\Local\Programs\Python\Python311\Lib\site-packages\sqlalchemy\dialects\sqlite\aiosqlite.py", line 340, in _handle_exception
    raise error
  File "C:\Users\Play\AppData\Local\Programs\Python\Python311\Lib\site-packages\sqlalchemy\dialects\sqlite\aiosqlite.py", line 162, in execute
    self.await_(_cursor.execute(operation, parameters))
  File "C:\Users\Play\AppData\Local\Programs\Python\Python311\Lib\site-packages\sqlalchemy\util\_concurrency_py3k.py", line 132, in await_only
    return current.parent.switch(awaitable)  # type: ignore[no-any-return,attr-defined] # noqa: E501
           ^^^^^^^^^^^^^^^^^^^^^^^^^^^^^^^^
  File "C:\Users\Play\AppData\Local\Programs\Python\Python311\Lib\site-packages\sqlalchemy\util\_concurrency_py3k.py", line 196, in greenlet_spawn
    value = await result
            ^^^^^^^^^^^^
  File "C:\Users\Play\AppData\Local\Programs\Python\Python311\Lib\site-packages\aiosqlite\cursor.py", line 40, in execute
    await self._execute(self._cursor.execute, sql, parameters)
  File "C:\Users\Play\AppData\Local\Programs\Python\Python311\Lib\site-packages\aiosqlite\cursor.py", line 32, in _execute
    return await self._conn._execute(fn, *args, **kwargs)
           ^^^^^^^^^^^^^^^^^^^^^^^^^^^^^^^^^^^^^^^^^^^^^^
  File "C:\Users\Play\AppData\Local\Programs\Python\Python311\Lib\site-packages\aiosqlite\core.py", line 133, in _execute
    return await future
           ^^^^^^^^^^^^
  File "C:\Users\Play\AppData\Local\Programs\Python\Python311\Lib\site-packages\aiosqlite\core.py", line 65, in _connection_worker_thread
    result = function()
             ^^^^^^^^^^
sqlite3.OperationalError: no such table: dispatchers

The above exception was the direct cause of the following exception:

Traceback (most recent call last):
  File "C:\Users\Play\Desktop\disp-tax\src\bot\handlers\settings_handlers.py", line 19, in settings_menu
    # Проверка, зарегистрирован ли диспетчер
          ^^^^^^^^^^^^^^^^^^^^^^^^^^^^^^^^^^
  File "C:\Users\Play\AppData\Local\Programs\Python\Python311\Lib\site-packages\sqlalchemy\ext\asyncio\session.py", line 449, in execute
    result = await greenlet_spawn(
             ^^^^^^^^^^^^^^^^^^^^^
  File "C:\Users\Play\AppData\Local\Programs\Python\Python311\Lib\site-packages\sqlalchemy\util\_concurrency_py3k.py", line 201, in greenlet_spawn
    result = context.throw(*sys.exc_info())
             ^^^^^^^^^^^^^^^^^^^^^^^^^^^^^^
  File "C:\Users\Play\AppData\Local\Programs\Python\Python311\Lib\site-packages\sqlalchemy\orm\session.py", line 2351, in execute
    return self._execute_internal(
           ^^^^^^^^^^^^^^^^^^^^^^^
  File "C:\Users\Play\AppData\Local\Programs\Python\Python311\Lib\site-packages\sqlalchemy\orm\session.py", line 2249, in _execute_internal
    result: Result[Any] = compile_state_cls.orm_execute_statement(
                          ^^^^^^^^^^^^^^^^^^^^^^^^^^^^^^^^^^^^^^^^
  File "C:\Users\Play\AppData\Local\Programs\Python\Python311\Lib\site-packages\sqlalchemy\orm\context.py", line 306, in orm_execute_statement
    result = conn.execute(
             ^^^^^^^^^^^^^
  File "C:\Users\Play\AppData\Local\Programs\Python\Python311\Lib\site-packages\sqlalchemy\engine\base.py", line 1419, in execute
    return meth(
           ^^^^^
  File "C:\Users\Play\AppData\Local\Programs\Python\Python311\Lib\site-packages\sqlalchemy\sql\elements.py", line 526, in _execute_on_connection
    return connection._execute_clauseelement(
           ^^^^^^^^^^^^^^^^^^^^^^^^^^^^^^^^^^
  File "C:\Users\Play\AppData\Local\Programs\Python\Python311\Lib\site-packages\sqlalchemy\engine\base.py", line 1641, in _execute_clauseelement
    ret = self._execute_context(
          ^^^^^^^^^^^^^^^^^^^^^^
  File "C:\Users\Play\AppData\Local\Programs\Python\Python311\Lib\site-packages\sqlalchemy\engine\base.py", line 1846, in _execute_context
    return self._exec_single_context(
           ^^^^^^^^^^^^^^^^^^^^^^^^^^
  File "C:\Users\Play\AppData\Local\Programs\Python\Python311\Lib\site-packages\sqlalchemy\engine\base.py", line 1986, in _exec_single_context
    self._handle_dbapi_exception(
  File "C:\Users\Play\AppData\Local\Programs\Python\Python311\Lib\site-packages\sqlalchemy\engine\base.py", line 2355, in _handle_dbapi_exception
    raise sqlalchemy_exception.with_traceback(exc_info[2]) from e
  File "C:\Users\Play\AppData\Local\Programs\Python\Python311\Lib\site-packages\sqlalchemy\engine\base.py", line 1967, in _exec_single_context
    self.dialect.do_execute(
  File "C:\Users\Play\AppData\Local\Programs\Python\Python311\Lib\site-packages\sqlalchemy\engine\default.py", line 951, in do_execute
    cursor.execute(statement, parameters)
  File "C:\Users\Play\AppData\Local\Programs\Python\Python311\Lib\site-packages\sqlalchemy\dialects\sqlite\aiosqlite.py", line 180, in execute
    self._adapt_connection._handle_exception(error)
  File "C:\Users\Play\AppData\Local\Programs\Python\Python311\Lib\site-packages\sqlalchemy\dialects\sqlite\aiosqlite.py", line 340, in _handle_exception
    raise error
  File "C:\Users\Play\AppData\Local\Programs\Python\Python311\Lib\site-packages\sqlalchemy\dialects\sqlite\aiosqlite.py", line 162, in execute
    self.await_(_cursor.execute(operation, parameters))
  File "C:\Users\Play\AppData\Local\Programs\Python\Python311\Lib\site-packages\sqlalchemy\util\_concurrency_py3k.py", line 132, in await_only
    return current.parent.switch(awaitable)  # type: ignore[no-any-return,attr-defined] # noqa: E501
           ^^^^^^^^^^^^^^^^^^^^^^^^^^^^^^^^
  File "C:\Users\Play\AppData\Local\Programs\Python\Python311\Lib\site-packages\sqlalchemy\util\_concurrency_py3k.py", line 196, in greenlet_spawn
    value = await result
            ^^^^^^^^^^^^
  File "C:\Users\Play\AppData\Local\Programs\Python\Python311\Lib\site-packages\aiosqlite\cursor.py", line 40, in execute
    await self._execute(self._cursor.execute, sql, parameters)
  File "C:\Users\Play\AppData\Local\Programs\Python\Python311\Lib\site-packages\aiosqlite\cursor.py", line 32, in _execute
    return await self._conn._execute(fn, *args, **kwargs)
           ^^^^^^^^^^^^^^^^^^^^^^^^^^^^^^^^^^^^^^^^^^^^^^
  File "C:\Users\Play\AppData\Local\Programs\Python\Python311\Lib\site-packages\aiosqlite\core.py", line 133, in _execute
    return await future
           ^^^^^^^^^^^^
  File "C:\Users\Play\AppData\Local\Programs\Python\Python311\Lib\site-packages\aiosqlite\core.py", line 65, in _connection_worker_thread
    result = function()
             ^^^^^^^^^^
sqlalchemy.exc.OperationalError: (sqlite3.OperationalError) no such table: dispatchers
[SQL: SELECT dispatchers.id, dispatchers.telegram_id, dispatchers.username, dispatchers.first_name, dispatchers.last_name, dispatchers.session_file, dispatchers.session_active, dispatchers.session_expires_at, dispatchers.created_at, dispatchers.updated_at 
FROM dispatchers 
WHERE dispatchers.telegram_id = ?]
[parameters: (5782455721,)]
(Background on this error at: https://sqlalche.me/e/20/e3q8)

During handling of the above exception, another exception occurred:

Traceback (most recent call last):
  File "C:\Users\Play\AppData\Local\Programs\Python\Python311\Lib\site-packages\aiogram\dispatcher\dispatcher.py", line 320, in _process_update
    response = await self.feed_update(bot, update, **kwargs)
               ^^^^^^^^^^^^^^^^^^^^^^^^^^^^^^^^^^^^^^^^^^^^^
  File "C:\Users\Play\AppData\Local\Programs\Python\Python311\Lib\site-packages\aiogram\dispatcher\dispatcher.py", line 164, in feed_update
    response = await self.update.wrap_outer_middleware(
               ^^^^^^^^^^^^^^^^^^^^^^^^^^^^^^^^^^^^^^^^
  File "C:\Users\Play\AppData\Local\Programs\Python\Python311\Lib\site-packages\aiogram\dispatcher\middlewares\error.py", line 27, in __call__
    return await handler(event, data)
           ^^^^^^^^^^^^^^^^^^^^^^^^^^
  File "C:\Users\Play\AppData\Local\Programs\Python\Python311\Lib\site-packages\aiogram\dispatcher\middlewares\user_context.py", line 58, in __call__
    return await handler(event, data)
           ^^^^^^^^^^^^^^^^^^^^^^^^^^
  File "C:\Users\Play\AppData\Local\Programs\Python\Python311\Lib\site-packages\aiogram\fsm\middleware.py", line 43, in __call__
    return await handler(event, data)
           ^^^^^^^^^^^^^^^^^^^^^^^^^^
  File "C:\Users\Play\AppData\Local\Programs\Python\Python311\Lib\site-packages\aiogram\dispatcher\event\telegram.py", line 126, in trigger
    return await wrapped_inner(event, kwargs)
           ^^^^^^^^^^^^^^^^^^^^^^^^^^^^^^^^^^
  File "C:\Users\Play\AppData\Local\Programs\Python\Python311\Lib\site-packages\aiogram\dispatcher\event\handler.py", line 43, in call
    return await wrapped()
           ^^^^^^^^^^^^^^^
  File "C:\Users\Play\AppData\Local\Programs\Python\Python311\Lib\site-packages\aiogram\dispatcher\dispatcher.py", line 283, in _listen_update
    return await self.propagate_event(update_type=update_type, event=event, **kwargs)
           ^^^^^^^^^^^^^^^^^^^^^^^^^^^^^^^^^^^^^^^^^^^^^^^^^^^^^^^^^^^^^^^^^^^^^^^^^^
  File "C:\Users\Play\AppData\Local\Programs\Python\Python311\Lib\site-packages\aiogram\dispatcher\router.py", line 161, in propagate_event
    return await observer.wrap_outer_middleware(_wrapped, event=event, data=kwargs)
           ^^^^^^^^^^^^^^^^^^^^^^^^^^^^^^^^^^^^^^^^^^^^^^^^^^^^^^^^^^^^^^^^^^^^^^^^
  File "C:\Users\Play\AppData\Local\Programs\Python\Python311\Lib\site-packages\aiogram\dispatcher\router.py", line 153, in _wrapped
    return await self._propagate_event(
           ^^^^^^^^^^^^^^^^^^^^^^^^^^^^
  File "C:\Users\Play\AppData\Local\Programs\Python\Python311\Lib\site-packages\aiogram\dispatcher\router.py", line 189, in _propagate_event
    response = await router.propagate_event(update_type=update_type, event=event, **kwargs)
               ^^^^^^^^^^^^^^^^^^^^^^^^^^^^^^^^^^^^^^^^^^^^^^^^^^^^^^^^^^^^^^^^^^^^^^^^^^^^
  File "C:\Users\Play\AppData\Local\Programs\Python\Python311\Lib\site-packages\aiogram\dispatcher\router.py", line 161, in propagate_event
    return await observer.wrap_outer_middleware(_wrapped, event=event, data=kwargs)
           ^^^^^^^^^^^^^^^^^^^^^^^^^^^^^^^^^^^^^^^^^^^^^^^^^^^^^^^^^^^^^^^^^^^^^^^^
  File "C:\Users\Play\AppData\Local\Programs\Python\Python311\Lib\site-packages\aiogram\dispatcher\router.py", line 153, in _wrapped
    return await self._propagate_event(
           ^^^^^^^^^^^^^^^^^^^^^^^^^^^^
  File "C:\Users\Play\AppData\Local\Programs\Python\Python311\Lib\site-packages\aiogram\dispatcher\router.py", line 181, in _propagate_event
    response = await observer.trigger(event, **kwargs)
               ^^^^^^^^^^^^^^^^^^^^^^^^^^^^^^^^^^^^^^^
  File "C:\Users\Play\AppData\Local\Programs\Python\Python311\Lib\site-packages\aiogram\dispatcher\event\telegram.py", line 126, in trigger
    return await wrapped_inner(event, kwargs)
           ^^^^^^^^^^^^^^^^^^^^^^^^^^^^^^^^^^
  File "C:\Users\Play\Desktop\disp-tax\src\bot\middleware\logging_middleware.py", line 27, in __call__
    result = await handler(event, data)
             ^^^^^^^^^^^^^^^^^^^^^^^^^^
  File "C:\Users\Play\Desktop\disp-tax\src\bot\middleware\error_handler.py", line 21, in __call__
    return await handler(event, data)
           ^^^^^^^^^^^^^^^^^^^^^^^^^^
  File "C:\Users\Play\Desktop\disp-tax\src\bot\middleware\database.py", line 22, in __call__
    result = await handler(event, data)
             ^^^^^^^^^^^^^^^^^^^^^^^^^^
  File "C:\Users\Play\AppData\Local\Programs\Python\Python311\Lib\site-packages\aiogram\dispatcher\event\handler.py", line 43, in call
    return await wrapped()
           ^^^^^^^^^^^^^^^
  File "C:\Users\Play\Desktop\disp-tax\src\bot\handlers\settings_handlers.py", line 46, in settings_menu
    logger.error(f"Error in settings menu: {e}", exc_info=True)
  File "C:\Users\Play\AppData\Local\Programs\Python\Python311\Lib\site-packages\aiogram\methods\base.py", line 84, in emit
    return await bot(self)
           ^^^^^^^^^^^^^^^
  File "C:\Users\Play\AppData\Local\Programs\Python\Python311\Lib\site-packages\aiogram\client\bot.py", line 485, in __call__
    return await self.session(self, method, timeout=request_timeout)
           ^^^^^^^^^^^^^^^^^^^^^^^^^^^^^^^^^^^^^^^^^^^^^^^^^^^^^^^^^
  File "C:\Users\Play\AppData\Local\Programs\Python\Python311\Lib\site-packages\aiogram\client\session\base.py", line 259, in __call__
    return cast(TelegramType, await middleware(bot, method))
                              ^^^^^^^^^^^^^^^^^^^^^^^^^^^^^
  File "C:\Users\Play\AppData\Local\Programs\Python\Python311\Lib\site-packages\aiogram\client\session\aiohttp.py", line 177, in make_request
    response = self.check_response(
               ^^^^^^^^^^^^^^^^^^^^
  File "C:\Users\Play\AppData\Local\Programs\Python\Python311\Lib\site-packages\aiogram\client\session\base.py", line 121, in check_response
    raise TelegramBadRequest(method=method, message=description)
aiogram.exceptions.TelegramBadRequest: Telegram server says - Bad Request: MESSAGE_TOO_LONG
2025-12-16 23:54:08,525 - __main__ - INFO - {"event": "Starting Telegram Dispatcher Platform...", "logger": "__main__", "level": "info", "timestamp": "2025-12-16T20:54:08.525679Z"}
2025-12-16 23:54:08,525 - __main__ - INFO - {"event": "Starting Telegram Dispatcher Platform...", "logger": "__main__", "level": "info", "timestamp": "2025-12-16T20:54:08.525679Z"}
2025-12-16 23:54:08,912 - __main__ - INFO - {"event": "Bot started. Press Ctrl+C to stop.", "logger": "__main__", "level": "info", "timestamp": "2025-12-16T20:54:08.912710Z"}
2025-12-16 23:54:08,912 - __main__ - INFO - {"event": "Bot started. Press Ctrl+C to stop.", "logger": "__main__", "level": "info", "timestamp": "2025-12-16T20:54:08.912710Z"}
2025-12-16 23:54:08,912 - aiogram.dispatcher - INFO - Start polling
2025-12-16 23:54:08,912 - aiogram.dispatcher - INFO - Start polling
2025-12-16 23:54:09,290 - aiogram.dispatcher - INFO - Run polling for bot @disp_hunter_bot id=8589419100 - 'Disp_Hunter'
2025-12-16 23:54:09,290 - aiogram.dispatcher - INFO - Run polling for bot @disp_hunter_bot id=8589419100 - 'Disp_Hunter'
2025-12-16 23:54:33,194 - __main__ - INFO - {"event": "Starting Telegram Dispatcher Platform...", "logger": "__main__", "level": "info", "timestamp": "2025-12-16T20:54:33.194192Z"}
2025-12-16 23:54:33,194 - __main__ - INFO - {"event": "Starting Telegram Dispatcher Platform...", "logger": "__main__", "level": "info", "timestamp": "2025-12-16T20:54:33.194192Z"}
2025-12-16 23:54:33,586 - __main__ - INFO - {"event": "Bot started. Press Ctrl+C to stop.", "logger": "__main__", "level": "info", "timestamp": "2025-12-16T20:54:33.586542Z"}
2025-12-16 23:54:33,586 - __main__ - INFO - {"event": "Bot started. Press Ctrl+C to stop.", "logger": "__main__", "level": "info", "timestamp": "2025-12-16T20:54:33.586542Z"}
2025-12-16 23:54:33,587 - aiogram.dispatcher - INFO - Start polling
2025-12-16 23:54:33,587 - aiogram.dispatcher - INFO - Start polling
2025-12-16 23:54:33,924 - aiogram.dispatcher - INFO - Run polling for bot @disp_hunter_bot id=8589419100 - 'Disp_Hunter'
2025-12-16 23:54:33,924 - aiogram.dispatcher - INFO - Run polling for bot @disp_hunter_bot id=8589419100 - 'Disp_Hunter'
2025-12-16 23:56:58,253 - src.bot.middleware.logging_middleware - INFO - Message received: /start from user 5782455721
2025-12-16 23:56:58,253 - src.bot.middleware.logging_middleware - INFO - Message received: /start from user 5782455721
2025-12-16 23:56:58,606 - src.bot.middleware.logging_middleware - INFO - Handler completed successfully
2025-12-16 23:56:58,606 - src.bot.middleware.logging_middleware - INFO - Handler completed successfully
2025-12-16 23:56:58,607 - aiogram.event - INFO - Update id=873021213 is handled. Duration 358 ms by bot id=8589419100
2025-12-16 23:56:58,607 - aiogram.event - INFO - Update id=873021213 is handled. Duration 358 ms by bot id=8589419100
2025-12-16 23:56:59,763 - src.bot.middleware.logging_middleware - INFO - Callback received: order:list from user 5782455721
2025-12-16 23:56:59,763 - src.bot.middleware.logging_middleware - INFO - Callback received: order:list from user 5782455721
2025-12-16 23:56:59,785 - src.bot.handlers.order_handlers - ERROR - Error listing orders: (sqlite3.OperationalError) no such table: orders
[SQL: SELECT orders.id, orders.dispatcher_id, orders.state, orders.content, orders.normalized_content, orders.is_vip, orders.created_at, orders.updated_at, orders.confirmed_at, orders.sent_at, orders.closed_at 
FROM orders 
WHERE orders.dispatcher_id = ? ORDER BY orders.created_at DESC]
[parameters: (5782455721,)]
(Background on this error at: https://sqlalche.me/e/20/e3q8)
Traceback (most recent call last):
  File "C:\Users\Play\AppData\Local\Programs\Python\Python311\Lib\site-packages\sqlalchemy\engine\base.py", line 1967, in _exec_single_context
    self.dialect.do_execute(
  File "C:\Users\Play\AppData\Local\Programs\Python\Python311\Lib\site-packages\sqlalchemy\engine\default.py", line 951, in do_execute
    cursor.execute(statement, parameters)
  File "C:\Users\Play\AppData\Local\Programs\Python\Python311\Lib\site-packages\sqlalchemy\dialects\sqlite\aiosqlite.py", line 180, in execute
    self._adapt_connection._handle_exception(error)
  File "C:\Users\Play\AppData\Local\Programs\Python\Python311\Lib\site-packages\sqlalchemy\dialects\sqlite\aiosqlite.py", line 340, in _handle_exception
    raise error
  File "C:\Users\Play\AppData\Local\Programs\Python\Python311\Lib\site-packages\sqlalchemy\dialects\sqlite\aiosqlite.py", line 162, in execute
    self.await_(_cursor.execute(operation, parameters))
  File "C:\Users\Play\AppData\Local\Programs\Python\Python311\Lib\site-packages\sqlalchemy\util\_concurrency_py3k.py", line 132, in await_only
    return current.parent.switch(awaitable)  # type: ignore[no-any-return,attr-defined] # noqa: E501
           ^^^^^^^^^^^^^^^^^^^^^^^^^^^^^^^^
  File "C:\Users\Play\AppData\Local\Programs\Python\Python311\Lib\site-packages\sqlalchemy\util\_concurrency_py3k.py", line 196, in greenlet_spawn
    value = await result
            ^^^^^^^^^^^^
  File "C:\Users\Play\AppData\Local\Programs\Python\Python311\Lib\site-packages\aiosqlite\cursor.py", line 40, in execute
    await self._execute(self._cursor.execute, sql, parameters)
  File "C:\Users\Play\AppData\Local\Programs\Python\Python311\Lib\site-packages\aiosqlite\cursor.py", line 32, in _execute
    return await self._conn._execute(fn, *args, **kwargs)
           ^^^^^^^^^^^^^^^^^^^^^^^^^^^^^^^^^^^^^^^^^^^^^^
  File "C:\Users\Play\AppData\Local\Programs\Python\Python311\Lib\site-packages\aiosqlite\core.py", line 133, in _execute
    return await future
           ^^^^^^^^^^^^
  File "C:\Users\Play\AppData\Local\Programs\Python\Python311\Lib\site-packages\aiosqlite\core.py", line 65, in _connection_worker_thread
    result = function()
             ^^^^^^^^^^
sqlite3.OperationalError: no such table: orders

The above exception was the direct cause of the following exception:

Traceback (most recent call last):
  File "C:\Users\Play\Desktop\disp-tax\src\bot\handlers\order_handlers.py", line 250, in list_orders
    orders = await OrderService.get_dispatcher_orders(
             ^^^^^^^^^^^^^^^^^^^^^^^^^^^^^^^^^^^^^^^^^
  File "C:\Users\Play\Desktop\disp-tax\src\services\order_service.py", line 381, in get_dispatcher_orders
    result = await session.execute(query)
             ^^^^^^^^^^^^^^^^^^^^^^^^^^^^
  File "C:\Users\Play\AppData\Local\Programs\Python\Python311\Lib\site-packages\sqlalchemy\ext\asyncio\session.py", line 449, in execute
    result = await greenlet_spawn(
             ^^^^^^^^^^^^^^^^^^^^^
  File "C:\Users\Play\AppData\Local\Programs\Python\Python311\Lib\site-packages\sqlalchemy\util\_concurrency_py3k.py", line 201, in greenlet_spawn
    result = context.throw(*sys.exc_info())
             ^^^^^^^^^^^^^^^^^^^^^^^^^^^^^^
  File "C:\Users\Play\AppData\Local\Programs\Python\Python311\Lib\site-packages\sqlalchemy\orm\session.py", line 2351, in execute
    return self._execute_internal(
           ^^^^^^^^^^^^^^^^^^^^^^^
  File "C:\Users\Play\AppData\Local\Programs\Python\Python311\Lib\site-packages\sqlalchemy\orm\session.py", line 2249, in _execute_internal
    result: Result[Any] = compile_state_cls.orm_execute_statement(
                          ^^^^^^^^^^^^^^^^^^^^^^^^^^^^^^^^^^^^^^^^
  File "C:\Users\Play\AppData\Local\Programs\Python\Python311\Lib\site-packages\sqlalchemy\orm\context.py", line 306, in orm_execute_statement
    result = conn.execute(
             ^^^^^^^^^^^^^
  File "C:\Users\Play\AppData\Local\Programs\Python\Python311\Lib\site-packages\sqlalchemy\engine\base.py", line 1419, in execute
    return meth(
           ^^^^^
  File "C:\Users\Play\AppData\Local\Programs\Python\Python311\Lib\site-packages\sqlalchemy\sql\elements.py", line 526, in _execute_on_connection
    return connection._execute_clauseelement(
           ^^^^^^^^^^^^^^^^^^^^^^^^^^^^^^^^^^
  File "C:\Users\Play\AppData\Local\Programs\Python\Python311\Lib\site-packages\sqlalchemy\engine\base.py", line 1641, in _execute_clauseelement
    ret = self._execute_context(
          ^^^^^^^^^^^^^^^^^^^^^^
  File "C:\Users\Play\AppData\Local\Programs\Python\Python311\Lib\site-packages\sqlalchemy\engine\base.py", line 1846, in _execute_context
    return self._exec_single_context(
           ^^^^^^^^^^^^^^^^^^^^^^^^^^
  File "C:\Users\Play\AppData\Local\Programs\Python\Python311\Lib\site-packages\sqlalchemy\engine\base.py", line 1986, in _exec_single_context
    self._handle_dbapi_exception(
  File "C:\Users\Play\AppData\Local\Programs\Python\Python311\Lib\site-packages\sqlalchemy\engine\base.py", line 2355, in _handle_dbapi_exception
    raise sqlalchemy_exception.with_traceback(exc_info[2]) from e
  File "C:\Users\Play\AppData\Local\Programs\Python\Python311\Lib\site-packages\sqlalchemy\engine\base.py", line 1967, in _exec_single_context
    self.dialect.do_execute(
  File "C:\Users\Play\AppData\Local\Programs\Python\Python311\Lib\site-packages\sqlalchemy\engine\default.py", line 951, in do_execute
    cursor.execute(statement, parameters)
  File "C:\Users\Play\AppData\Local\Programs\Python\Python311\Lib\site-packages\sqlalchemy\dialects\sqlite\aiosqlite.py", line 180, in execute
    self._adapt_connection._handle_exception(error)
  File "C:\Users\Play\AppData\Local\Programs\Python\Python311\Lib\site-packages\sqlalchemy\dialects\sqlite\aiosqlite.py", line 340, in _handle_exception
    raise error
  File "C:\Users\Play\AppData\Local\Programs\Python\Python311\Lib\site-packages\sqlalchemy\dialects\sqlite\aiosqlite.py", line 162, in execute
    self.await_(_cursor.execute(operation, parameters))
  File "C:\Users\Play\AppData\Local\Programs\Python\Python311\Lib\site-packages\sqlalchemy\util\_concurrency_py3k.py", line 132, in await_only
    return current.parent.switch(awaitable)  # type: ignore[no-any-return,attr-defined] # noqa: E501
           ^^^^^^^^^^^^^^^^^^^^^^^^^^^^^^^^
  File "C:\Users\Play\AppData\Local\Programs\Python\Python311\Lib\site-packages\sqlalchemy\util\_concurrency_py3k.py", line 196, in greenlet_spawn
    value = await result
            ^^^^^^^^^^^^
  File "C:\Users\Play\AppData\Local\Programs\Python\Python311\Lib\site-packages\aiosqlite\cursor.py", line 40, in execute
    await self._execute(self._cursor.execute, sql, parameters)
  File "C:\Users\Play\AppData\Local\Programs\Python\Python311\Lib\site-packages\aiosqlite\cursor.py", line 32, in _execute
    return await self._conn._execute(fn, *args, **kwargs)
           ^^^^^^^^^^^^^^^^^^^^^^^^^^^^^^^^^^^^^^^^^^^^^^
  File "C:\Users\Play\AppData\Local\Programs\Python\Python311\Lib\site-packages\aiosqlite\core.py", line 133, in _execute
    return await future
           ^^^^^^^^^^^^
  File "C:\Users\Play\AppData\Local\Programs\Python\Python311\Lib\site-packages\aiosqlite\core.py", line 65, in _connection_worker_thread
    result = function()
             ^^^^^^^^^^
sqlalchemy.exc.OperationalError: (sqlite3.OperationalError) no such table: orders
[SQL: SELECT orders.id, orders.dispatcher_id, orders.state, orders.content, orders.normalized_content, orders.is_vip, orders.created_at, orders.updated_at, orders.confirmed_at, orders.sent_at, orders.closed_at 
FROM orders 
WHERE orders.dispatcher_id = ? ORDER BY orders.created_at DESC]
[parameters: (5782455721,)]
(Background on this error at: https://sqlalche.me/e/20/e3q8)
2025-12-16 23:56:59,785 - src.bot.handlers.order_handlers - ERROR - Error listing orders: (sqlite3.OperationalError) no such table: orders
[SQL: SELECT orders.id, orders.dispatcher_id, orders.state, orders.content, orders.normalized_content, orders.is_vip, orders.created_at, orders.updated_at, orders.confirmed_at, orders.sent_at, orders.closed_at 
FROM orders 
WHERE orders.dispatcher_id = ? ORDER BY orders.created_at DESC]
[parameters: (5782455721,)]
(Background on this error at: https://sqlalche.me/e/20/e3q8)
Traceback (most recent call last):
  File "C:\Users\Play\AppData\Local\Programs\Python\Python311\Lib\site-packages\sqlalchemy\engine\base.py", line 1967, in _exec_single_context
    self.dialect.do_execute(
  File "C:\Users\Play\AppData\Local\Programs\Python\Python311\Lib\site-packages\sqlalchemy\engine\default.py", line 951, in do_execute
    cursor.execute(statement, parameters)
  File "C:\Users\Play\AppData\Local\Programs\Python\Python311\Lib\site-packages\sqlalchemy\dialects\sqlite\aiosqlite.py", line 180, in execute
    self._adapt_connection._handle_exception(error)
  File "C:\Users\Play\AppData\Local\Programs\Python\Python311\Lib\site-packages\sqlalchemy\dialects\sqlite\aiosqlite.py", line 340, in _handle_exception
    raise error
  File "C:\Users\Play\AppData\Local\Programs\Python\Python311\Lib\site-packages\sqlalchemy\dialects\sqlite\aiosqlite.py", line 162, in execute
    self.await_(_cursor.execute(operation, parameters))
  File "C:\Users\Play\AppData\Local\Programs\Python\Python311\Lib\site-packages\sqlalchemy\util\_concurrency_py3k.py", line 132, in await_only
    return current.parent.switch(awaitable)  # type: ignore[no-any-return,attr-defined] # noqa: E501
           ^^^^^^^^^^^^^^^^^^^^^^^^^^^^^^^^
  File "C:\Users\Play\AppData\Local\Programs\Python\Python311\Lib\site-packages\sqlalchemy\util\_concurrency_py3k.py", line 196, in greenlet_spawn
    value = await result
            ^^^^^^^^^^^^
  File "C:\Users\Play\AppData\Local\Programs\Python\Python311\Lib\site-packages\aiosqlite\cursor.py", line 40, in execute
    await self._execute(self._cursor.execute, sql, parameters)
  File "C:\Users\Play\AppData\Local\Programs\Python\Python311\Lib\site-packages\aiosqlite\cursor.py", line 32, in _execute
    return await self._conn._execute(fn, *args, **kwargs)
           ^^^^^^^^^^^^^^^^^^^^^^^^^^^^^^^^^^^^^^^^^^^^^^
  File "C:\Users\Play\AppData\Local\Programs\Python\Python311\Lib\site-packages\aiosqlite\core.py", line 133, in _execute
    return await future
           ^^^^^^^^^^^^
  File "C:\Users\Play\AppData\Local\Programs\Python\Python311\Lib\site-packages\aiosqlite\core.py", line 65, in _connection_worker_thread
    result = function()
             ^^^^^^^^^^
sqlite3.OperationalError: no such table: orders

The above exception was the direct cause of the following exception:

Traceback (most recent call last):
  File "C:\Users\Play\Desktop\disp-tax\src\bot\handlers\order_handlers.py", line 250, in list_orders
    orders = await OrderService.get_dispatcher_orders(
             ^^^^^^^^^^^^^^^^^^^^^^^^^^^^^^^^^^^^^^^^^
  File "C:\Users\Play\Desktop\disp-tax\src\services\order_service.py", line 381, in get_dispatcher_orders
    result = await session.execute(query)
             ^^^^^^^^^^^^^^^^^^^^^^^^^^^^
  File "C:\Users\Play\AppData\Local\Programs\Python\Python311\Lib\site-packages\sqlalchemy\ext\asyncio\session.py", line 449, in execute
    result = await greenlet_spawn(
             ^^^^^^^^^^^^^^^^^^^^^
  File "C:\Users\Play\AppData\Local\Programs\Python\Python311\Lib\site-packages\sqlalchemy\util\_concurrency_py3k.py", line 201, in greenlet_spawn
    result = context.throw(*sys.exc_info())
             ^^^^^^^^^^^^^^^^^^^^^^^^^^^^^^
  File "C:\Users\Play\AppData\Local\Programs\Python\Python311\Lib\site-packages\sqlalchemy\orm\session.py", line 2351, in execute
    return self._execute_internal(
           ^^^^^^^^^^^^^^^^^^^^^^^
  File "C:\Users\Play\AppData\Local\Programs\Python\Python311\Lib\site-packages\sqlalchemy\orm\session.py", line 2249, in _execute_internal
    result: Result[Any] = compile_state_cls.orm_execute_statement(
                          ^^^^^^^^^^^^^^^^^^^^^^^^^^^^^^^^^^^^^^^^
  File "C:\Users\Play\AppData\Local\Programs\Python\Python311\Lib\site-packages\sqlalchemy\orm\context.py", line 306, in orm_execute_statement
    result = conn.execute(
             ^^^^^^^^^^^^^
  File "C:\Users\Play\AppData\Local\Programs\Python\Python311\Lib\site-packages\sqlalchemy\engine\base.py", line 1419, in execute
    return meth(
           ^^^^^
  File "C:\Users\Play\AppData\Local\Programs\Python\Python311\Lib\site-packages\sqlalchemy\sql\elements.py", line 526, in _execute_on_connection
    return connection._execute_clauseelement(
           ^^^^^^^^^^^^^^^^^^^^^^^^^^^^^^^^^^
  File "C:\Users\Play\AppData\Local\Programs\Python\Python311\Lib\site-packages\sqlalchemy\engine\base.py", line 1641, in _execute_clauseelement
    ret = self._execute_context(
          ^^^^^^^^^^^^^^^^^^^^^^
  File "C:\Users\Play\AppData\Local\Programs\Python\Python311\Lib\site-packages\sqlalchemy\engine\base.py", line 1846, in _execute_context
    return self._exec_single_context(
           ^^^^^^^^^^^^^^^^^^^^^^^^^^
  File "C:\Users\Play\AppData\Local\Programs\Python\Python311\Lib\site-packages\sqlalchemy\engine\base.py", line 1986, in _exec_single_context
    self._handle_dbapi_exception(
  File "C:\Users\Play\AppData\Local\Programs\Python\Python311\Lib\site-packages\sqlalchemy\engine\base.py", line 2355, in _handle_dbapi_exception
    raise sqlalchemy_exception.with_traceback(exc_info[2]) from e
  File "C:\Users\Play\AppData\Local\Programs\Python\Python311\Lib\site-packages\sqlalchemy\engine\base.py", line 1967, in _exec_single_context
    self.dialect.do_execute(
  File "C:\Users\Play\AppData\Local\Programs\Python\Python311\Lib\site-packages\sqlalchemy\engine\default.py", line 951, in do_execute
    cursor.execute(statement, parameters)
  File "C:\Users\Play\AppData\Local\Programs\Python\Python311\Lib\site-packages\sqlalchemy\dialects\sqlite\aiosqlite.py", line 180, in execute
    self._adapt_connection._handle_exception(error)
  File "C:\Users\Play\AppData\Local\Programs\Python\Python311\Lib\site-packages\sqlalchemy\dialects\sqlite\aiosqlite.py", line 340, in _handle_exception
    raise error
  File "C:\Users\Play\AppData\Local\Programs\Python\Python311\Lib\site-packages\sqlalchemy\dialects\sqlite\aiosqlite.py", line 162, in execute
    self.await_(_cursor.execute(operation, parameters))
  File "C:\Users\Play\AppData\Local\Programs\Python\Python311\Lib\site-packages\sqlalchemy\util\_concurrency_py3k.py", line 132, in await_only
    return current.parent.switch(awaitable)  # type: ignore[no-any-return,attr-defined] # noqa: E501
           ^^^^^^^^^^^^^^^^^^^^^^^^^^^^^^^^
  File "C:\Users\Play\AppData\Local\Programs\Python\Python311\Lib\site-packages\sqlalchemy\util\_concurrency_py3k.py", line 196, in greenlet_spawn
    value = await result
            ^^^^^^^^^^^^
  File "C:\Users\Play\AppData\Local\Programs\Python\Python311\Lib\site-packages\aiosqlite\cursor.py", line 40, in execute
    await self._execute(self._cursor.execute, sql, parameters)
  File "C:\Users\Play\AppData\Local\Programs\Python\Python311\Lib\site-packages\aiosqlite\cursor.py", line 32, in _execute
    return await self._conn._execute(fn, *args, **kwargs)
           ^^^^^^^^^^^^^^^^^^^^^^^^^^^^^^^^^^^^^^^^^^^^^^
  File "C:\Users\Play\AppData\Local\Programs\Python\Python311\Lib\site-packages\aiosqlite\core.py", line 133, in _execute
    return await future
           ^^^^^^^^^^^^
  File "C:\Users\Play\AppData\Local\Programs\Python\Python311\Lib\site-packages\aiosqlite\core.py", line 65, in _connection_worker_thread
    result = function()
             ^^^^^^^^^^
sqlalchemy.exc.OperationalError: (sqlite3.OperationalError) no such table: orders
[SQL: SELECT orders.id, orders.dispatcher_id, orders.state, orders.content, orders.normalized_content, orders.is_vip, orders.created_at, orders.updated_at, orders.confirmed_at, orders.sent_at, orders.closed_at 
FROM orders 
WHERE orders.dispatcher_id = ? ORDER BY orders.created_at DESC]
[parameters: (5782455721,)]
(Background on this error at: https://sqlalche.me/e/20/e3q8)
2025-12-16 23:57:00,027 - aiogram.event - INFO - Update id=873021214 is not handled. Duration 266 ms by bot id=8589419100
2025-12-16 23:57:00,027 - aiogram.event - INFO - Update id=873021214 is not handled. Duration 266 ms by bot id=8589419100
2025-12-16 23:57:02,419 - src.bot.middleware.logging_middleware - INFO - Callback received: settings from user 5782455721
2025-12-16 23:57:02,419 - src.bot.middleware.logging_middleware - INFO - Callback received: settings from user 5782455721
2025-12-16 23:57:02,422 - src.bot.handlers.settings_handlers - ERROR - Error in settings menu: (sqlite3.OperationalError) no such table: dispatchers
[SQL: SELECT dispatchers.id, dispatchers.telegram_id, dispatchers.username, dispatchers.first_name, dispatchers.last_name, dispatchers.session_file, dispatchers.session_active, dispatchers.session_expires_at, dispatchers.created_at, dispatchers.updated_at 
FROM dispatchers 
WHERE dispatchers.telegram_id = ?]
[parameters: (5782455721,)]
(Background on this error at: https://sqlalche.me/e/20/e3q8)
Traceback (most recent call last):
  File "C:\Users\Play\AppData\Local\Programs\Python\Python311\Lib\site-packages\sqlalchemy\engine\base.py", line 1967, in _exec_single_context
    self.dialect.do_execute(
  File "C:\Users\Play\AppData\Local\Programs\Python\Python311\Lib\site-packages\sqlalchemy\engine\default.py", line 951, in do_execute
    cursor.execute(statement, parameters)
  File "C:\Users\Play\AppData\Local\Programs\Python\Python311\Lib\site-packages\sqlalchemy\dialects\sqlite\aiosqlite.py", line 180, in execute
    self._adapt_connection._handle_exception(error)
  File "C:\Users\Play\AppData\Local\Programs\Python\Python311\Lib\site-packages\sqlalchemy\dialects\sqlite\aiosqlite.py", line 340, in _handle_exception
    raise error
  File "C:\Users\Play\AppData\Local\Programs\Python\Python311\Lib\site-packages\sqlalchemy\dialects\sqlite\aiosqlite.py", line 162, in execute
    self.await_(_cursor.execute(operation, parameters))
  File "C:\Users\Play\AppData\Local\Programs\Python\Python311\Lib\site-packages\sqlalchemy\util\_concurrency_py3k.py", line 132, in await_only
    return current.parent.switch(awaitable)  # type: ignore[no-any-return,attr-defined] # noqa: E501
           ^^^^^^^^^^^^^^^^^^^^^^^^^^^^^^^^
  File "C:\Users\Play\AppData\Local\Programs\Python\Python311\Lib\site-packages\sqlalchemy\util\_concurrency_py3k.py", line 196, in greenlet_spawn
    value = await result
            ^^^^^^^^^^^^
  File "C:\Users\Play\AppData\Local\Programs\Python\Python311\Lib\site-packages\aiosqlite\cursor.py", line 40, in execute
    await self._execute(self._cursor.execute, sql, parameters)
  File "C:\Users\Play\AppData\Local\Programs\Python\Python311\Lib\site-packages\aiosqlite\cursor.py", line 32, in _execute
    return await self._conn._execute(fn, *args, **kwargs)
           ^^^^^^^^^^^^^^^^^^^^^^^^^^^^^^^^^^^^^^^^^^^^^^
  File "C:\Users\Play\AppData\Local\Programs\Python\Python311\Lib\site-packages\aiosqlite\core.py", line 133, in _execute
    return await future
           ^^^^^^^^^^^^
  File "C:\Users\Play\AppData\Local\Programs\Python\Python311\Lib\site-packages\aiosqlite\core.py", line 65, in _connection_worker_thread
    result = function()
             ^^^^^^^^^^
sqlite3.OperationalError: no such table: dispatchers

The above exception was the direct cause of the following exception:

Traceback (most recent call last):
  File "C:\Users\Play\Desktop\disp-tax\src\bot\handlers\settings_handlers.py", line 20, in settings_menu
    result = await session.execute(
             ^^^^^^^^^^^^^^^^^^^^^^
  File "C:\Users\Play\AppData\Local\Programs\Python\Python311\Lib\site-packages\sqlalchemy\ext\asyncio\session.py", line 449, in execute
    result = await greenlet_spawn(
             ^^^^^^^^^^^^^^^^^^^^^
  File "C:\Users\Play\AppData\Local\Programs\Python\Python311\Lib\site-packages\sqlalchemy\util\_concurrency_py3k.py", line 201, in greenlet_spawn
    result = context.throw(*sys.exc_info())
             ^^^^^^^^^^^^^^^^^^^^^^^^^^^^^^
  File "C:\Users\Play\AppData\Local\Programs\Python\Python311\Lib\site-packages\sqlalchemy\orm\session.py", line 2351, in execute
    return self._execute_internal(
           ^^^^^^^^^^^^^^^^^^^^^^^
  File "C:\Users\Play\AppData\Local\Programs\Python\Python311\Lib\site-packages\sqlalchemy\orm\session.py", line 2249, in _execute_internal
    result: Result[Any] = compile_state_cls.orm_execute_statement(
                          ^^^^^^^^^^^^^^^^^^^^^^^^^^^^^^^^^^^^^^^^
  File "C:\Users\Play\AppData\Local\Programs\Python\Python311\Lib\site-packages\sqlalchemy\orm\context.py", line 306, in orm_execute_statement
    result = conn.execute(
             ^^^^^^^^^^^^^
  File "C:\Users\Play\AppData\Local\Programs\Python\Python311\Lib\site-packages\sqlalchemy\engine\base.py", line 1419, in execute
    return meth(
           ^^^^^
  File "C:\Users\Play\AppData\Local\Programs\Python\Python311\Lib\site-packages\sqlalchemy\sql\elements.py", line 526, in _execute_on_connection
    return connection._execute_clauseelement(
           ^^^^^^^^^^^^^^^^^^^^^^^^^^^^^^^^^^
  File "C:\Users\Play\AppData\Local\Programs\Python\Python311\Lib\site-packages\sqlalchemy\engine\base.py", line 1641, in _execute_clauseelement
    ret = self._execute_context(
          ^^^^^^^^^^^^^^^^^^^^^^
  File "C:\Users\Play\AppData\Local\Programs\Python\Python311\Lib\site-packages\sqlalchemy\engine\base.py", line 1846, in _execute_context
    return self._exec_single_context(
           ^^^^^^^^^^^^^^^^^^^^^^^^^^
  File "C:\Users\Play\AppData\Local\Programs\Python\Python311\Lib\site-packages\sqlalchemy\engine\base.py", line 1986, in _exec_single_context
    self._handle_dbapi_exception(
  File "C:\Users\Play\AppData\Local\Programs\Python\Python311\Lib\site-packages\sqlalchemy\engine\base.py", line 2355, in _handle_dbapi_exception
    raise sqlalchemy_exception.with_traceback(exc_info[2]) from e
  File "C:\Users\Play\AppData\Local\Programs\Python\Python311\Lib\site-packages\sqlalchemy\engine\base.py", line 1967, in _exec_single_context
    self.dialect.do_execute(
  File "C:\Users\Play\AppData\Local\Programs\Python\Python311\Lib\site-packages\sqlalchemy\engine\default.py", line 951, in do_execute
    cursor.execute(statement, parameters)
  File "C:\Users\Play\AppData\Local\Programs\Python\Python311\Lib\site-packages\sqlalchemy\dialects\sqlite\aiosqlite.py", line 180, in execute
    self._adapt_connection._handle_exception(error)
  File "C:\Users\Play\AppData\Local\Programs\Python\Python311\Lib\site-packages\sqlalchemy\dialects\sqlite\aiosqlite.py", line 340, in _handle_exception
    raise error
  File "C:\Users\Play\AppData\Local\Programs\Python\Python311\Lib\site-packages\sqlalchemy\dialects\sqlite\aiosqlite.py", line 162, in execute
    self.await_(_cursor.execute(operation, parameters))
  File "C:\Users\Play\AppData\Local\Programs\Python\Python311\Lib\site-packages\sqlalchemy\util\_concurrency_py3k.py", line 132, in await_only
    return current.parent.switch(awaitable)  # type: ignore[no-any-return,attr-defined] # noqa: E501
           ^^^^^^^^^^^^^^^^^^^^^^^^^^^^^^^^
  File "C:\Users\Play\AppData\Local\Programs\Python\Python311\Lib\site-packages\sqlalchemy\util\_concurrency_py3k.py", line 196, in greenlet_spawn
    value = await result
            ^^^^^^^^^^^^
  File "C:\Users\Play\AppData\Local\Programs\Python\Python311\Lib\site-packages\aiosqlite\cursor.py", line 40, in execute
    await self._execute(self._cursor.execute, sql, parameters)
  File "C:\Users\Play\AppData\Local\Programs\Python\Python311\Lib\site-packages\aiosqlite\cursor.py", line 32, in _execute
    return await self._conn._execute(fn, *args, **kwargs)
           ^^^^^^^^^^^^^^^^^^^^^^^^^^^^^^^^^^^^^^^^^^^^^^
  File "C:\Users\Play\AppData\Local\Programs\Python\Python311\Lib\site-packages\aiosqlite\core.py", line 133, in _execute
    return await future
           ^^^^^^^^^^^^
  File "C:\Users\Play\AppData\Local\Programs\Python\Python311\Lib\site-packages\aiosqlite\core.py", line 65, in _connection_worker_thread
    result = function()
             ^^^^^^^^^^
sqlalchemy.exc.OperationalError: (sqlite3.OperationalError) no such table: dispatchers
[SQL: SELECT dispatchers.id, dispatchers.telegram_id, dispatchers.username, dispatchers.first_name, dispatchers.last_name, dispatchers.session_file, dispatchers.session_active, dispatchers.session_expires_at, dispatchers.created_at, dispatchers.updated_at 
FROM dispatchers 
WHERE dispatchers.telegram_id = ?]
[parameters: (5782455721,)]
(Background on this error at: https://sqlalche.me/e/20/e3q8)
2025-12-16 23:57:02,422 - src.bot.handlers.settings_handlers - ERROR - Error in settings menu: (sqlite3.OperationalError) no such table: dispatchers
[SQL: SELECT dispatchers.id, dispatchers.telegram_id, dispatchers.username, dispatchers.first_name, dispatchers.last_name, dispatchers.session_file, dispatchers.session_active, dispatchers.session_expires_at, dispatchers.created_at, dispatchers.updated_at 
FROM dispatchers 
WHERE dispatchers.telegram_id = ?]
[parameters: (5782455721,)]
(Background on this error at: https://sqlalche.me/e/20/e3q8)
Traceback (most recent call last):
  File "C:\Users\Play\AppData\Local\Programs\Python\Python311\Lib\site-packages\sqlalchemy\engine\base.py", line 1967, in _exec_single_context
    self.dialect.do_execute(
  File "C:\Users\Play\AppData\Local\Programs\Python\Python311\Lib\site-packages\sqlalchemy\engine\default.py", line 951, in do_execute
    cursor.execute(statement, parameters)
  File "C:\Users\Play\AppData\Local\Programs\Python\Python311\Lib\site-packages\sqlalchemy\dialects\sqlite\aiosqlite.py", line 180, in execute
    self._adapt_connection._handle_exception(error)
  File "C:\Users\Play\AppData\Local\Programs\Python\Python311\Lib\site-packages\sqlalchemy\dialects\sqlite\aiosqlite.py", line 340, in _handle_exception
    raise error
  File "C:\Users\Play\AppData\Local\Programs\Python\Python311\Lib\site-packages\sqlalchemy\dialects\sqlite\aiosqlite.py", line 162, in execute
    self.await_(_cursor.execute(operation, parameters))
  File "C:\Users\Play\AppData\Local\Programs\Python\Python311\Lib\site-packages\sqlalchemy\util\_concurrency_py3k.py", line 132, in await_only
    return current.parent.switch(awaitable)  # type: ignore[no-any-return,attr-defined] # noqa: E501
           ^^^^^^^^^^^^^^^^^^^^^^^^^^^^^^^^
  File "C:\Users\Play\AppData\Local\Programs\Python\Python311\Lib\site-packages\sqlalchemy\util\_concurrency_py3k.py", line 196, in greenlet_spawn
    value = await result
            ^^^^^^^^^^^^
  File "C:\Users\Play\AppData\Local\Programs\Python\Python311\Lib\site-packages\aiosqlite\cursor.py", line 40, in execute
    await self._execute(self._cursor.execute, sql, parameters)
  File "C:\Users\Play\AppData\Local\Programs\Python\Python311\Lib\site-packages\aiosqlite\cursor.py", line 32, in _execute
    return await self._conn._execute(fn, *args, **kwargs)
           ^^^^^^^^^^^^^^^^^^^^^^^^^^^^^^^^^^^^^^^^^^^^^^
  File "C:\Users\Play\AppData\Local\Programs\Python\Python311\Lib\site-packages\aiosqlite\core.py", line 133, in _execute
    return await future
           ^^^^^^^^^^^^
  File "C:\Users\Play\AppData\Local\Programs\Python\Python311\Lib\site-packages\aiosqlite\core.py", line 65, in _connection_worker_thread
    result = function()
             ^^^^^^^^^^
sqlite3.OperationalError: no such table: dispatchers

The above exception was the direct cause of the following exception:

Traceback (most recent call last):
  File "C:\Users\Play\Desktop\disp-tax\src\bot\handlers\settings_handlers.py", line 20, in settings_menu
    result = await session.execute(
             ^^^^^^^^^^^^^^^^^^^^^^
  File "C:\Users\Play\AppData\Local\Programs\Python\Python311\Lib\site-packages\sqlalchemy\ext\asyncio\session.py", line 449, in execute
    result = await greenlet_spawn(
             ^^^^^^^^^^^^^^^^^^^^^
  File "C:\Users\Play\AppData\Local\Programs\Python\Python311\Lib\site-packages\sqlalchemy\util\_concurrency_py3k.py", line 201, in greenlet_spawn
    result = context.throw(*sys.exc_info())
             ^^^^^^^^^^^^^^^^^^^^^^^^^^^^^^
  File "C:\Users\Play\AppData\Local\Programs\Python\Python311\Lib\site-packages\sqlalchemy\orm\session.py", line 2351, in execute
    return self._execute_internal(
           ^^^^^^^^^^^^^^^^^^^^^^^
  File "C:\Users\Play\AppData\Local\Programs\Python\Python311\Lib\site-packages\sqlalchemy\orm\session.py", line 2249, in _execute_internal
    result: Result[Any] = compile_state_cls.orm_execute_statement(
                          ^^^^^^^^^^^^^^^^^^^^^^^^^^^^^^^^^^^^^^^^
  File "C:\Users\Play\AppData\Local\Programs\Python\Python311\Lib\site-packages\sqlalchemy\orm\context.py", line 306, in orm_execute_statement
    result = conn.execute(
             ^^^^^^^^^^^^^
  File "C:\Users\Play\AppData\Local\Programs\Python\Python311\Lib\site-packages\sqlalchemy\engine\base.py", line 1419, in execute
    return meth(
           ^^^^^
  File "C:\Users\Play\AppData\Local\Programs\Python\Python311\Lib\site-packages\sqlalchemy\sql\elements.py", line 526, in _execute_on_connection
    return connection._execute_clauseelement(
           ^^^^^^^^^^^^^^^^^^^^^^^^^^^^^^^^^^
  File "C:\Users\Play\AppData\Local\Programs\Python\Python311\Lib\site-packages\sqlalchemy\engine\base.py", line 1641, in _execute_clauseelement
    ret = self._execute_context(
          ^^^^^^^^^^^^^^^^^^^^^^
  File "C:\Users\Play\AppData\Local\Programs\Python\Python311\Lib\site-packages\sqlalchemy\engine\base.py", line 1846, in _execute_context
    return self._exec_single_context(
           ^^^^^^^^^^^^^^^^^^^^^^^^^^
  File "C:\Users\Play\AppData\Local\Programs\Python\Python311\Lib\site-packages\sqlalchemy\engine\base.py", line 1986, in _exec_single_context
    self._handle_dbapi_exception(
  File "C:\Users\Play\AppData\Local\Programs\Python\Python311\Lib\site-packages\sqlalchemy\engine\base.py", line 2355, in _handle_dbapi_exception
    raise sqlalchemy_exception.with_traceback(exc_info[2]) from e
  File "C:\Users\Play\AppData\Local\Programs\Python\Python311\Lib\site-packages\sqlalchemy\engine\base.py", line 1967, in _exec_single_context
    self.dialect.do_execute(
  File "C:\Users\Play\AppData\Local\Programs\Python\Python311\Lib\site-packages\sqlalchemy\engine\default.py", line 951, in do_execute
    cursor.execute(statement, parameters)
  File "C:\Users\Play\AppData\Local\Programs\Python\Python311\Lib\site-packages\sqlalchemy\dialects\sqlite\aiosqlite.py", line 180, in execute
    self._adapt_connection._handle_exception(error)
  File "C:\Users\Play\AppData\Local\Programs\Python\Python311\Lib\site-packages\sqlalchemy\dialects\sqlite\aiosqlite.py", line 340, in _handle_exception
    raise error
  File "C:\Users\Play\AppData\Local\Programs\Python\Python311\Lib\site-packages\sqlalchemy\dialects\sqlite\aiosqlite.py", line 162, in execute
    self.await_(_cursor.execute(operation, parameters))
  File "C:\Users\Play\AppData\Local\Programs\Python\Python311\Lib\site-packages\sqlalchemy\util\_concurrency_py3k.py", line 132, in await_only
    return current.parent.switch(awaitable)  # type: ignore[no-any-return,attr-defined] # noqa: E501
           ^^^^^^^^^^^^^^^^^^^^^^^^^^^^^^^^
  File "C:\Users\Play\AppData\Local\Programs\Python\Python311\Lib\site-packages\sqlalchemy\util\_concurrency_py3k.py", line 196, in greenlet_spawn
    value = await result
            ^^^^^^^^^^^^
  File "C:\Users\Play\AppData\Local\Programs\Python\Python311\Lib\site-packages\aiosqlite\cursor.py", line 40, in execute
    await self._execute(self._cursor.execute, sql, parameters)
  File "C:\Users\Play\AppData\Local\Programs\Python\Python311\Lib\site-packages\aiosqlite\cursor.py", line 32, in _execute
    return await self._conn._execute(fn, *args, **kwargs)
           ^^^^^^^^^^^^^^^^^^^^^^^^^^^^^^^^^^^^^^^^^^^^^^
  File "C:\Users\Play\AppData\Local\Programs\Python\Python311\Lib\site-packages\aiosqlite\core.py", line 133, in _execute
    return await future
           ^^^^^^^^^^^^
  File "C:\Users\Play\AppData\Local\Programs\Python\Python311\Lib\site-packages\aiosqlite\core.py", line 65, in _connection_worker_thread
    result = function()
             ^^^^^^^^^^
sqlalchemy.exc.OperationalError: (sqlite3.OperationalError) no such table: dispatchers
[SQL: SELECT dispatchers.id, dispatchers.telegram_id, dispatchers.username, dispatchers.first_name, dispatchers.last_name, dispatchers.session_file, dispatchers.session_active, dispatchers.session_expires_at, dispatchers.created_at, dispatchers.updated_at 
FROM dispatchers 
WHERE dispatchers.telegram_id = ?]
[parameters: (5782455721,)]
(Background on this error at: https://sqlalche.me/e/20/e3q8)
2025-12-16 23:57:02,649 - aiogram.event - INFO - Update id=873021215 is not handled. Duration 233 ms by bot id=8589419100
2025-12-16 23:57:02,649 - aiogram.event - INFO - Update id=873021215 is not handled. Duration 233 ms by bot id=8589419100
2025-12-16 23:57:30,753 - src.bot.middleware.logging_middleware - INFO - Message received: /start from user 5782455721
2025-12-16 23:57:30,753 - src.bot.middleware.logging_middleware - INFO - Message received: /start from user 5782455721
2025-12-16 23:57:30,864 - src.bot.middleware.logging_middleware - INFO - Handler completed successfully
2025-12-16 23:57:30,864 - src.bot.middleware.logging_middleware - INFO - Handler completed successfully
2025-12-16 23:57:30,865 - aiogram.event - INFO - Update id=873021216 is handled. Duration 108 ms by bot id=8589419100
2025-12-16 23:57:30,865 - aiogram.event - INFO - Update id=873021216 is handled. Duration 108 ms by bot id=8589419100
2025-12-16 23:57:40,819 - src.bot.middleware.logging_middleware - INFO - Callback received: settings from user 5782455721
2025-12-16 23:57:40,819 - src.bot.middleware.logging_middleware - INFO - Callback received: settings from user 5782455721
2025-12-16 23:57:40,821 - src.bot.handlers.settings_handlers - ERROR - Error in settings menu: (sqlite3.OperationalError) no such table: dispatchers
[SQL: SELECT dispatchers.id, dispatchers.telegram_id, dispatchers.username, dispatchers.first_name, dispatchers.last_name, dispatchers.session_file, dispatchers.session_active, dispatchers.session_expires_at, dispatchers.created_at, dispatchers.updated_at 
FROM dispatchers 
WHERE dispatchers.telegram_id = ?]
[parameters: (5782455721,)]
(Background on this error at: https://sqlalche.me/e/20/e3q8)
Traceback (most recent call last):
  File "C:\Users\Play\AppData\Local\Programs\Python\Python311\Lib\site-packages\sqlalchemy\engine\base.py", line 1967, in _exec_single_context
    self.dialect.do_execute(
  File "C:\Users\Play\AppData\Local\Programs\Python\Python311\Lib\site-packages\sqlalchemy\engine\default.py", line 951, in do_execute
    cursor.execute(statement, parameters)
  File "C:\Users\Play\AppData\Local\Programs\Python\Python311\Lib\site-packages\sqlalchemy\dialects\sqlite\aiosqlite.py", line 180, in execute
    self._adapt_connection._handle_exception(error)
  File "C:\Users\Play\AppData\Local\Programs\Python\Python311\Lib\site-packages\sqlalchemy\dialects\sqlite\aiosqlite.py", line 340, in _handle_exception
    raise error
  File "C:\Users\Play\AppData\Local\Programs\Python\Python311\Lib\site-packages\sqlalchemy\dialects\sqlite\aiosqlite.py", line 162, in execute
    self.await_(_cursor.execute(operation, parameters))
  File "C:\Users\Play\AppData\Local\Programs\Python\Python311\Lib\site-packages\sqlalchemy\util\_concurrency_py3k.py", line 132, in await_only
    return current.parent.switch(awaitable)  # type: ignore[no-any-return,attr-defined] # noqa: E501
           ^^^^^^^^^^^^^^^^^^^^^^^^^^^^^^^^
  File "C:\Users\Play\AppData\Local\Programs\Python\Python311\Lib\site-packages\sqlalchemy\util\_concurrency_py3k.py", line 196, in greenlet_spawn
    value = await result
            ^^^^^^^^^^^^
  File "C:\Users\Play\AppData\Local\Programs\Python\Python311\Lib\site-packages\aiosqlite\cursor.py", line 40, in execute
    await self._execute(self._cursor.execute, sql, parameters)
  File "C:\Users\Play\AppData\Local\Programs\Python\Python311\Lib\site-packages\aiosqlite\cursor.py", line 32, in _execute
    return await self._conn._execute(fn, *args, **kwargs)
           ^^^^^^^^^^^^^^^^^^^^^^^^^^^^^^^^^^^^^^^^^^^^^^
  File "C:\Users\Play\AppData\Local\Programs\Python\Python311\Lib\site-packages\aiosqlite\core.py", line 133, in _execute
    return await future
           ^^^^^^^^^^^^
  File "C:\Users\Play\AppData\Local\Programs\Python\Python311\Lib\site-packages\aiosqlite\core.py", line 65, in _connection_worker_thread
    result = function()
             ^^^^^^^^^^
sqlite3.OperationalError: no such table: dispatchers

The above exception was the direct cause of the following exception:

Traceback (most recent call last):
  File "C:\Users\Play\Desktop\disp-tax\src\bot\handlers\settings_handlers.py", line 20, in settings_menu
    result = await session.execute(
             ^^^^^^^^^^^^^^^^^^^^^^
  File "C:\Users\Play\AppData\Local\Programs\Python\Python311\Lib\site-packages\sqlalchemy\ext\asyncio\session.py", line 449, in execute
    result = await greenlet_spawn(
             ^^^^^^^^^^^^^^^^^^^^^
  File "C:\Users\Play\AppData\Local\Programs\Python\Python311\Lib\site-packages\sqlalchemy\util\_concurrency_py3k.py", line 201, in greenlet_spawn
    result = context.throw(*sys.exc_info())
             ^^^^^^^^^^^^^^^^^^^^^^^^^^^^^^
  File "C:\Users\Play\AppData\Local\Programs\Python\Python311\Lib\site-packages\sqlalchemy\orm\session.py", line 2351, in execute
    return self._execute_internal(
           ^^^^^^^^^^^^^^^^^^^^^^^
  File "C:\Users\Play\AppData\Local\Programs\Python\Python311\Lib\site-packages\sqlalchemy\orm\session.py", line 2249, in _execute_internal
    result: Result[Any] = compile_state_cls.orm_execute_statement(
                          ^^^^^^^^^^^^^^^^^^^^^^^^^^^^^^^^^^^^^^^^
  File "C:\Users\Play\AppData\Local\Programs\Python\Python311\Lib\site-packages\sqlalchemy\orm\context.py", line 306, in orm_execute_statement
    result = conn.execute(
             ^^^^^^^^^^^^^
  File "C:\Users\Play\AppData\Local\Programs\Python\Python311\Lib\site-packages\sqlalchemy\engine\base.py", line 1419, in execute
    return meth(
           ^^^^^
  File "C:\Users\Play\AppData\Local\Programs\Python\Python311\Lib\site-packages\sqlalchemy\sql\elements.py", line 526, in _execute_on_connection
    return connection._execute_clauseelement(
           ^^^^^^^^^^^^^^^^^^^^^^^^^^^^^^^^^^
  File "C:\Users\Play\AppData\Local\Programs\Python\Python311\Lib\site-packages\sqlalchemy\engine\base.py", line 1641, in _execute_clauseelement
    ret = self._execute_context(
          ^^^^^^^^^^^^^^^^^^^^^^
  File "C:\Users\Play\AppData\Local\Programs\Python\Python311\Lib\site-packages\sqlalchemy\engine\base.py", line 1846, in _execute_context
    return self._exec_single_context(
           ^^^^^^^^^^^^^^^^^^^^^^^^^^
  File "C:\Users\Play\AppData\Local\Programs\Python\Python311\Lib\site-packages\sqlalchemy\engine\base.py", line 1986, in _exec_single_context
    self._handle_dbapi_exception(
  File "C:\Users\Play\AppData\Local\Programs\Python\Python311\Lib\site-packages\sqlalchemy\engine\base.py", line 2355, in _handle_dbapi_exception
    raise sqlalchemy_exception.with_traceback(exc_info[2]) from e
  File "C:\Users\Play\AppData\Local\Programs\Python\Python311\Lib\site-packages\sqlalchemy\engine\base.py", line 1967, in _exec_single_context
    self.dialect.do_execute(
  File "C:\Users\Play\AppData\Local\Programs\Python\Python311\Lib\site-packages\sqlalchemy\engine\default.py", line 951, in do_execute
    cursor.execute(statement, parameters)
  File "C:\Users\Play\AppData\Local\Programs\Python\Python311\Lib\site-packages\sqlalchemy\dialects\sqlite\aiosqlite.py", line 180, in execute
    self._adapt_connection._handle_exception(error)
  File "C:\Users\Play\AppData\Local\Programs\Python\Python311\Lib\site-packages\sqlalchemy\dialects\sqlite\aiosqlite.py", line 340, in _handle_exception
    raise error
  File "C:\Users\Play\AppData\Local\Programs\Python\Python311\Lib\site-packages\sqlalchemy\dialects\sqlite\aiosqlite.py", line 162, in execute
    self.await_(_cursor.execute(operation, parameters))
  File "C:\Users\Play\AppData\Local\Programs\Python\Python311\Lib\site-packages\sqlalchemy\util\_concurrency_py3k.py", line 132, in await_only
    return current.parent.switch(awaitable)  # type: ignore[no-any-return,attr-defined] # noqa: E501
           ^^^^^^^^^^^^^^^^^^^^^^^^^^^^^^^^
  File "C:\Users\Play\AppData\Local\Programs\Python\Python311\Lib\site-packages\sqlalchemy\util\_concurrency_py3k.py", line 196, in greenlet_spawn
    value = await result
            ^^^^^^^^^^^^
  File "C:\Users\Play\AppData\Local\Programs\Python\Python311\Lib\site-packages\aiosqlite\cursor.py", line 40, in execute
    await self._execute(self._cursor.execute, sql, parameters)
  File "C:\Users\Play\AppData\Local\Programs\Python\Python311\Lib\site-packages\aiosqlite\cursor.py", line 32, in _execute
    return await self._conn._execute(fn, *args, **kwargs)
           ^^^^^^^^^^^^^^^^^^^^^^^^^^^^^^^^^^^^^^^^^^^^^^
  File "C:\Users\Play\AppData\Local\Programs\Python\Python311\Lib\site-packages\aiosqlite\core.py", line 133, in _execute
    return await future
           ^^^^^^^^^^^^
  File "C:\Users\Play\AppData\Local\Programs\Python\Python311\Lib\site-packages\aiosqlite\core.py", line 65, in _connection_worker_thread
    result = function()
             ^^^^^^^^^^
sqlalchemy.exc.OperationalError: (sqlite3.OperationalError) no such table: dispatchers
[SQL: SELECT dispatchers.id, dispatchers.telegram_id, dispatchers.username, dispatchers.first_name, dispatchers.last_name, dispatchers.session_file, dispatchers.session_active, dispatchers.session_expires_at, dispatchers.created_at, dispatchers.updated_at 
FROM dispatchers 
WHERE dispatchers.telegram_id = ?]
[parameters: (5782455721,)]
(Background on this error at: https://sqlalche.me/e/20/e3q8)
2025-12-16 23:57:40,821 - src.bot.handlers.settings_handlers - ERROR - Error in settings menu: (sqlite3.OperationalError) no such table: dispatchers
[SQL: SELECT dispatchers.id, dispatchers.telegram_id, dispatchers.username, dispatchers.first_name, dispatchers.last_name, dispatchers.session_file, dispatchers.session_active, dispatchers.session_expires_at, dispatchers.created_at, dispatchers.updated_at 
FROM dispatchers 
WHERE dispatchers.telegram_id = ?]
[parameters: (5782455721,)]
(Background on this error at: https://sqlalche.me/e/20/e3q8)
Traceback (most recent call last):
  File "C:\Users\Play\AppData\Local\Programs\Python\Python311\Lib\site-packages\sqlalchemy\engine\base.py", line 1967, in _exec_single_context
    self.dialect.do_execute(
  File "C:\Users\Play\AppData\Local\Programs\Python\Python311\Lib\site-packages\sqlalchemy\engine\default.py", line 951, in do_execute
    cursor.execute(statement, parameters)
  File "C:\Users\Play\AppData\Local\Programs\Python\Python311\Lib\site-packages\sqlalchemy\dialects\sqlite\aiosqlite.py", line 180, in execute
    self._adapt_connection._handle_exception(error)
  File "C:\Users\Play\AppData\Local\Programs\Python\Python311\Lib\site-packages\sqlalchemy\dialects\sqlite\aiosqlite.py", line 340, in _handle_exception
    raise error
  File "C:\Users\Play\AppData\Local\Programs\Python\Python311\Lib\site-packages\sqlalchemy\dialects\sqlite\aiosqlite.py", line 162, in execute
    self.await_(_cursor.execute(operation, parameters))
  File "C:\Users\Play\AppData\Local\Programs\Python\Python311\Lib\site-packages\sqlalchemy\util\_concurrency_py3k.py", line 132, in await_only
    return current.parent.switch(awaitable)  # type: ignore[no-any-return,attr-defined] # noqa: E501
           ^^^^^^^^^^^^^^^^^^^^^^^^^^^^^^^^
  File "C:\Users\Play\AppData\Local\Programs\Python\Python311\Lib\site-packages\sqlalchemy\util\_concurrency_py3k.py", line 196, in greenlet_spawn
    value = await result
            ^^^^^^^^^^^^
  File "C:\Users\Play\AppData\Local\Programs\Python\Python311\Lib\site-packages\aiosqlite\cursor.py", line 40, in execute
    await self._execute(self._cursor.execute, sql, parameters)
  File "C:\Users\Play\AppData\Local\Programs\Python\Python311\Lib\site-packages\aiosqlite\cursor.py", line 32, in _execute
    return await self._conn._execute(fn, *args, **kwargs)
           ^^^^^^^^^^^^^^^^^^^^^^^^^^^^^^^^^^^^^^^^^^^^^^
  File "C:\Users\Play\AppData\Local\Programs\Python\Python311\Lib\site-packages\aiosqlite\core.py", line 133, in _execute
    return await future
           ^^^^^^^^^^^^
  File "C:\Users\Play\AppData\Local\Programs\Python\Python311\Lib\site-packages\aiosqlite\core.py", line 65, in _connection_worker_thread
    result = function()
             ^^^^^^^^^^
sqlite3.OperationalError: no such table: dispatchers

The above exception was the direct cause of the following exception:

Traceback (most recent call last):
  File "C:\Users\Play\Desktop\disp-tax\src\bot\handlers\settings_handlers.py", line 20, in settings_menu
    result = await session.execute(
             ^^^^^^^^^^^^^^^^^^^^^^
  File "C:\Users\Play\AppData\Local\Programs\Python\Python311\Lib\site-packages\sqlalchemy\ext\asyncio\session.py", line 449, in execute
    result = await greenlet_spawn(
             ^^^^^^^^^^^^^^^^^^^^^
  File "C:\Users\Play\AppData\Local\Programs\Python\Python311\Lib\site-packages\sqlalchemy\util\_concurrency_py3k.py", line 201, in greenlet_spawn
    result = context.throw(*sys.exc_info())
             ^^^^^^^^^^^^^^^^^^^^^^^^^^^^^^
  File "C:\Users\Play\AppData\Local\Programs\Python\Python311\Lib\site-packages\sqlalchemy\orm\session.py", line 2351, in execute
    return self._execute_internal(
           ^^^^^^^^^^^^^^^^^^^^^^^
  File "C:\Users\Play\AppData\Local\Programs\Python\Python311\Lib\site-packages\sqlalchemy\orm\session.py", line 2249, in _execute_internal
    result: Result[Any] = compile_state_cls.orm_execute_statement(
                          ^^^^^^^^^^^^^^^^^^^^^^^^^^^^^^^^^^^^^^^^
  File "C:\Users\Play\AppData\Local\Programs\Python\Python311\Lib\site-packages\sqlalchemy\orm\context.py", line 306, in orm_execute_statement
    result = conn.execute(
             ^^^^^^^^^^^^^
  File "C:\Users\Play\AppData\Local\Programs\Python\Python311\Lib\site-packages\sqlalchemy\engine\base.py", line 1419, in execute
    return meth(
           ^^^^^
  File "C:\Users\Play\AppData\Local\Programs\Python\Python311\Lib\site-packages\sqlalchemy\sql\elements.py", line 526, in _execute_on_connection
    return connection._execute_clauseelement(
           ^^^^^^^^^^^^^^^^^^^^^^^^^^^^^^^^^^
  File "C:\Users\Play\AppData\Local\Programs\Python\Python311\Lib\site-packages\sqlalchemy\engine\base.py", line 1641, in _execute_clauseelement
    ret = self._execute_context(
          ^^^^^^^^^^^^^^^^^^^^^^
  File "C:\Users\Play\AppData\Local\Programs\Python\Python311\Lib\site-packages\sqlalchemy\engine\base.py", line 1846, in _execute_context
    return self._exec_single_context(
           ^^^^^^^^^^^^^^^^^^^^^^^^^^
  File "C:\Users\Play\AppData\Local\Programs\Python\Python311\Lib\site-packages\sqlalchemy\engine\base.py", line 1986, in _exec_single_context
    self._handle_dbapi_exception(
  File "C:\Users\Play\AppData\Local\Programs\Python\Python311\Lib\site-packages\sqlalchemy\engine\base.py", line 2355, in _handle_dbapi_exception
    raise sqlalchemy_exception.with_traceback(exc_info[2]) from e
  File "C:\Users\Play\AppData\Local\Programs\Python\Python311\Lib\site-packages\sqlalchemy\engine\base.py", line 1967, in _exec_single_context
    self.dialect.do_execute(
  File "C:\Users\Play\AppData\Local\Programs\Python\Python311\Lib\site-packages\sqlalchemy\engine\default.py", line 951, in do_execute
    cursor.execute(statement, parameters)
  File "C:\Users\Play\AppData\Local\Programs\Python\Python311\Lib\site-packages\sqlalchemy\dialects\sqlite\aiosqlite.py", line 180, in execute
    self._adapt_connection._handle_exception(error)
  File "C:\Users\Play\AppData\Local\Programs\Python\Python311\Lib\site-packages\sqlalchemy\dialects\sqlite\aiosqlite.py", line 340, in _handle_exception
    raise error
  File "C:\Users\Play\AppData\Local\Programs\Python\Python311\Lib\site-packages\sqlalchemy\dialects\sqlite\aiosqlite.py", line 162, in execute
    self.await_(_cursor.execute(operation, parameters))
  File "C:\Users\Play\AppData\Local\Programs\Python\Python311\Lib\site-packages\sqlalchemy\util\_concurrency_py3k.py", line 132, in await_only
    return current.parent.switch(awaitable)  # type: ignore[no-any-return,attr-defined] # noqa: E501
           ^^^^^^^^^^^^^^^^^^^^^^^^^^^^^^^^
  File "C:\Users\Play\AppData\Local\Programs\Python\Python311\Lib\site-packages\sqlalchemy\util\_concurrency_py3k.py", line 196, in greenlet_spawn
    value = await result
            ^^^^^^^^^^^^
  File "C:\Users\Play\AppData\Local\Programs\Python\Python311\Lib\site-packages\aiosqlite\cursor.py", line 40, in execute
    await self._execute(self._cursor.execute, sql, parameters)
  File "C:\Users\Play\AppData\Local\Programs\Python\Python311\Lib\site-packages\aiosqlite\cursor.py", line 32, in _execute
    return await self._conn._execute(fn, *args, **kwargs)
           ^^^^^^^^^^^^^^^^^^^^^^^^^^^^^^^^^^^^^^^^^^^^^^
  File "C:\Users\Play\AppData\Local\Programs\Python\Python311\Lib\site-packages\aiosqlite\core.py", line 133, in _execute
    return await future
           ^^^^^^^^^^^^
  File "C:\Users\Play\AppData\Local\Programs\Python\Python311\Lib\site-packages\aiosqlite\core.py", line 65, in _connection_worker_thread
    result = function()
             ^^^^^^^^^^
sqlalchemy.exc.OperationalError: (sqlite3.OperationalError) no such table: dispatchers
[SQL: SELECT dispatchers.id, dispatchers.telegram_id, dispatchers.username, dispatchers.first_name, dispatchers.last_name, dispatchers.session_file, dispatchers.session_active, dispatchers.session_expires_at, dispatchers.created_at, dispatchers.updated_at 
FROM dispatchers 
WHERE dispatchers.telegram_id = ?]
[parameters: (5782455721,)]
(Background on this error at: https://sqlalche.me/e/20/e3q8)
2025-12-16 23:57:41,105 - aiogram.event - INFO - Update id=873021217 is not handled. Duration 297 ms by bot id=8589419100
2025-12-16 23:57:41,105 - aiogram.event - INFO - Update id=873021217 is not handled. Duration 297 ms by bot id=8589419100
2025-12-16 23:59:00,221 - aiogram.dispatcher - ERROR - Failed to fetch updates - TelegramNetworkError: HTTP Client says - ServerDisconnectedError: Server disconnected
2025-12-16 23:59:00,221 - aiogram.dispatcher - ERROR - Failed to fetch updates - TelegramNetworkError: HTTP Client says - ServerDisconnectedError: Server disconnected
2025-12-16 23:59:00,222 - aiogram.dispatcher - WARNING - Sleep for 1.000000 seconds and try again... (tryings = 0, bot id = 8589419100)
2025-12-16 23:59:00,222 - aiogram.dispatcher - WARNING - Sleep for 1.000000 seconds and try again... (tryings = 0, bot id = 8589419100)
2025-12-16 23:59:11,539 - aiogram.dispatcher - INFO - Connection established (tryings = 1, bot id = 8589419100)
2025-12-16 23:59:11,539 - aiogram.dispatcher - INFO - Connection established (tryings = 1, bot id = 8589419100)
2025-12-16 23:59:31,200 - src.bot.middleware.logging_middleware - INFO - Message received: /start from user 5782455721
2025-12-16 23:59:31,200 - src.bot.middleware.logging_middleware - INFO - Message received: /start from user 5782455721
2025-12-16 23:59:31,579 - src.bot.middleware.logging_middleware - INFO - Handler completed successfully
2025-12-16 23:59:31,579 - src.bot.middleware.logging_middleware - INFO - Handler completed successfully
2025-12-16 23:59:31,580 - aiogram.event - INFO - Update id=873021218 is handled. Duration 375 ms by bot id=8589419100
2025-12-16 23:59:31,580 - aiogram.event - INFO - Update id=873021218 is handled. Duration 375 ms by bot id=8589419100
2025-12-16 23:59:34,343 - src.bot.middleware.logging_middleware - INFO - Callback received: order:list from user 5782455721
2025-12-16 23:59:34,343 - src.bot.middleware.logging_middleware - INFO - Callback received: order:list from user 5782455721
2025-12-16 23:59:34,345 - src.bot.handlers.order_handlers - ERROR - Error listing orders: (sqlite3.OperationalError) no such table: orders
[SQL: SELECT orders.id, orders.dispatcher_id, orders.state, orders.content, orders.normalized_content, orders.is_vip, orders.created_at, orders.updated_at, orders.confirmed_at, orders.sent_at, orders.closed_at 
FROM orders 
WHERE orders.dispatcher_id = ? ORDER BY orders.created_at DESC]
[parameters: (5782455721,)]
(Background on this error at: https://sqlalche.me/e/20/e3q8)
Traceback (most recent call last):
  File "C:\Users\Play\AppData\Local\Programs\Python\Python311\Lib\site-packages\sqlalchemy\engine\base.py", line 1967, in _exec_single_context
    self.dialect.do_execute(
  File "C:\Users\Play\AppData\Local\Programs\Python\Python311\Lib\site-packages\sqlalchemy\engine\default.py", line 951, in do_execute
    cursor.execute(statement, parameters)
  File "C:\Users\Play\AppData\Local\Programs\Python\Python311\Lib\site-packages\sqlalchemy\dialects\sqlite\aiosqlite.py", line 180, in execute
    self._adapt_connection._handle_exception(error)
  File "C:\Users\Play\AppData\Local\Programs\Python\Python311\Lib\site-packages\sqlalchemy\dialects\sqlite\aiosqlite.py", line 340, in _handle_exception
    raise error
  File "C:\Users\Play\AppData\Local\Programs\Python\Python311\Lib\site-packages\sqlalchemy\dialects\sqlite\aiosqlite.py", line 162, in execute
    self.await_(_cursor.execute(operation, parameters))
  File "C:\Users\Play\AppData\Local\Programs\Python\Python311\Lib\site-packages\sqlalchemy\util\_concurrency_py3k.py", line 132, in await_only
    return current.parent.switch(awaitable)  # type: ignore[no-any-return,attr-defined] # noqa: E501
           ^^^^^^^^^^^^^^^^^^^^^^^^^^^^^^^^
  File "C:\Users\Play\AppData\Local\Programs\Python\Python311\Lib\site-packages\sqlalchemy\util\_concurrency_py3k.py", line 196, in greenlet_spawn
    value = await result
            ^^^^^^^^^^^^
  File "C:\Users\Play\AppData\Local\Programs\Python\Python311\Lib\site-packages\aiosqlite\cursor.py", line 40, in execute
    await self._execute(self._cursor.execute, sql, parameters)
  File "C:\Users\Play\AppData\Local\Programs\Python\Python311\Lib\site-packages\aiosqlite\cursor.py", line 32, in _execute
    return await self._conn._execute(fn, *args, **kwargs)
           ^^^^^^^^^^^^^^^^^^^^^^^^^^^^^^^^^^^^^^^^^^^^^^
  File "C:\Users\Play\AppData\Local\Programs\Python\Python311\Lib\site-packages\aiosqlite\core.py", line 133, in _execute
    return await future
           ^^^^^^^^^^^^
  File "C:\Users\Play\AppData\Local\Programs\Python\Python311\Lib\site-packages\aiosqlite\core.py", line 65, in _connection_worker_thread
    result = function()
             ^^^^^^^^^^
sqlite3.OperationalError: no such table: orders

The above exception was the direct cause of the following exception:

Traceback (most recent call last):
  File "C:\Users\Play\Desktop\disp-tax\src\bot\handlers\order_handlers.py", line 250, in list_orders
    orders = await OrderService.get_dispatcher_orders(
             ^^^^^^^^^^^^^^^^^^^^^^^^^^^^^^^^^^^^^^^^^
  File "C:\Users\Play\Desktop\disp-tax\src\services\order_service.py", line 381, in get_dispatcher_orders
    result = await session.execute(query)
             ^^^^^^^^^^^^^^^^^^^^^^^^^^^^
  File "C:\Users\Play\AppData\Local\Programs\Python\Python311\Lib\site-packages\sqlalchemy\ext\asyncio\session.py", line 449, in execute
    result = await greenlet_spawn(
             ^^^^^^^^^^^^^^^^^^^^^
  File "C:\Users\Play\AppData\Local\Programs\Python\Python311\Lib\site-packages\sqlalchemy\util\_concurrency_py3k.py", line 201, in greenlet_spawn
    result = context.throw(*sys.exc_info())
             ^^^^^^^^^^^^^^^^^^^^^^^^^^^^^^
  File "C:\Users\Play\AppData\Local\Programs\Python\Python311\Lib\site-packages\sqlalchemy\orm\session.py", line 2351, in execute
    return self._execute_internal(
           ^^^^^^^^^^^^^^^^^^^^^^^
  File "C:\Users\Play\AppData\Local\Programs\Python\Python311\Lib\site-packages\sqlalchemy\orm\session.py", line 2249, in _execute_internal
    result: Result[Any] = compile_state_cls.orm_execute_statement(
                          ^^^^^^^^^^^^^^^^^^^^^^^^^^^^^^^^^^^^^^^^
  File "C:\Users\Play\AppData\Local\Programs\Python\Python311\Lib\site-packages\sqlalchemy\orm\context.py", line 306, in orm_execute_statement
    result = conn.execute(
             ^^^^^^^^^^^^^
  File "C:\Users\Play\AppData\Local\Programs\Python\Python311\Lib\site-packages\sqlalchemy\engine\base.py", line 1419, in execute
    return meth(
           ^^^^^
  File "C:\Users\Play\AppData\Local\Programs\Python\Python311\Lib\site-packages\sqlalchemy\sql\elements.py", line 526, in _execute_on_connection
    return connection._execute_clauseelement(
           ^^^^^^^^^^^^^^^^^^^^^^^^^^^^^^^^^^
  File "C:\Users\Play\AppData\Local\Programs\Python\Python311\Lib\site-packages\sqlalchemy\engine\base.py", line 1641, in _execute_clauseelement
    ret = self._execute_context(
          ^^^^^^^^^^^^^^^^^^^^^^
  File "C:\Users\Play\AppData\Local\Programs\Python\Python311\Lib\site-packages\sqlalchemy\engine\base.py", line 1846, in _execute_context
    return self._exec_single_context(
           ^^^^^^^^^^^^^^^^^^^^^^^^^^
  File "C:\Users\Play\AppData\Local\Programs\Python\Python311\Lib\site-packages\sqlalchemy\engine\base.py", line 1986, in _exec_single_context
    self._handle_dbapi_exception(
  File "C:\Users\Play\AppData\Local\Programs\Python\Python311\Lib\site-packages\sqlalchemy\engine\base.py", line 2355, in _handle_dbapi_exception
    raise sqlalchemy_exception.with_traceback(exc_info[2]) from e
  File "C:\Users\Play\AppData\Local\Programs\Python\Python311\Lib\site-packages\sqlalchemy\engine\base.py", line 1967, in _exec_single_context
    self.dialect.do_execute(
  File "C:\Users\Play\AppData\Local\Programs\Python\Python311\Lib\site-packages\sqlalchemy\engine\default.py", line 951, in do_execute
    cursor.execute(statement, parameters)
  File "C:\Users\Play\AppData\Local\Programs\Python\Python311\Lib\site-packages\sqlalchemy\dialects\sqlite\aiosqlite.py", line 180, in execute
    self._adapt_connection._handle_exception(error)
  File "C:\Users\Play\AppData\Local\Programs\Python\Python311\Lib\site-packages\sqlalchemy\dialects\sqlite\aiosqlite.py", line 340, in _handle_exception
    raise error
  File "C:\Users\Play\AppData\Local\Programs\Python\Python311\Lib\site-packages\sqlalchemy\dialects\sqlite\aiosqlite.py", line 162, in execute
    self.await_(_cursor.execute(operation, parameters))
  File "C:\Users\Play\AppData\Local\Programs\Python\Python311\Lib\site-packages\sqlalchemy\util\_concurrency_py3k.py", line 132, in await_only
    return current.parent.switch(awaitable)  # type: ignore[no-any-return,attr-defined] # noqa: E501
           ^^^^^^^^^^^^^^^^^^^^^^^^^^^^^^^^
  File "C:\Users\Play\AppData\Local\Programs\Python\Python311\Lib\site-packages\sqlalchemy\util\_concurrency_py3k.py", line 196, in greenlet_spawn
    value = await result
            ^^^^^^^^^^^^
  File "C:\Users\Play\AppData\Local\Programs\Python\Python311\Lib\site-packages\aiosqlite\cursor.py", line 40, in execute
    await self._execute(self._cursor.execute, sql, parameters)
  File "C:\Users\Play\AppData\Local\Programs\Python\Python311\Lib\site-packages\aiosqlite\cursor.py", line 32, in _execute
    return await self._conn._execute(fn, *args, **kwargs)
           ^^^^^^^^^^^^^^^^^^^^^^^^^^^^^^^^^^^^^^^^^^^^^^
  File "C:\Users\Play\AppData\Local\Programs\Python\Python311\Lib\site-packages\aiosqlite\core.py", line 133, in _execute
    return await future
           ^^^^^^^^^^^^
  File "C:\Users\Play\AppData\Local\Programs\Python\Python311\Lib\site-packages\aiosqlite\core.py", line 65, in _connection_worker_thread
    result = function()
             ^^^^^^^^^^
sqlalchemy.exc.OperationalError: (sqlite3.OperationalError) no such table: orders
[SQL: SELECT orders.id, orders.dispatcher_id, orders.state, orders.content, orders.normalized_content, orders.is_vip, orders.created_at, orders.updated_at, orders.confirmed_at, orders.sent_at, orders.closed_at 
FROM orders 
WHERE orders.dispatcher_id = ? ORDER BY orders.created_at DESC]
[parameters: (5782455721,)]
(Background on this error at: https://sqlalche.me/e/20/e3q8)
2025-12-16 23:59:34,345 - src.bot.handlers.order_handlers - ERROR - Error listing orders: (sqlite3.OperationalError) no such table: orders
[SQL: SELECT orders.id, orders.dispatcher_id, orders.state, orders.content, orders.normalized_content, orders.is_vip, orders.created_at, orders.updated_at, orders.confirmed_at, orders.sent_at, orders.closed_at 
FROM orders 
WHERE orders.dispatcher_id = ? ORDER BY orders.created_at DESC]
[parameters: (5782455721,)]
(Background on this error at: https://sqlalche.me/e/20/e3q8)
Traceback (most recent call last):
  File "C:\Users\Play\AppData\Local\Programs\Python\Python311\Lib\site-packages\sqlalchemy\engine\base.py", line 1967, in _exec_single_context
    self.dialect.do_execute(
  File "C:\Users\Play\AppData\Local\Programs\Python\Python311\Lib\site-packages\sqlalchemy\engine\default.py", line 951, in do_execute
    cursor.execute(statement, parameters)
  File "C:\Users\Play\AppData\Local\Programs\Python\Python311\Lib\site-packages\sqlalchemy\dialects\sqlite\aiosqlite.py", line 180, in execute
    self._adapt_connection._handle_exception(error)
  File "C:\Users\Play\AppData\Local\Programs\Python\Python311\Lib\site-packages\sqlalchemy\dialects\sqlite\aiosqlite.py", line 340, in _handle_exception
    raise error
  File "C:\Users\Play\AppData\Local\Programs\Python\Python311\Lib\site-packages\sqlalchemy\dialects\sqlite\aiosqlite.py", line 162, in execute
    self.await_(_cursor.execute(operation, parameters))
  File "C:\Users\Play\AppData\Local\Programs\Python\Python311\Lib\site-packages\sqlalchemy\util\_concurrency_py3k.py", line 132, in await_only
    return current.parent.switch(awaitable)  # type: ignore[no-any-return,attr-defined] # noqa: E501
           ^^^^^^^^^^^^^^^^^^^^^^^^^^^^^^^^
  File "C:\Users\Play\AppData\Local\Programs\Python\Python311\Lib\site-packages\sqlalchemy\util\_concurrency_py3k.py", line 196, in greenlet_spawn
    value = await result
            ^^^^^^^^^^^^
  File "C:\Users\Play\AppData\Local\Programs\Python\Python311\Lib\site-packages\aiosqlite\cursor.py", line 40, in execute
    await self._execute(self._cursor.execute, sql, parameters)
  File "C:\Users\Play\AppData\Local\Programs\Python\Python311\Lib\site-packages\aiosqlite\cursor.py", line 32, in _execute
    return await self._conn._execute(fn, *args, **kwargs)
           ^^^^^^^^^^^^^^^^^^^^^^^^^^^^^^^^^^^^^^^^^^^^^^
  File "C:\Users\Play\AppData\Local\Programs\Python\Python311\Lib\site-packages\aiosqlite\core.py", line 133, in _execute
    return await future
           ^^^^^^^^^^^^
  File "C:\Users\Play\AppData\Local\Programs\Python\Python311\Lib\site-packages\aiosqlite\core.py", line 65, in _connection_worker_thread
    result = function()
             ^^^^^^^^^^
sqlite3.OperationalError: no such table: orders

The above exception was the direct cause of the following exception:

Traceback (most recent call last):
  File "C:\Users\Play\Desktop\disp-tax\src\bot\handlers\order_handlers.py", line 250, in list_orders
    orders = await OrderService.get_dispatcher_orders(
             ^^^^^^^^^^^^^^^^^^^^^^^^^^^^^^^^^^^^^^^^^
  File "C:\Users\Play\Desktop\disp-tax\src\services\order_service.py", line 381, in get_dispatcher_orders
    result = await session.execute(query)
             ^^^^^^^^^^^^^^^^^^^^^^^^^^^^
  File "C:\Users\Play\AppData\Local\Programs\Python\Python311\Lib\site-packages\sqlalchemy\ext\asyncio\session.py", line 449, in execute
    result = await greenlet_spawn(
             ^^^^^^^^^^^^^^^^^^^^^
  File "C:\Users\Play\AppData\Local\Programs\Python\Python311\Lib\site-packages\sqlalchemy\util\_concurrency_py3k.py", line 201, in greenlet_spawn
    result = context.throw(*sys.exc_info())
             ^^^^^^^^^^^^^^^^^^^^^^^^^^^^^^
  File "C:\Users\Play\AppData\Local\Programs\Python\Python311\Lib\site-packages\sqlalchemy\orm\session.py", line 2351, in execute
    return self._execute_internal(
           ^^^^^^^^^^^^^^^^^^^^^^^
  File "C:\Users\Play\AppData\Local\Programs\Python\Python311\Lib\site-packages\sqlalchemy\orm\session.py", line 2249, in _execute_internal
    result: Result[Any] = compile_state_cls.orm_execute_statement(
                          ^^^^^^^^^^^^^^^^^^^^^^^^^^^^^^^^^^^^^^^^
  File "C:\Users\Play\AppData\Local\Programs\Python\Python311\Lib\site-packages\sqlalchemy\orm\context.py", line 306, in orm_execute_statement
    result = conn.execute(
             ^^^^^^^^^^^^^
  File "C:\Users\Play\AppData\Local\Programs\Python\Python311\Lib\site-packages\sqlalchemy\engine\base.py", line 1419, in execute
    return meth(
           ^^^^^
  File "C:\Users\Play\AppData\Local\Programs\Python\Python311\Lib\site-packages\sqlalchemy\sql\elements.py", line 526, in _execute_on_connection
    return connection._execute_clauseelement(
           ^^^^^^^^^^^^^^^^^^^^^^^^^^^^^^^^^^
  File "C:\Users\Play\AppData\Local\Programs\Python\Python311\Lib\site-packages\sqlalchemy\engine\base.py", line 1641, in _execute_clauseelement
    ret = self._execute_context(
          ^^^^^^^^^^^^^^^^^^^^^^
  File "C:\Users\Play\AppData\Local\Programs\Python\Python311\Lib\site-packages\sqlalchemy\engine\base.py", line 1846, in _execute_context
    return self._exec_single_context(
           ^^^^^^^^^^^^^^^^^^^^^^^^^^
  File "C:\Users\Play\AppData\Local\Programs\Python\Python311\Lib\site-packages\sqlalchemy\engine\base.py", line 1986, in _exec_single_context
    self._handle_dbapi_exception(
  File "C:\Users\Play\AppData\Local\Programs\Python\Python311\Lib\site-packages\sqlalchemy\engine\base.py", line 2355, in _handle_dbapi_exception
    raise sqlalchemy_exception.with_traceback(exc_info[2]) from e
  File "C:\Users\Play\AppData\Local\Programs\Python\Python311\Lib\site-packages\sqlalchemy\engine\base.py", line 1967, in _exec_single_context
    self.dialect.do_execute(
  File "C:\Users\Play\AppData\Local\Programs\Python\Python311\Lib\site-packages\sqlalchemy\engine\default.py", line 951, in do_execute
    cursor.execute(statement, parameters)
  File "C:\Users\Play\AppData\Local\Programs\Python\Python311\Lib\site-packages\sqlalchemy\dialects\sqlite\aiosqlite.py", line 180, in execute
    self._adapt_connection._handle_exception(error)
  File "C:\Users\Play\AppData\Local\Programs\Python\Python311\Lib\site-packages\sqlalchemy\dialects\sqlite\aiosqlite.py", line 340, in _handle_exception
    raise error
  File "C:\Users\Play\AppData\Local\Programs\Python\Python311\Lib\site-packages\sqlalchemy\dialects\sqlite\aiosqlite.py", line 162, in execute
    self.await_(_cursor.execute(operation, parameters))
  File "C:\Users\Play\AppData\Local\Programs\Python\Python311\Lib\site-packages\sqlalchemy\util\_concurrency_py3k.py", line 132, in await_only
    return current.parent.switch(awaitable)  # type: ignore[no-any-return,attr-defined] # noqa: E501
           ^^^^^^^^^^^^^^^^^^^^^^^^^^^^^^^^
  File "C:\Users\Play\AppData\Local\Programs\Python\Python311\Lib\site-packages\sqlalchemy\util\_concurrency_py3k.py", line 196, in greenlet_spawn
    value = await result
            ^^^^^^^^^^^^
  File "C:\Users\Play\AppData\Local\Programs\Python\Python311\Lib\site-packages\aiosqlite\cursor.py", line 40, in execute
    await self._execute(self._cursor.execute, sql, parameters)
  File "C:\Users\Play\AppData\Local\Programs\Python\Python311\Lib\site-packages\aiosqlite\cursor.py", line 32, in _execute
    return await self._conn._execute(fn, *args, **kwargs)
           ^^^^^^^^^^^^^^^^^^^^^^^^^^^^^^^^^^^^^^^^^^^^^^
  File "C:\Users\Play\AppData\Local\Programs\Python\Python311\Lib\site-packages\aiosqlite\core.py", line 133, in _execute
    return await future
           ^^^^^^^^^^^^
  File "C:\Users\Play\AppData\Local\Programs\Python\Python311\Lib\site-packages\aiosqlite\core.py", line 65, in _connection_worker_thread
    result = function()
             ^^^^^^^^^^
sqlalchemy.exc.OperationalError: (sqlite3.OperationalError) no such table: orders
[SQL: SELECT orders.id, orders.dispatcher_id, orders.state, orders.content, orders.normalized_content, orders.is_vip, orders.created_at, orders.updated_at, orders.confirmed_at, orders.sent_at, orders.closed_at 
FROM orders 
WHERE orders.dispatcher_id = ? ORDER BY orders.created_at DESC]
[parameters: (5782455721,)]
(Background on this error at: https://sqlalche.me/e/20/e3q8)
2025-12-16 23:59:34,581 - aiogram.event - INFO - Update id=873021219 is not handled. Duration 233 ms by bot id=8589419100
2025-12-16 23:59:34,581 - aiogram.event - INFO - Update id=873021219 is not handled. Duration 233 ms by bot id=8589419100
2025-12-17 00:01:29,332 - __main__ - INFO - {"event": "Starting Telegram Dispatcher Platform...", "logger": "__main__", "level": "info", "timestamp": "2025-12-16T21:01:29.332268Z"}
2025-12-17 00:01:29,332 - __main__ - INFO - {"event": "Starting Telegram Dispatcher Platform...", "logger": "__main__", "level": "info", "timestamp": "2025-12-16T21:01:29.332268Z"}
2025-12-17 00:01:29,794 - __main__ - INFO - {"event": "Bot started. Press Ctrl+C to stop.", "logger": "__main__", "level": "info", "timestamp": "2025-12-16T21:01:29.794997Z"}
2025-12-17 00:01:29,794 - __main__ - INFO - {"event": "Bot started. Press Ctrl+C to stop.", "logger": "__main__", "level": "info", "timestamp": "2025-12-16T21:01:29.794997Z"}
2025-12-17 00:01:29,795 - aiogram.dispatcher - INFO - Start polling
2025-12-17 00:01:29,795 - aiogram.dispatcher - INFO - Start polling
2025-12-17 00:01:30,181 - aiogram.dispatcher - INFO - Run polling for bot @disp_hunter_bot id=8589419100 - 'Disp_Hunter'
2025-12-17 00:01:30,181 - aiogram.dispatcher - INFO - Run polling for bot @disp_hunter_bot id=8589419100 - 'Disp_Hunter'
2025-12-17 00:01:33,760 - src.bot.middleware.logging_middleware - INFO - Message received: /start from user 5782455721
2025-12-17 00:01:33,760 - src.bot.middleware.logging_middleware - INFO - Message received: /start from user 5782455721
2025-12-17 00:01:34,114 - src.bot.middleware.logging_middleware - INFO - Handler completed successfully
2025-12-17 00:01:34,114 - src.bot.middleware.logging_middleware - INFO - Handler completed successfully
2025-12-17 00:01:34,115 - aiogram.event - INFO - Update id=873021220 is handled. Duration 360 ms by bot id=8589419100
2025-12-17 00:01:34,115 - aiogram.event - INFO - Update id=873021220 is handled. Duration 360 ms by bot id=8589419100
2025-12-17 00:01:45,068 - src.bot.middleware.logging_middleware - INFO - Message received: /start from user 5782455721
2025-12-17 00:01:45,068 - src.bot.middleware.logging_middleware - INFO - Message received: /start from user 5782455721
2025-12-17 00:01:45,334 - src.bot.middleware.logging_middleware - INFO - Handler completed successfully
2025-12-17 00:01:45,334 - src.bot.middleware.logging_middleware - INFO - Handler completed successfully
2025-12-17 00:01:45,335 - aiogram.event - INFO - Update id=873021221 is handled. Duration 266 ms by bot id=8589419100
2025-12-17 00:01:45,335 - aiogram.event - INFO - Update id=873021221 is handled. Duration 266 ms by bot id=8589419100
2025-12-17 00:01:46,913 - src.bot.middleware.logging_middleware - INFO - Callback received: order:list from user 5782455721
2025-12-17 00:01:46,913 - src.bot.middleware.logging_middleware - INFO - Callback received: order:list from user 5782455721
2025-12-17 00:01:47,108 - src.bot.middleware.logging_middleware - INFO - Handler completed successfully
2025-12-17 00:01:47,108 - src.bot.middleware.logging_middleware - INFO - Handler completed successfully
2025-12-17 00:01:47,109 - aiogram.event - INFO - Update id=873021222 is handled. Duration 187 ms by bot id=8589419100
2025-12-17 00:01:47,109 - aiogram.event - INFO - Update id=873021222 is handled. Duration 187 ms by bot id=8589419100
2025-12-17 00:01:48,772 - src.bot.middleware.logging_middleware - INFO - Message received: /start from user 5782455721
2025-12-17 00:01:48,772 - src.bot.middleware.logging_middleware - INFO - Message received: /start from user 5782455721
2025-12-17 00:01:48,885 - src.bot.middleware.logging_middleware - INFO - Handler completed successfully
2025-12-17 00:01:48,885 - src.bot.middleware.logging_middleware - INFO - Handler completed successfully
2025-12-17 00:01:48,886 - aiogram.event - INFO - Update id=873021223 is handled. Duration 108 ms by bot id=8589419100
2025-12-17 00:01:48,886 - aiogram.event - INFO - Update id=873021223 is handled. Duration 108 ms by bot id=8589419100
2025-12-17 00:01:51,089 - src.bot.middleware.logging_middleware - INFO - Callback received: settings from user 5782455721
2025-12-17 00:01:51,089 - src.bot.middleware.logging_middleware - INFO - Callback received: settings from user 5782455721
2025-12-17 00:01:51,262 - src.bot.middleware.logging_middleware - INFO - Handler completed successfully
2025-12-17 00:01:51,262 - src.bot.middleware.logging_middleware - INFO - Handler completed successfully
2025-12-17 00:01:51,263 - aiogram.event - INFO - Update id=873021224 is handled. Duration 170 ms by bot id=8589419100
2025-12-17 00:01:51,263 - aiogram.event - INFO - Update id=873021224 is handled. Duration 170 ms by bot id=8589419100
2025-12-17 00:01:55,702 - src.bot.middleware.logging_middleware - INFO - Callback received: settings:auth from user 5782455721
2025-12-17 00:01:55,702 - src.bot.middleware.logging_middleware - INFO - Callback received: settings:auth from user 5782455721
2025-12-17 00:01:55,879 - src.bot.middleware.logging_middleware - INFO - Handler completed successfully
2025-12-17 00:01:55,879 - src.bot.middleware.logging_middleware - INFO - Handler completed successfully
2025-12-17 00:01:55,879 - aiogram.event - INFO - Update id=873021225 is handled. Duration 186 ms by bot id=8589419100
2025-12-17 00:01:55,879 - aiogram.event - INFO - Update id=873021225 is handled. Duration 186 ms by bot id=8589419100
2025-12-17 00:02:32,428 - src.bot.middleware.logging_middleware - INFO - Callback received: settings from user 5782455721
2025-12-17 00:02:32,428 - src.bot.middleware.logging_middleware - INFO - Callback received: settings from user 5782455721
2025-12-17 00:02:32,599 - src.bot.middleware.logging_middleware - INFO - Handler completed successfully
2025-12-17 00:02:32,599 - src.bot.middleware.logging_middleware - INFO - Handler completed successfully
2025-12-17 00:02:32,600 - aiogram.event - INFO - Update id=873021226 is handled. Duration 187 ms by bot id=8589419100
2025-12-17 00:02:32,600 - aiogram.event - INFO - Update id=873021226 is handled. Duration 187 ms by bot id=8589419100
2025-12-17 00:02:35,068 - src.bot.middleware.logging_middleware - INFO - Callback received: settings:regions from user 5782455721
2025-12-17 00:02:35,068 - src.bot.middleware.logging_middleware - INFO - Callback received: settings:regions from user 5782455721
2025-12-17 00:02:35,070 - src.bot.handlers.settings_handlers - ERROR - Error in regions: cannot access local variable 'select' where it is not associated with a value
Traceback (most recent call last):
  File "C:\Users\Play\Desktop\disp-tax\src\bot\handlers\settings_handlers.py", line 163, in settings_regions
    select(Dispatcher).where(Dispatcher.telegram_id == callback.from_user.id)
    ^^^^^^
UnboundLocalError: cannot access local variable 'select' where it is not associated with a value
2025-12-17 00:02:35,070 - src.bot.handlers.settings_handlers - ERROR - Error in regions: cannot access local variable 'select' where it is not associated with a value
Traceback (most recent call last):
  File "C:\Users\Play\Desktop\disp-tax\src\bot\handlers\settings_handlers.py", line 163, in settings_regions
    select(Dispatcher).where(Dispatcher.telegram_id == callback.from_user.id)
    ^^^^^^
UnboundLocalError: cannot access local variable 'select' where it is not associated with a value
2025-12-17 00:02:35,157 - src.bot.middleware.logging_middleware - INFO - Handler completed successfully
2025-12-17 00:02:35,157 - src.bot.middleware.logging_middleware - INFO - Handler completed successfully
2025-12-17 00:02:35,158 - aiogram.event - INFO - Update id=873021227 is handled. Duration 93 ms by bot id=8589419100
2025-12-17 00:02:35,158 - aiogram.event - INFO - Update id=873021227 is handled. Duration 93 ms by bot id=8589419100
2025-12-17 00:02:37,054 - src.bot.middleware.logging_middleware - INFO - Callback received: settings:regions from user 5782455721
2025-12-17 00:02:37,054 - src.bot.middleware.logging_middleware - INFO - Callback received: settings:regions from user 5782455721
2025-12-17 00:02:37,054 - src.bot.handlers.settings_handlers - ERROR - Error in regions: cannot access local variable 'select' where it is not associated with a value
Traceback (most recent call last):
  File "C:\Users\Play\Desktop\disp-tax\src\bot\handlers\settings_handlers.py", line 163, in settings_regions
    select(Dispatcher).where(Dispatcher.telegram_id == callback.from_user.id)
    ^^^^^^
UnboundLocalError: cannot access local variable 'select' where it is not associated with a value
2025-12-17 00:02:37,054 - src.bot.handlers.settings_handlers - ERROR - Error in regions: cannot access local variable 'select' where it is not associated with a value
Traceback (most recent call last):
  File "C:\Users\Play\Desktop\disp-tax\src\bot\handlers\settings_handlers.py", line 163, in settings_regions
    select(Dispatcher).where(Dispatcher.telegram_id == callback.from_user.id)
    ^^^^^^
UnboundLocalError: cannot access local variable 'select' where it is not associated with a value
2025-12-17 00:02:37,136 - src.bot.middleware.logging_middleware - INFO - Handler completed successfully
2025-12-17 00:02:37,136 - src.bot.middleware.logging_middleware - INFO - Handler completed successfully
2025-12-17 00:02:37,137 - aiogram.event - INFO - Update id=873021228 is handled. Duration 77 ms by bot id=8589419100
2025-12-17 00:02:37,137 - aiogram.event - INFO - Update id=873021228 is handled. Duration 77 ms by bot id=8589419100
2025-12-17 00:02:38,421 - src.bot.middleware.logging_middleware - INFO - Callback received: settings:profile from user 5782455721
2025-12-17 00:02:38,421 - src.bot.middleware.logging_middleware - INFO - Callback received: settings:profile from user 5782455721
2025-12-17 00:02:38,422 - src.bot.handlers.settings_handlers - ERROR - Error in profile: cannot access local variable 'select' where it is not associated with a value
Traceback (most recent call last):
  File "C:\Users\Play\Desktop\disp-tax\src\bot\handlers\settings_handlers.py", line 74, in settings_profile
    select(Dispatcher).where(Dispatcher.telegram_id == callback.from_user.id)
    ^^^^^^
UnboundLocalError: cannot access local variable 'select' where it is not associated with a value
2025-12-17 00:02:38,422 - src.bot.handlers.settings_handlers - ERROR - Error in profile: cannot access local variable 'select' where it is not associated with a value
Traceback (most recent call last):
  File "C:\Users\Play\Desktop\disp-tax\src\bot\handlers\settings_handlers.py", line 74, in settings_profile
    select(Dispatcher).where(Dispatcher.telegram_id == callback.from_user.id)
    ^^^^^^
UnboundLocalError: cannot access local variable 'select' where it is not associated with a value
2025-12-17 00:02:38,504 - src.bot.middleware.logging_middleware - INFO - Handler completed successfully
2025-12-17 00:02:38,504 - src.bot.middleware.logging_middleware - INFO - Handler completed successfully
2025-12-17 00:02:38,504 - aiogram.event - INFO - Update id=873021229 is handled. Duration 92 ms by bot id=8589419100
2025-12-17 00:02:38,504 - aiogram.event - INFO - Update id=873021229 is handled. Duration 92 ms by bot id=8589419100
2025-12-17 00:02:39,872 - src.bot.middleware.logging_middleware - INFO - Callback received: settings:groups from user 5782455721
2025-12-17 00:02:39,872 - src.bot.middleware.logging_middleware - INFO - Callback received: settings:groups from user 5782455721
2025-12-17 00:02:39,873 - src.bot.handlers.settings_handlers - ERROR - Error in groups: cannot access local variable 'select' where it is not associated with a value
Traceback (most recent call last):
  File "C:\Users\Play\Desktop\disp-tax\src\bot\handlers\settings_handlers.py", line 117, in settings_groups
    select(Dispatcher).where(Dispatcher.telegram_id == callback.from_user.id)
    ^^^^^^
UnboundLocalError: cannot access local variable 'select' where it is not associated with a value
2025-12-17 00:02:39,873 - src.bot.handlers.settings_handlers - ERROR - Error in groups: cannot access local variable 'select' where it is not associated with a value
Traceback (most recent call last):
  File "C:\Users\Play\Desktop\disp-tax\src\bot\handlers\settings_handlers.py", line 117, in settings_groups
    select(Dispatcher).where(Dispatcher.telegram_id == callback.from_user.id)
    ^^^^^^
UnboundLocalError: cannot access local variable 'select' where it is not associated with a value
2025-12-17 00:02:39,970 - src.bot.middleware.logging_middleware - INFO - Handler completed successfully
2025-12-17 00:02:39,970 - src.bot.middleware.logging_middleware - INFO - Handler completed successfully
2025-12-17 00:02:39,971 - aiogram.event - INFO - Update id=873021230 is handled. Duration 93 ms by bot id=8589419100
2025-12-17 00:02:39,971 - aiogram.event - INFO - Update id=873021230 is handled. Duration 93 ms by bot id=8589419100
2025-12-17 00:02:42,077 - src.bot.middleware.logging_middleware - INFO - Callback received: settings:scenarios from user 5782455721
2025-12-17 00:02:42,077 - src.bot.middleware.logging_middleware - INFO - Callback received: settings:scenarios from user 5782455721
2025-12-17 00:02:42,078 - src.bot.handlers.settings_handlers - ERROR - Error in scenarios: cannot access local variable 'select' where it is not associated with a value
Traceback (most recent call last):
  File "C:\Users\Play\Desktop\disp-tax\src\bot\handlers\settings_handlers.py", line 216, in settings_scenarios
    select(Dispatcher).where(Dispatcher.telegram_id == callback.from_user.id)
    ^^^^^^
UnboundLocalError: cannot access local variable 'select' where it is not associated with a value
2025-12-17 00:02:42,078 - src.bot.handlers.settings_handlers - ERROR - Error in scenarios: cannot access local variable 'select' where it is not associated with a value
Traceback (most recent call last):
  File "C:\Users\Play\Desktop\disp-tax\src\bot\handlers\settings_handlers.py", line 216, in settings_scenarios
    select(Dispatcher).where(Dispatcher.telegram_id == callback.from_user.id)
    ^^^^^^
UnboundLocalError: cannot access local variable 'select' where it is not associated with a value
2025-12-17 00:02:42,160 - src.bot.middleware.logging_middleware - INFO - Handler completed successfully
2025-12-17 00:02:42,160 - src.bot.middleware.logging_middleware - INFO - Handler completed successfully
2025-12-17 00:02:42,161 - aiogram.event - INFO - Update id=873021231 is handled. Duration 93 ms by bot id=8589419100
2025-12-17 00:02:42,161 - aiogram.event - INFO - Update id=873021231 is handled. Duration 93 ms by bot id=8589419100
2025-12-17 00:02:43,525 - src.bot.middleware.logging_middleware - INFO - Callback received: back_to_menu from user 5782455721
2025-12-17 00:02:43,525 - src.bot.middleware.logging_middleware - INFO - Callback received: back_to_menu from user 5782455721
2025-12-17 00:02:43,698 - src.bot.middleware.logging_middleware - INFO - Handler completed successfully
2025-12-17 00:02:43,698 - src.bot.middleware.logging_middleware - INFO - Handler completed successfully
2025-12-17 00:02:43,699 - aiogram.event - INFO - Update id=873021232 is handled. Duration 172 ms by bot id=8589419100
2025-12-17 00:02:43,699 - aiogram.event - INFO - Update id=873021232 is handled. Duration 172 ms by bot id=8589419100
2025-12-17 00:02:44,608 - src.bot.middleware.logging_middleware - INFO - Callback received: order:new from user 5782455721
2025-12-17 00:02:44,608 - src.bot.middleware.logging_middleware - INFO - Callback received: order:new from user 5782455721
2025-12-17 00:02:44,781 - src.bot.middleware.logging_middleware - INFO - Handler completed successfully
2025-12-17 00:02:44,781 - src.bot.middleware.logging_middleware - INFO - Handler completed successfully
2025-12-17 00:02:44,781 - aiogram.event - INFO - Update id=873021233 is handled. Duration 171 ms by bot id=8589419100
2025-12-17 00:02:44,781 - aiogram.event - INFO - Update id=873021233 is handled. Duration 171 ms by bot id=8589419100
2025-12-17 00:02:57,914 - src.bot.middleware.logging_middleware - INFO - Message received: Москва - екб from user 5782455721
2025-12-17 00:02:57,914 - src.bot.middleware.logging_middleware - INFO - Message received: Москва - екб from user 5782455721
2025-12-17 00:02:57,924 - src.bot.handlers.order_handlers - ERROR - Error creating order: Cannot transition from draft to draft
Traceback (most recent call last):
  File "C:\Users\Play\Desktop\disp-tax\src\bot\handlers\order_handlers.py", line 65, in process_order_content
    order = await OrderService.create_order(
            ^^^^^^^^^^^^^^^^^^^^^^^^^^^^^^^^
  File "C:\Users\Play\Desktop\disp-tax\src\services\order_service.py", line 47, in create_order
    await OrderFSM.transition(
  File "C:\Users\Play\Desktop\disp-tax\src\fsm\order_fsm.py", line 82, in transition
    raise OrderFSMError(
src.fsm.order_fsm.OrderFSMError: Cannot transition from draft to draft
2025-12-17 00:02:57,924 - src.bot.handlers.order_handlers - ERROR - Error creating order: Cannot transition from draft to draft
Traceback (most recent call last):
  File "C:\Users\Play\Desktop\disp-tax\src\bot\handlers\order_handlers.py", line 65, in process_order_content
    order = await OrderService.create_order(
            ^^^^^^^^^^^^^^^^^^^^^^^^^^^^^^^^
  File "C:\Users\Play\Desktop\disp-tax\src\services\order_service.py", line 47, in create_order
    await OrderFSM.transition(
  File "C:\Users\Play\Desktop\disp-tax\src\fsm\order_fsm.py", line 82, in transition
    raise OrderFSMError(
src.fsm.order_fsm.OrderFSMError: Cannot transition from draft to draft
2025-12-17 00:02:58,028 - src.bot.middleware.logging_middleware - INFO - Handler completed successfully
2025-12-17 00:02:58,028 - src.bot.middleware.logging_middleware - INFO - Handler completed successfully
2025-12-17 00:02:58,028 - aiogram.event - INFO - Update id=873021234 is handled. Duration 108 ms by bot id=8589419100
2025-12-17 00:02:58,028 - aiogram.event - INFO - Update id=873021234 is handled. Duration 108 ms by bot id=8589419100
2025-12-17 00:05:25,054 - __main__ - INFO - {"event": "Starting Telegram Dispatcher Platform...", "logger": "__main__", "level": "info", "timestamp": "2025-12-16T21:05:25.054673Z"}
2025-12-17 00:05:25,054 - __main__ - INFO - {"event": "Starting Telegram Dispatcher Platform...", "logger": "__main__", "level": "info", "timestamp": "2025-12-16T21:05:25.054673Z"}
2025-12-17 00:05:25,459 - __main__ - INFO - {"event": "Bot started. Press Ctrl+C to stop.", "logger": "__main__", "level": "info", "timestamp": "2025-12-16T21:05:25.459165Z"}
2025-12-17 00:05:25,459 - __main__ - INFO - {"event": "Bot started. Press Ctrl+C to stop.", "logger": "__main__", "level": "info", "timestamp": "2025-12-16T21:05:25.459165Z"}
2025-12-17 00:05:25,460 - aiogram.dispatcher - INFO - Start polling
2025-12-17 00:05:25,460 - aiogram.dispatcher - INFO - Start polling
2025-12-17 00:05:25,839 - aiogram.dispatcher - INFO - Run polling for bot @disp_hunter_bot id=8589419100 - 'Disp_Hunter'
2025-12-17 00:05:25,839 - aiogram.dispatcher - INFO - Run polling for bot @disp_hunter_bot id=8589419100 - 'Disp_Hunter'
2025-12-17 00:05:25,912 - aiogram.dispatcher - ERROR - Failed to fetch updates - TelegramConflictError: Telegram server says - Conflict: terminated by other getUpdates request; make sure that only one bot instance is running
2025-12-17 00:05:25,912 - aiogram.dispatcher - ERROR - Failed to fetch updates - TelegramConflictError: Telegram server says - Conflict: terminated by other getUpdates request; make sure that only one bot instance is running
2025-12-17 00:05:25,914 - aiogram.dispatcher - WARNING - Sleep for 1.000000 seconds and try again... (tryings = 0, bot id = 8589419100)
2025-12-17 00:05:25,914 - aiogram.dispatcher - WARNING - Sleep for 1.000000 seconds and try again... (tryings = 0, bot id = 8589419100)
2025-12-17 00:05:30,003 - aiogram.dispatcher - ERROR - Failed to fetch updates - TelegramConflictError: Telegram server says - Conflict: terminated by other getUpdates request; make sure that only one bot instance is running
2025-12-17 00:05:30,003 - aiogram.dispatcher - ERROR - Failed to fetch updates - TelegramConflictError: Telegram server says - Conflict: terminated by other getUpdates request; make sure that only one bot instance is running
2025-12-17 00:05:30,004 - aiogram.dispatcher - WARNING - Sleep for 1.000000 seconds and try again... (tryings = 0, bot id = 8589419100)
2025-12-17 00:05:30,004 - aiogram.dispatcher - WARNING - Sleep for 1.000000 seconds and try again... (tryings = 0, bot id = 8589419100)
2025-12-17 00:05:31,083 - aiogram.dispatcher - ERROR - Failed to fetch updates - TelegramConflictError: Telegram server says - Conflict: terminated by other getUpdates request; make sure that only one bot instance is running
2025-12-17 00:05:31,083 - aiogram.dispatcher - ERROR - Failed to fetch updates - TelegramConflictError: Telegram server says - Conflict: terminated by other getUpdates request; make sure that only one bot instance is running
2025-12-17 00:05:31,084 - aiogram.dispatcher - WARNING - Sleep for 1.201324 seconds and try again... (tryings = 1, bot id = 8589419100)
2025-12-17 00:05:31,084 - aiogram.dispatcher - WARNING - Sleep for 1.201324 seconds and try again... (tryings = 1, bot id = 8589419100)
2025-12-17 00:05:35,371 - aiogram.dispatcher - ERROR - Failed to fetch updates - TelegramConflictError: Telegram server says - Conflict: terminated by other getUpdates request; make sure that only one bot instance is running
2025-12-17 00:05:35,371 - aiogram.dispatcher - ERROR - Failed to fetch updates - TelegramConflictError: Telegram server says - Conflict: terminated by other getUpdates request; make sure that only one bot instance is running
2025-12-17 00:05:35,372 - aiogram.dispatcher - WARNING - Sleep for 1.482555 seconds and try again... (tryings = 1, bot id = 8589419100)
2025-12-17 00:05:35,372 - aiogram.dispatcher - WARNING - Sleep for 1.482555 seconds and try again... (tryings = 1, bot id = 8589419100)
2025-12-17 00:05:36,947 - aiogram.dispatcher - ERROR - Failed to fetch updates - TelegramConflictError: Telegram server says - Conflict: terminated by other getUpdates request; make sure that only one bot instance is running
2025-12-17 00:05:36,947 - aiogram.dispatcher - ERROR - Failed to fetch updates - TelegramConflictError: Telegram server says - Conflict: terminated by other getUpdates request; make sure that only one bot instance is running
2025-12-17 00:05:36,947 - aiogram.dispatcher - WARNING - Sleep for 1.429825 seconds and try again... (tryings = 2, bot id = 8589419100)
2025-12-17 00:05:36,947 - aiogram.dispatcher - WARNING - Sleep for 1.429825 seconds and try again... (tryings = 2, bot id = 8589419100)
2025-12-17 00:05:41,454 - aiogram.dispatcher - ERROR - Failed to fetch updates - TelegramConflictError: Telegram server says - Conflict: terminated by other getUpdates request; make sure that only one bot instance is running
2025-12-17 00:05:41,454 - aiogram.dispatcher - ERROR - Failed to fetch updates - TelegramConflictError: Telegram server says - Conflict: terminated by other getUpdates request; make sure that only one bot instance is running
2025-12-17 00:05:41,455 - aiogram.dispatcher - WARNING - Sleep for 1.958198 seconds and try again... (tryings = 2, bot id = 8589419100)
2025-12-17 00:05:41,455 - aiogram.dispatcher - WARNING - Sleep for 1.958198 seconds and try again... (tryings = 2, bot id = 8589419100)
2025-12-17 00:05:43,498 - aiogram.dispatcher - ERROR - Failed to fetch updates - TelegramConflictError: Telegram server says - Conflict: terminated by other getUpdates request; make sure that only one bot instance is running
2025-12-17 00:05:43,498 - aiogram.dispatcher - ERROR - Failed to fetch updates - TelegramConflictError: Telegram server says - Conflict: terminated by other getUpdates request; make sure that only one bot instance is running
2025-12-17 00:05:43,499 - aiogram.dispatcher - WARNING - Sleep for 1.837936 seconds and try again... (tryings = 3, bot id = 8589419100)
2025-12-17 00:05:43,499 - aiogram.dispatcher - WARNING - Sleep for 1.837936 seconds and try again... (tryings = 3, bot id = 8589419100)
2025-12-17 00:05:48,417 - aiogram.dispatcher - ERROR - Failed to fetch updates - TelegramConflictError: Telegram server says - Conflict: terminated by other getUpdates request; make sure that only one bot instance is running
2025-12-17 00:05:48,417 - aiogram.dispatcher - ERROR - Failed to fetch updates - TelegramConflictError: Telegram server says - Conflict: terminated by other getUpdates request; make sure that only one bot instance is running
2025-12-17 00:05:48,417 - aiogram.dispatcher - WARNING - Sleep for 2.444095 seconds and try again... (tryings = 3, bot id = 8589419100)
2025-12-17 00:05:48,417 - aiogram.dispatcher - WARNING - Sleep for 2.444095 seconds and try again... (tryings = 3, bot id = 8589419100)
2025-12-17 00:05:50,952 - aiogram.dispatcher - ERROR - Failed to fetch updates - TelegramConflictError: Telegram server says - Conflict: terminated by other getUpdates request; make sure that only one bot instance is running
2025-12-17 00:05:50,952 - aiogram.dispatcher - ERROR - Failed to fetch updates - TelegramConflictError: Telegram server says - Conflict: terminated by other getUpdates request; make sure that only one bot instance is running
2025-12-17 00:05:50,953 - aiogram.dispatcher - WARNING - Sleep for 2.427641 seconds and try again... (tryings = 4, bot id = 8589419100)
2025-12-17 00:05:50,953 - aiogram.dispatcher - WARNING - Sleep for 2.427641 seconds and try again... (tryings = 4, bot id = 8589419100)
2025-12-17 00:06:00,096 - __main__ - INFO - {"event": "Starting Telegram Dispatcher Platform...", "logger": "__main__", "level": "info", "timestamp": "2025-12-16T21:06:00.096762Z"}
2025-12-17 00:06:00,096 - __main__ - INFO - {"event": "Starting Telegram Dispatcher Platform...", "logger": "__main__", "level": "info", "timestamp": "2025-12-16T21:06:00.096762Z"}
2025-12-17 00:06:00,489 - __main__ - INFO - {"event": "Bot started. Press Ctrl+C to stop.", "logger": "__main__", "level": "info", "timestamp": "2025-12-16T21:06:00.488564Z"}
2025-12-17 00:06:00,489 - __main__ - INFO - {"event": "Bot started. Press Ctrl+C to stop.", "logger": "__main__", "level": "info", "timestamp": "2025-12-16T21:06:00.488564Z"}
2025-12-17 00:06:00,490 - aiogram.dispatcher - INFO - Start polling
2025-12-17 00:06:00,490 - aiogram.dispatcher - INFO - Start polling
2025-12-17 00:06:00,813 - aiogram.dispatcher - INFO - Run polling for bot @disp_hunter_bot id=8589419100 - 'Disp_Hunter'
2025-12-17 00:06:00,813 - aiogram.dispatcher - INFO - Run polling for bot @disp_hunter_bot id=8589419100 - 'Disp_Hunter'
2025-12-17 00:06:05,510 - src.bot.middleware.logging_middleware - INFO - Message received: /start from user 5782455721
2025-12-17 00:06:05,510 - src.bot.middleware.logging_middleware - INFO - Message received: /start from user 5782455721
2025-12-17 00:06:05,856 - src.bot.middleware.logging_middleware - INFO - Handler completed successfully
2025-12-17 00:06:05,856 - src.bot.middleware.logging_middleware - INFO - Handler completed successfully
2025-12-17 00:06:05,857 - aiogram.event - INFO - Update id=873021235 is handled. Duration 344 ms by bot id=8589419100
2025-12-17 00:06:05,857 - aiogram.event - INFO - Update id=873021235 is handled. Duration 344 ms by bot id=8589419100
2025-12-17 00:06:07,371 - src.bot.middleware.logging_middleware - INFO - Callback received: settings from user 5782455721
2025-12-17 00:06:07,371 - src.bot.middleware.logging_middleware - INFO - Callback received: settings from user 5782455721
2025-12-17 00:06:07,587 - src.bot.middleware.logging_middleware - INFO - Handler completed successfully
2025-12-17 00:06:07,587 - src.bot.middleware.logging_middleware - INFO - Handler completed successfully
2025-12-17 00:06:07,587 - aiogram.event - INFO - Update id=873021236 is handled. Duration 218 ms by bot id=8589419100
2025-12-17 00:06:07,587 - aiogram.event - INFO - Update id=873021236 is handled. Duration 218 ms by bot id=8589419100
2025-12-17 00:06:08,499 - src.bot.middleware.logging_middleware - INFO - Callback received: settings:auth from user 5782455721
2025-12-17 00:06:08,499 - src.bot.middleware.logging_middleware - INFO - Callback received: settings:auth from user 5782455721
2025-12-17 00:06:08,683 - telethon.crypto.libssl - INFO - Failed to load SSL library: <class 'OSError'> (no library called "ssl" found)
2025-12-17 00:06:08,683 - telethon.crypto.libssl - INFO - Failed to load SSL library: <class 'OSError'> (no library called "ssl" found)
2025-12-17 00:06:08,725 - telethon.crypto.aes - INFO - cryptg detected, it will be used for encryption
2025-12-17 00:06:08,725 - telethon.crypto.aes - INFO - cryptg detected, it will be used for encryption
2025-12-17 00:06:09,156 - telethon.network.mtprotosender - INFO - Connecting to 149.154.167.51:443/TcpFull...
2025-12-17 00:06:09,156 - telethon.network.mtprotosender - INFO - Connecting to 149.154.167.51:443/TcpFull...
2025-12-17 00:06:10,800 - telethon.network.mtprotosender - INFO - Connection to 149.154.167.51:443/TcpFull complete!
2025-12-17 00:06:10,800 - telethon.network.mtprotosender - INFO - Connection to 149.154.167.51:443/TcpFull complete!
2025-12-17 00:06:11,687 - src.bot.middleware.logging_middleware - INFO - Handler completed successfully
2025-12-17 00:06:11,687 - src.bot.middleware.logging_middleware - INFO - Handler completed successfully
2025-12-17 00:06:11,687 - aiogram.event - INFO - Update id=873021237 is handled. Duration 3186 ms by bot id=8589419100
2025-12-17 00:06:11,687 - aiogram.event - INFO - Update id=873021237 is handled. Duration 3186 ms by bot id=8589419100
2025-12-17 00:06:36,796 - src.bot.middleware.logging_middleware - INFO - Callback received: settings from user 5782455721
2025-12-17 00:06:36,796 - src.bot.middleware.logging_middleware - INFO - Callback received: settings from user 5782455721
2025-12-17 00:06:36,874 - src.bot.handlers.settings_handlers - ERROR - Error in settings menu: Telegram server says - Bad Request: there is no text in the message to edit
Traceback (most recent call last):
  File "C:\Users\Play\Desktop\disp-tax\src\bot\handlers\settings_handlers.py", line 56, in settings_menu
    await callback.message.edit_text(
  File "C:\Users\Play\AppData\Local\Programs\Python\Python311\Lib\site-packages\aiogram\methods\base.py", line 84, in emit
    return await bot(self)
           ^^^^^^^^^^^^^^^
  File "C:\Users\Play\AppData\Local\Programs\Python\Python311\Lib\site-packages\aiogram\client\bot.py", line 485, in __call__
    return await self.session(self, method, timeout=request_timeout)
           ^^^^^^^^^^^^^^^^^^^^^^^^^^^^^^^^^^^^^^^^^^^^^^^^^^^^^^^^^
  File "C:\Users\Play\AppData\Local\Programs\Python\Python311\Lib\site-packages\aiogram\client\session\base.py", line 259, in __call__
    return cast(TelegramType, await middleware(bot, method))
                              ^^^^^^^^^^^^^^^^^^^^^^^^^^^^^
  File "C:\Users\Play\AppData\Local\Programs\Python\Python311\Lib\site-packages\aiogram\client\session\aiohttp.py", line 177, in make_request
    response = self.check_response(
               ^^^^^^^^^^^^^^^^^^^^
  File "C:\Users\Play\AppData\Local\Programs\Python\Python311\Lib\site-packages\aiogram\client\session\base.py", line 121, in check_response
    raise TelegramBadRequest(method=method, message=description)
aiogram.exceptions.TelegramBadRequest: Telegram server says - Bad Request: there is no text in the message to edit
2025-12-17 00:06:36,874 - src.bot.handlers.settings_handlers - ERROR - Error in settings menu: Telegram server says - Bad Request: there is no text in the message to edit
Traceback (most recent call last):
  File "C:\Users\Play\Desktop\disp-tax\src\bot\handlers\settings_handlers.py", line 56, in settings_menu
    await callback.message.edit_text(
  File "C:\Users\Play\AppData\Local\Programs\Python\Python311\Lib\site-packages\aiogram\methods\base.py", line 84, in emit
    return await bot(self)
           ^^^^^^^^^^^^^^^
  File "C:\Users\Play\AppData\Local\Programs\Python\Python311\Lib\site-packages\aiogram\client\bot.py", line 485, in __call__
    return await self.session(self, method, timeout=request_timeout)
           ^^^^^^^^^^^^^^^^^^^^^^^^^^^^^^^^^^^^^^^^^^^^^^^^^^^^^^^^^
  File "C:\Users\Play\AppData\Local\Programs\Python\Python311\Lib\site-packages\aiogram\client\session\base.py", line 259, in __call__
    return cast(TelegramType, await middleware(bot, method))
                              ^^^^^^^^^^^^^^^^^^^^^^^^^^^^^
  File "C:\Users\Play\AppData\Local\Programs\Python\Python311\Lib\site-packages\aiogram\client\session\aiohttp.py", line 177, in make_request
    response = self.check_response(
               ^^^^^^^^^^^^^^^^^^^^
  File "C:\Users\Play\AppData\Local\Programs\Python\Python311\Lib\site-packages\aiogram\client\session\base.py", line 121, in check_response
    raise TelegramBadRequest(method=method, message=description)
aiogram.exceptions.TelegramBadRequest: Telegram server says - Bad Request: there is no text in the message to edit
2025-12-17 00:06:36,956 - src.bot.middleware.logging_middleware - INFO - Handler completed successfully
2025-12-17 00:06:36,956 - src.bot.middleware.logging_middleware - INFO - Handler completed successfully
2025-12-17 00:06:36,957 - aiogram.event - INFO - Update id=873021238 is handled. Duration 172 ms by bot id=8589419100
2025-12-17 00:06:36,957 - aiogram.event - INFO - Update id=873021238 is handled. Duration 172 ms by bot id=8589419100
2025-12-17 00:06:44,004 - src.bot.middleware.logging_middleware - INFO - Callback received: auth:check from user 5782455721
2025-12-17 00:06:44,004 - src.bot.middleware.logging_middleware - INFO - Callback received: auth:check from user 5782455721
2025-12-17 00:06:44,084 - src.bot.handlers.settings_handlers - ERROR - Error checking auth status: Telegram server says - Bad Request: there is no text in the message to edit
Traceback (most recent call last):
  File "C:\Users\Play\Desktop\disp-tax\src\bot\handlers\settings_handlers.py", line 447, in check_auth_status
    await callback.message.edit_text(text, reply_markup=keyboard)
  File "C:\Users\Play\AppData\Local\Programs\Python\Python311\Lib\site-packages\aiogram\methods\base.py", line 84, in emit
    return await bot(self)
           ^^^^^^^^^^^^^^^
  File "C:\Users\Play\AppData\Local\Programs\Python\Python311\Lib\site-packages\aiogram\client\bot.py", line 485, in __call__
    return await self.session(self, method, timeout=request_timeout)
           ^^^^^^^^^^^^^^^^^^^^^^^^^^^^^^^^^^^^^^^^^^^^^^^^^^^^^^^^^
  File "C:\Users\Play\AppData\Local\Programs\Python\Python311\Lib\site-packages\aiogram\client\session\base.py", line 259, in __call__
    return cast(TelegramType, await middleware(bot, method))
                              ^^^^^^^^^^^^^^^^^^^^^^^^^^^^^
  File "C:\Users\Play\AppData\Local\Programs\Python\Python311\Lib\site-packages\aiogram\client\session\aiohttp.py", line 177, in make_request
    response = self.check_response(
               ^^^^^^^^^^^^^^^^^^^^
  File "C:\Users\Play\AppData\Local\Programs\Python\Python311\Lib\site-packages\aiogram\client\session\base.py", line 121, in check_response
    raise TelegramBadRequest(method=method, message=description)
aiogram.exceptions.TelegramBadRequest: Telegram server says - Bad Request: there is no text in the message to edit
2025-12-17 00:06:44,084 - src.bot.handlers.settings_handlers - ERROR - Error checking auth status: Telegram server says - Bad Request: there is no text in the message to edit
Traceback (most recent call last):
  File "C:\Users\Play\Desktop\disp-tax\src\bot\handlers\settings_handlers.py", line 447, in check_auth_status
    await callback.message.edit_text(text, reply_markup=keyboard)
  File "C:\Users\Play\AppData\Local\Programs\Python\Python311\Lib\site-packages\aiogram\methods\base.py", line 84, in emit
    return await bot(self)
           ^^^^^^^^^^^^^^^
  File "C:\Users\Play\AppData\Local\Programs\Python\Python311\Lib\site-packages\aiogram\client\bot.py", line 485, in __call__
    return await self.session(self, method, timeout=request_timeout)
           ^^^^^^^^^^^^^^^^^^^^^^^^^^^^^^^^^^^^^^^^^^^^^^^^^^^^^^^^^
  File "C:\Users\Play\AppData\Local\Programs\Python\Python311\Lib\site-packages\aiogram\client\session\base.py", line 259, in __call__
    return cast(TelegramType, await middleware(bot, method))
                              ^^^^^^^^^^^^^^^^^^^^^^^^^^^^^
  File "C:\Users\Play\AppData\Local\Programs\Python\Python311\Lib\site-packages\aiogram\client\session\aiohttp.py", line 177, in make_request
    response = self.check_response(
               ^^^^^^^^^^^^^^^^^^^^
  File "C:\Users\Play\AppData\Local\Programs\Python\Python311\Lib\site-packages\aiogram\client\session\base.py", line 121, in check_response
    raise TelegramBadRequest(method=method, message=description)
aiogram.exceptions.TelegramBadRequest: Telegram server says - Bad Request: there is no text in the message to edit
2025-12-17 00:06:44,167 - src.bot.middleware.logging_middleware - INFO - Handler completed successfully
2025-12-17 00:06:44,167 - src.bot.middleware.logging_middleware - INFO - Handler completed successfully
2025-12-17 00:06:44,167 - aiogram.event - INFO - Update id=873021239 is handled. Duration 171 ms by bot id=8589419100
2025-12-17 00:06:44,167 - aiogram.event - INFO - Update id=873021239 is handled. Duration 171 ms by bot id=8589419100
2025-12-17 00:06:45,531 - src.bot.middleware.logging_middleware - INFO - Callback received: settings from user 5782455721
2025-12-17 00:06:45,531 - src.bot.middleware.logging_middleware - INFO - Callback received: settings from user 5782455721
2025-12-17 00:06:45,609 - src.bot.handlers.settings_handlers - ERROR - Error in settings menu: Telegram server says - Bad Request: there is no text in the message to edit
Traceback (most recent call last):
  File "C:\Users\Play\Desktop\disp-tax\src\bot\handlers\settings_handlers.py", line 56, in settings_menu
    await callback.message.edit_text(
  File "C:\Users\Play\AppData\Local\Programs\Python\Python311\Lib\site-packages\aiogram\methods\base.py", line 84, in emit
    return await bot(self)
           ^^^^^^^^^^^^^^^
  File "C:\Users\Play\AppData\Local\Programs\Python\Python311\Lib\site-packages\aiogram\client\bot.py", line 485, in __call__
    return await self.session(self, method, timeout=request_timeout)
           ^^^^^^^^^^^^^^^^^^^^^^^^^^^^^^^^^^^^^^^^^^^^^^^^^^^^^^^^^
  File "C:\Users\Play\AppData\Local\Programs\Python\Python311\Lib\site-packages\aiogram\client\session\base.py", line 259, in __call__
    return cast(TelegramType, await middleware(bot, method))
                              ^^^^^^^^^^^^^^^^^^^^^^^^^^^^^
  File "C:\Users\Play\AppData\Local\Programs\Python\Python311\Lib\site-packages\aiogram\client\session\aiohttp.py", line 177, in make_request
    response = self.check_response(
               ^^^^^^^^^^^^^^^^^^^^
  File "C:\Users\Play\AppData\Local\Programs\Python\Python311\Lib\site-packages\aiogram\client\session\base.py", line 121, in check_response
    raise TelegramBadRequest(method=method, message=description)
aiogram.exceptions.TelegramBadRequest: Telegram server says - Bad Request: there is no text in the message to edit
2025-12-17 00:06:45,609 - src.bot.handlers.settings_handlers - ERROR - Error in settings menu: Telegram server says - Bad Request: there is no text in the message to edit
Traceback (most recent call last):
  File "C:\Users\Play\Desktop\disp-tax\src\bot\handlers\settings_handlers.py", line 56, in settings_menu
    await callback.message.edit_text(
  File "C:\Users\Play\AppData\Local\Programs\Python\Python311\Lib\site-packages\aiogram\methods\base.py", line 84, in emit
    return await bot(self)
           ^^^^^^^^^^^^^^^
  File "C:\Users\Play\AppData\Local\Programs\Python\Python311\Lib\site-packages\aiogram\client\bot.py", line 485, in __call__
    return await self.session(self, method, timeout=request_timeout)
           ^^^^^^^^^^^^^^^^^^^^^^^^^^^^^^^^^^^^^^^^^^^^^^^^^^^^^^^^^
  File "C:\Users\Play\AppData\Local\Programs\Python\Python311\Lib\site-packages\aiogram\client\session\base.py", line 259, in __call__
    return cast(TelegramType, await middleware(bot, method))
                              ^^^^^^^^^^^^^^^^^^^^^^^^^^^^^
  File "C:\Users\Play\AppData\Local\Programs\Python\Python311\Lib\site-packages\aiogram\client\session\aiohttp.py", line 177, in make_request
    response = self.check_response(
               ^^^^^^^^^^^^^^^^^^^^
  File "C:\Users\Play\AppData\Local\Programs\Python\Python311\Lib\site-packages\aiogram\client\session\base.py", line 121, in check_response
    raise TelegramBadRequest(method=method, message=description)
aiogram.exceptions.TelegramBadRequest: Telegram server says - Bad Request: there is no text in the message to edit
2025-12-17 00:06:45,689 - src.bot.middleware.logging_middleware - INFO - Handler completed successfully
2025-12-17 00:06:45,689 - src.bot.middleware.logging_middleware - INFO - Handler completed successfully
2025-12-17 00:06:45,690 - aiogram.event - INFO - Update id=873021240 is handled. Duration 172 ms by bot id=8589419100
2025-12-17 00:06:45,690 - aiogram.event - INFO - Update id=873021240 is handled. Duration 172 ms by bot id=8589419100
2025-12-17 00:06:48,388 - src.bot.middleware.logging_middleware - INFO - Message received: /start from user 5782455721
2025-12-17 00:06:48,388 - src.bot.middleware.logging_middleware - INFO - Message received: /start from user 5782455721
2025-12-17 00:06:48,491 - src.bot.middleware.logging_middleware - INFO - Handler completed successfully
2025-12-17 00:06:48,491 - src.bot.middleware.logging_middleware - INFO - Handler completed successfully
2025-12-17 00:06:48,491 - aiogram.event - INFO - Update id=873021241 is handled. Duration 110 ms by bot id=8589419100
2025-12-17 00:06:48,491 - aiogram.event - INFO - Update id=873021241 is handled. Duration 110 ms by bot id=8589419100
2025-12-17 00:06:55,620 - src.bot.middleware.logging_middleware - INFO - Callback received: order:list from user 5782455721
2025-12-17 00:06:55,620 - src.bot.middleware.logging_middleware - INFO - Callback received: order:list from user 5782455721
2025-12-17 00:06:55,797 - src.bot.middleware.logging_middleware - INFO - Handler completed successfully
2025-12-17 00:06:55,797 - src.bot.middleware.logging_middleware - INFO - Handler completed successfully
2025-12-17 00:06:55,797 - aiogram.event - INFO - Update id=873021242 is handled. Duration 171 ms by bot id=8589419100
2025-12-17 00:06:55,797 - aiogram.event - INFO - Update id=873021242 is handled. Duration 171 ms by bot id=8589419100
2025-12-17 00:06:58,882 - src.bot.middleware.logging_middleware - INFO - Callback received: order:view:1 from user 5782455721
2025-12-17 00:06:58,882 - src.bot.middleware.logging_middleware - INFO - Callback received: order:view:1 from user 5782455721
2025-12-17 00:06:59,171 - src.bot.middleware.logging_middleware - INFO - Handler completed successfully
2025-12-17 00:06:59,171 - src.bot.middleware.logging_middleware - INFO - Handler completed successfully
2025-12-17 00:06:59,172 - aiogram.event - INFO - Update id=873021243 is handled. Duration 282 ms by bot id=8589419100
2025-12-17 00:06:59,172 - aiogram.event - INFO - Update id=873021243 is handled. Duration 282 ms by bot id=8589419100
2025-12-17 00:07:05,413 - src.bot.middleware.logging_middleware - INFO - Callback received: order:list from user 5782455721
2025-12-17 00:07:05,413 - src.bot.middleware.logging_middleware - INFO - Callback received: order:list from user 5782455721
2025-12-17 00:07:05,684 - src.bot.middleware.logging_middleware - INFO - Handler completed successfully
2025-12-17 00:07:05,684 - src.bot.middleware.logging_middleware - INFO - Handler completed successfully
2025-12-17 00:07:05,685 - aiogram.event - INFO - Update id=873021244 is handled. Duration 265 ms by bot id=8589419100
2025-12-17 00:07:05,685 - aiogram.event - INFO - Update id=873021244 is handled. Duration 265 ms by bot id=8589419100
2025-12-17 00:07:07,287 - src.bot.middleware.logging_middleware - INFO - Callback received: back_to_menu from user 5782455721
2025-12-17 00:07:07,287 - src.bot.middleware.logging_middleware - INFO - Callback received: back_to_menu from user 5782455721
2025-12-17 00:07:07,499 - src.bot.middleware.logging_middleware - INFO - Handler completed successfully
2025-12-17 00:07:07,499 - src.bot.middleware.logging_middleware - INFO - Handler completed successfully
2025-12-17 00:07:07,500 - aiogram.event - INFO - Update id=873021245 is handled. Duration 203 ms by bot id=8589419100
2025-12-17 00:07:07,500 - aiogram.event - INFO - Update id=873021245 is handled. Duration 203 ms by bot id=8589419100
2025-12-17 00:07:09,066 - src.bot.middleware.logging_middleware - INFO - Callback received: order:list from user 5782455721
2025-12-17 00:07:09,066 - src.bot.middleware.logging_middleware - INFO - Callback received: order:list from user 5782455721
2025-12-17 00:07:09,284 - src.bot.middleware.logging_middleware - INFO - Handler completed successfully
2025-12-17 00:07:09,284 - src.bot.middleware.logging_middleware - INFO - Handler completed successfully
2025-12-17 00:07:09,285 - aiogram.event - INFO - Update id=873021246 is handled. Duration 218 ms by bot id=8589419100
2025-12-17 00:07:09,285 - aiogram.event - INFO - Update id=873021246 is handled. Duration 218 ms by bot id=8589419100
2025-12-17 00:07:10,094 - src.bot.middleware.logging_middleware - INFO - Callback received: order:view:1 from user 5782455721
2025-12-17 00:07:10,094 - src.bot.middleware.logging_middleware - INFO - Callback received: order:view:1 from user 5782455721
2025-12-17 00:07:10,320 - src.bot.middleware.logging_middleware - INFO - Handler completed successfully
2025-12-17 00:07:10,320 - src.bot.middleware.logging_middleware - INFO - Handler completed successfully
2025-12-17 00:07:10,321 - aiogram.event - INFO - Update id=873021247 is handled. Duration 233 ms by bot id=8589419100
2025-12-17 00:07:10,321 - aiogram.event - INFO - Update id=873021247 is handled. Duration 233 ms by bot id=8589419100
2025-12-17 00:07:11,508 - src.bot.middleware.logging_middleware - INFO - Callback received: order:edit:1 from user 5782455721
2025-12-17 00:07:11,508 - src.bot.middleware.logging_middleware - INFO - Callback received: order:edit:1 from user 5782455721
2025-12-17 00:07:11,851 - src.bot.middleware.logging_middleware - INFO - Handler completed successfully
2025-12-17 00:07:11,851 - src.bot.middleware.logging_middleware - INFO - Handler completed successfully
2025-12-17 00:07:11,851 - aiogram.event - INFO - Update id=873021248 is handled. Duration 344 ms by bot id=8589419100
2025-12-17 00:07:11,851 - aiogram.event - INFO - Update id=873021248 is handled. Duration 344 ms by bot id=8589419100
2025-12-17 00:07:18,948 - src.bot.middleware.logging_middleware - INFO - Message received: Москва - екб 
50к на рукт from user 5782455721
2025-12-17 00:07:18,948 - src.bot.middleware.logging_middleware - INFO - Message received: Москва - екб 
50к на рукт from user 5782455721
2025-12-17 00:07:19,046 - src.bot.middleware.logging_middleware - INFO - Handler completed successfully
2025-12-17 00:07:19,046 - src.bot.middleware.logging_middleware - INFO - Handler completed successfully
2025-12-17 00:07:19,047 - aiogram.event - INFO - Update id=873021249 is handled. Duration 93 ms by bot id=8589419100
2025-12-17 00:07:19,047 - aiogram.event - INFO - Update id=873021249 is handled. Duration 93 ms by bot id=8589419100
2025-12-17 00:07:21,917 - src.bot.middleware.logging_middleware - INFO - Callback received: order:edit_confirm:1 from user 5782455721
2025-12-17 00:07:21,917 - src.bot.middleware.logging_middleware - INFO - Callback received: order:edit_confirm:1 from user 5782455721
2025-12-17 00:07:21,926 - src.bot.handlers.order_handlers - ERROR - FSM error: Cannot transition from draft to draft
Traceback (most recent call last):
  File "C:\Users\Play\Desktop\disp-tax\src\bot\handlers\order_handlers.py", line 209, in confirm_edit_callback
    order = await OrderService.edit_order(
            ^^^^^^^^^^^^^^^^^^^^^^^^^^^^^^
  File "C:\Users\Play\Desktop\disp-tax\src\services\order_service.py", line 220, in edit_order
    await OrderFSM.transition(
  File "C:\Users\Play\Desktop\disp-tax\src\fsm\order_fsm.py", line 82, in transition
    raise OrderFSMError(
src.fsm.order_fsm.OrderFSMError: Cannot transition from draft to draft
2025-12-17 00:07:21,926 - src.bot.handlers.order_handlers - ERROR - FSM error: Cannot transition from draft to draft
Traceback (most recent call last):
  File "C:\Users\Play\Desktop\disp-tax\src\bot\handlers\order_handlers.py", line 209, in confirm_edit_callback
    order = await OrderService.edit_order(
            ^^^^^^^^^^^^^^^^^^^^^^^^^^^^^^
  File "C:\Users\Play\Desktop\disp-tax\src\services\order_service.py", line 220, in edit_order
    await OrderFSM.transition(
  File "C:\Users\Play\Desktop\disp-tax\src\fsm\order_fsm.py", line 82, in transition
    raise OrderFSMError(
src.fsm.order_fsm.OrderFSMError: Cannot transition from draft to draft
2025-12-17 00:07:22,041 - src.bot.middleware.logging_middleware - INFO - Handler completed successfully
2025-12-17 00:07:22,041 - src.bot.middleware.logging_middleware - INFO - Handler completed successfully
2025-12-17 00:07:22,041 - aiogram.event - INFO - Update id=873021250 is handled. Duration 125 ms by bot id=8589419100
2025-12-17 00:07:22,041 - aiogram.event - INFO - Update id=873021250 is handled. Duration 125 ms by bot id=8589419100
2025-12-17 00:07:24,829 - src.bot.middleware.logging_middleware - INFO - Callback received: order:view:1 from user 5782455721
2025-12-17 00:07:24,829 - src.bot.middleware.logging_middleware - INFO - Callback received: order:view:1 from user 5782455721
2025-12-17 00:07:25,010 - src.bot.middleware.logging_middleware - INFO - Handler completed successfully
2025-12-17 00:07:25,010 - src.bot.middleware.logging_middleware - INFO - Handler completed successfully
2025-12-17 00:07:25,010 - aiogram.event - INFO - Update id=873021251 is handled. Duration 186 ms by bot id=8589419100
2025-12-17 00:07:25,010 - aiogram.event - INFO - Update id=873021251 is handled. Duration 186 ms by bot id=8589419100
2025-12-17 00:07:25,949 - src.bot.middleware.logging_middleware - INFO - Callback received: order:list from user 5782455721
2025-12-17 00:07:25,949 - src.bot.middleware.logging_middleware - INFO - Callback received: order:list from user 5782455721
2025-12-17 00:07:26,136 - src.bot.middleware.logging_middleware - INFO - Handler completed successfully
2025-12-17 00:07:26,136 - src.bot.middleware.logging_middleware - INFO - Handler completed successfully
2025-12-17 00:07:26,137 - aiogram.event - INFO - Update id=873021252 is handled. Duration 186 ms by bot id=8589419100
2025-12-17 00:07:26,137 - aiogram.event - INFO - Update id=873021252 is handled. Duration 186 ms by bot id=8589419100
2025-12-17 00:07:26,892 - src.bot.middleware.logging_middleware - INFO - Callback received: back_to_menu from user 5782455721
2025-12-17 00:07:26,892 - src.bot.middleware.logging_middleware - INFO - Callback received: back_to_menu from user 5782455721
2025-12-17 00:07:27,069 - src.bot.middleware.logging_middleware - INFO - Handler completed successfully
2025-12-17 00:07:27,069 - src.bot.middleware.logging_middleware - INFO - Handler completed successfully
2025-12-17 00:07:27,070 - aiogram.event - INFO - Update id=873021253 is handled. Duration 188 ms by bot id=8589419100
2025-12-17 00:07:27,070 - aiogram.event - INFO - Update id=873021253 is handled. Duration 188 ms by bot id=8589419100
2025-12-17 00:07:28,130 - src.bot.middleware.logging_middleware - INFO - Callback received: order:list from user 5782455721
2025-12-17 00:07:28,130 - src.bot.middleware.logging_middleware - INFO - Callback received: order:list from user 5782455721
2025-12-17 00:07:28,303 - src.bot.middleware.logging_middleware - INFO - Handler completed successfully
2025-12-17 00:07:28,303 - src.bot.middleware.logging_middleware - INFO - Handler completed successfully
2025-12-17 00:07:28,304 - aiogram.event - INFO - Update id=873021254 is handled. Duration 172 ms by bot id=8589419100
2025-12-17 00:07:28,304 - aiogram.event - INFO - Update id=873021254 is handled. Duration 172 ms by bot id=8589419100
2025-12-17 00:07:28,866 - src.bot.middleware.logging_middleware - INFO - Callback received: back_to_menu from user 5782455721
2025-12-17 00:07:28,866 - src.bot.middleware.logging_middleware - INFO - Callback received: back_to_menu from user 5782455721
2025-12-17 00:07:29,081 - src.bot.middleware.logging_middleware - INFO - Handler completed successfully
2025-12-17 00:07:29,081 - src.bot.middleware.logging_middleware - INFO - Handler completed successfully
2025-12-17 00:07:29,082 - aiogram.event - INFO - Update id=873021255 is handled. Duration 218 ms by bot id=8589419100
2025-12-17 00:07:29,082 - aiogram.event - INFO - Update id=873021255 is handled. Duration 218 ms by bot id=8589419100
2025-12-17 00:07:29,564 - src.bot.middleware.logging_middleware - INFO - Callback received: settings from user 5782455721
2025-12-17 00:07:29,564 - src.bot.middleware.logging_middleware - INFO - Callback received: settings from user 5782455721
2025-12-17 00:07:29,764 - src.bot.middleware.logging_middleware - INFO - Handler completed successfully
2025-12-17 00:07:29,764 - src.bot.middleware.logging_middleware - INFO - Handler completed successfully
2025-12-17 00:07:29,765 - aiogram.event - INFO - Update id=873021256 is handled. Duration 202 ms by bot id=8589419100
2025-12-17 00:07:29,765 - aiogram.event - INFO - Update id=873021256 is handled. Duration 202 ms by bot id=8589419100
2025-12-17 00:07:31,577 - src.bot.middleware.logging_middleware - INFO - Callback received: settings:profile from user 5782455721
2025-12-17 00:07:31,577 - src.bot.middleware.logging_middleware - INFO - Callback received: settings:profile from user 5782455721
2025-12-17 00:07:31,577 - src.bot.handlers.settings_handlers - ERROR - Error in profile: cannot access local variable 'select' where it is not associated with a value
Traceback (most recent call last):
  File "C:\Users\Play\Desktop\disp-tax\src\bot\handlers\settings_handlers.py", line 76, in settings_profile
    select(Dispatcher).where(Dispatcher.telegram_id == callback.from_user.id)
    ^^^^^^
UnboundLocalError: cannot access local variable 'select' where it is not associated with a value
2025-12-17 00:07:31,577 - src.bot.handlers.settings_handlers - ERROR - Error in profile: cannot access local variable 'select' where it is not associated with a value
Traceback (most recent call last):
  File "C:\Users\Play\Desktop\disp-tax\src\bot\handlers\settings_handlers.py", line 76, in settings_profile
    select(Dispatcher).where(Dispatcher.telegram_id == callback.from_user.id)
    ^^^^^^
UnboundLocalError: cannot access local variable 'select' where it is not associated with a value
2025-12-17 00:07:31,659 - src.bot.middleware.logging_middleware - INFO - Handler completed successfully
2025-12-17 00:07:31,659 - src.bot.middleware.logging_middleware - INFO - Handler completed successfully
2025-12-17 00:07:31,659 - aiogram.event - INFO - Update id=873021257 is handled. Duration 93 ms by bot id=8589419100
2025-12-17 00:07:31,659 - aiogram.event - INFO - Update id=873021257 is handled. Duration 93 ms by bot id=8589419100
2025-12-17 00:07:32,872 - src.bot.middleware.logging_middleware - INFO - Callback received: settings:groups from user 5782455721
2025-12-17 00:07:32,872 - src.bot.middleware.logging_middleware - INFO - Callback received: settings:groups from user 5782455721
2025-12-17 00:07:32,873 - src.bot.handlers.settings_handlers - ERROR - Error in groups: cannot access local variable 'select' where it is not associated with a value
Traceback (most recent call last):
  File "C:\Users\Play\Desktop\disp-tax\src\bot\handlers\settings_handlers.py", line 119, in settings_groups
    select(Dispatcher).where(Dispatcher.telegram_id == callback.from_user.id)
    ^^^^^^
UnboundLocalError: cannot access local variable 'select' where it is not associated with a value
2025-12-17 00:07:32,873 - src.bot.handlers.settings_handlers - ERROR - Error in groups: cannot access local variable 'select' where it is not associated with a value
Traceback (most recent call last):
  File "C:\Users\Play\Desktop\disp-tax\src\bot\handlers\settings_handlers.py", line 119, in settings_groups
    select(Dispatcher).where(Dispatcher.telegram_id == callback.from_user.id)
    ^^^^^^
UnboundLocalError: cannot access local variable 'select' where it is not associated with a value
2025-12-17 00:07:32,969 - src.bot.middleware.logging_middleware - INFO - Handler completed successfully
2025-12-17 00:07:32,969 - src.bot.middleware.logging_middleware - INFO - Handler completed successfully
2025-12-17 00:07:32,969 - aiogram.event - INFO - Update id=873021258 is handled. Duration 93 ms by bot id=8589419100
2025-12-17 00:07:32,969 - aiogram.event - INFO - Update id=873021258 is handled. Duration 93 ms by bot id=8589419100
2025-12-17 00:07:34,025 - src.bot.middleware.logging_middleware - INFO - Callback received: settings:regions from user 5782455721
2025-12-17 00:07:34,025 - src.bot.middleware.logging_middleware - INFO - Callback received: settings:regions from user 5782455721
2025-12-17 00:07:34,025 - src.bot.handlers.settings_handlers - ERROR - Error in regions: cannot access local variable 'select' where it is not associated with a value
Traceback (most recent call last):
  File "C:\Users\Play\Desktop\disp-tax\src\bot\handlers\settings_handlers.py", line 165, in settings_regions
    select(Dispatcher).where(Dispatcher.telegram_id == callback.from_user.id)
    ^^^^^^
UnboundLocalError: cannot access local variable 'select' where it is not associated with a value
2025-12-17 00:07:34,025 - src.bot.handlers.settings_handlers - ERROR - Error in regions: cannot access local variable 'select' where it is not associated with a value
Traceback (most recent call last):
  File "C:\Users\Play\Desktop\disp-tax\src\bot\handlers\settings_handlers.py", line 165, in settings_regions
    select(Dispatcher).where(Dispatcher.telegram_id == callback.from_user.id)
    ^^^^^^
UnboundLocalError: cannot access local variable 'select' where it is not associated with a value
2025-12-17 00:07:34,103 - src.bot.middleware.logging_middleware - INFO - Handler completed successfully
2025-12-17 00:07:34,103 - src.bot.middleware.logging_middleware - INFO - Handler completed successfully
2025-12-17 00:07:34,104 - aiogram.event - INFO - Update id=873021259 is handled. Duration 78 ms by bot id=8589419100
2025-12-17 00:07:34,104 - aiogram.event - INFO - Update id=873021259 is handled. Duration 78 ms by bot id=8589419100
2025-12-17 00:07:37,616 - src.bot.middleware.logging_middleware - INFO - Callback received: settings:groups from user 5782455721
2025-12-17 00:07:37,616 - src.bot.middleware.logging_middleware - INFO - Callback received: settings:groups from user 5782455721
2025-12-17 00:07:37,617 - src.bot.handlers.settings_handlers - ERROR - Error in groups: cannot access local variable 'select' where it is not associated with a value
Traceback (most recent call last):
  File "C:\Users\Play\Desktop\disp-tax\src\bot\handlers\settings_handlers.py", line 119, in settings_groups
    select(Dispatcher).where(Dispatcher.telegram_id == callback.from_user.id)
    ^^^^^^
UnboundLocalError: cannot access local variable 'select' where it is not associated with a value
2025-12-17 00:07:37,617 - src.bot.handlers.settings_handlers - ERROR - Error in groups: cannot access local variable 'select' where it is not associated with a value
Traceback (most recent call last):
  File "C:\Users\Play\Desktop\disp-tax\src\bot\handlers\settings_handlers.py", line 119, in settings_groups
    select(Dispatcher).where(Dispatcher.telegram_id == callback.from_user.id)
    ^^^^^^
UnboundLocalError: cannot access local variable 'select' where it is not associated with a value
2025-12-17 00:07:37,717 - src.bot.middleware.logging_middleware - INFO - Handler completed successfully
2025-12-17 00:07:37,717 - src.bot.middleware.logging_middleware - INFO - Handler completed successfully
2025-12-17 00:07:37,717 - aiogram.event - INFO - Update id=873021260 is handled. Duration 93 ms by bot id=8589419100
2025-12-17 00:07:37,717 - aiogram.event - INFO - Update id=873021260 is handled. Duration 93 ms by bot id=8589419100
2025-12-17 00:11:38,238 - src.bot.middleware.logging_middleware - INFO - Callback received: settings:profile from user 5782455721
2025-12-17 00:11:38,238 - src.bot.middleware.logging_middleware - INFO - Callback received: settings:profile from user 5782455721
2025-12-17 00:11:38,240 - src.bot.handlers.settings_handlers - ERROR - Error in profile: cannot access local variable 'select' where it is not associated with a value
Traceback (most recent call last):
  File "C:\Users\Play\Desktop\disp-tax\src\bot\handlers\settings_handlers.py", line 76, in settings_profile
    select(Dispatcher).where(Dispatcher.telegram_id == callback.from_user.id)
    ^^^^^^
UnboundLocalError: cannot access local variable 'select' where it is not associated with a value
2025-12-17 00:11:38,240 - src.bot.handlers.settings_handlers - ERROR - Error in profile: cannot access local variable 'select' where it is not associated with a value
Traceback (most recent call last):
  File "C:\Users\Play\Desktop\disp-tax\src\bot\handlers\settings_handlers.py", line 76, in settings_profile
    select(Dispatcher).where(Dispatcher.telegram_id == callback.from_user.id)
    ^^^^^^
UnboundLocalError: cannot access local variable 'select' where it is not associated with a value
2025-12-17 00:11:38,320 - src.bot.middleware.logging_middleware - INFO - Handler completed successfully
2025-12-17 00:11:38,320 - src.bot.middleware.logging_middleware - INFO - Handler completed successfully
2025-12-17 00:11:38,320 - aiogram.event - INFO - Update id=873021261 is handled. Duration 77 ms by bot id=8589419100
2025-12-17 00:11:38,320 - aiogram.event - INFO - Update id=873021261 is handled. Duration 77 ms by bot id=8589419100
2025-12-17 00:14:17,999 - __main__ - INFO - {"event": "Starting Telegram Dispatcher Platform...", "logger": "__main__", "level": "info", "timestamp": "2025-12-16T21:14:17.999970Z"}
2025-12-17 00:14:17,999 - __main__ - INFO - {"event": "Starting Telegram Dispatcher Platform...", "logger": "__main__", "level": "info", "timestamp": "2025-12-16T21:14:17.999970Z"}
2025-12-17 00:14:18,444 - __main__ - INFO - {"event": "Bot started. Press Ctrl+C to stop.", "logger": "__main__", "level": "info", "timestamp": "2025-12-16T21:14:18.444240Z"}
2025-12-17 00:14:18,444 - __main__ - INFO - {"event": "Bot started. Press Ctrl+C to stop.", "logger": "__main__", "level": "info", "timestamp": "2025-12-16T21:14:18.444240Z"}
2025-12-17 00:14:18,444 - aiogram.dispatcher - INFO - Start polling
2025-12-17 00:14:18,444 - aiogram.dispatcher - INFO - Start polling
2025-12-17 00:14:18,840 - aiogram.dispatcher - INFO - Run polling for bot @disp_hunter_bot id=8589419100 - 'Disp_Hunter'
2025-12-17 00:14:18,840 - aiogram.dispatcher - INFO - Run polling for bot @disp_hunter_bot id=8589419100 - 'Disp_Hunter'
2025-12-17 00:15:03,508 - __main__ - INFO - {"event": "Starting Telegram Dispatcher Platform...", "logger": "__main__", "level": "info", "timestamp": "2025-12-16T21:15:03.508838Z"}
2025-12-17 00:15:03,508 - __main__ - INFO - {"event": "Starting Telegram Dispatcher Platform...", "logger": "__main__", "level": "info", "timestamp": "2025-12-16T21:15:03.508838Z"}
2025-12-17 00:15:03,898 - __main__ - INFO - {"event": "Bot started. Press Ctrl+C to stop.", "logger": "__main__", "level": "info", "timestamp": "2025-12-16T21:15:03.898379Z"}
2025-12-17 00:15:03,898 - __main__ - INFO - {"event": "Bot started. Press Ctrl+C to stop.", "logger": "__main__", "level": "info", "timestamp": "2025-12-16T21:15:03.898379Z"}
2025-12-17 00:15:03,899 - aiogram.dispatcher - INFO - Start polling
2025-12-17 00:15:03,899 - aiogram.dispatcher - INFO - Start polling
2025-12-17 00:15:04,252 - aiogram.dispatcher - INFO - Run polling for bot @disp_hunter_bot id=8589419100 - 'Disp_Hunter'
2025-12-17 00:15:04,252 - aiogram.dispatcher - INFO - Run polling for bot @disp_hunter_bot id=8589419100 - 'Disp_Hunter'
2025-12-17 00:15:18,000 - src.bot.middleware.logging_middleware - INFO - Callback received: back_to_menu from user 5782455721
2025-12-17 00:15:18,000 - src.bot.middleware.logging_middleware - INFO - Callback received: back_to_menu from user 5782455721
2025-12-17 00:15:18,456 - src.bot.middleware.logging_middleware - INFO - Handler completed successfully
2025-12-17 00:15:18,456 - src.bot.middleware.logging_middleware - INFO - Handler completed successfully
2025-12-17 00:15:18,457 - aiogram.event - INFO - Update id=873021262 is handled. Duration 454 ms by bot id=8589419100
2025-12-17 00:15:18,457 - aiogram.event - INFO - Update id=873021262 is handled. Duration 454 ms by bot id=8589419100
2025-12-17 00:15:19,526 - src.bot.middleware.logging_middleware - INFO - Callback received: settings from user 5782455721
2025-12-17 00:15:19,526 - src.bot.middleware.logging_middleware - INFO - Callback received: settings from user 5782455721
2025-12-17 00:15:19,732 - src.bot.middleware.logging_middleware - INFO - Handler completed successfully
2025-12-17 00:15:19,732 - src.bot.middleware.logging_middleware - INFO - Handler completed successfully
2025-12-17 00:15:19,733 - aiogram.event - INFO - Update id=873021263 is handled. Duration 219 ms by bot id=8589419100
2025-12-17 00:15:19,733 - aiogram.event - INFO - Update id=873021263 is handled. Duration 219 ms by bot id=8589419100
2025-12-17 00:15:20,462 - src.bot.middleware.logging_middleware - INFO - Callback received: settings:profile from user 5782455721
2025-12-17 00:15:20,462 - src.bot.middleware.logging_middleware - INFO - Callback received: settings:profile from user 5782455721
2025-12-17 00:15:20,640 - src.bot.middleware.logging_middleware - INFO - Handler completed successfully
2025-12-17 00:15:20,640 - src.bot.middleware.logging_middleware - INFO - Handler completed successfully
2025-12-17 00:15:20,640 - aiogram.event - INFO - Update id=873021264 is handled. Duration 186 ms by bot id=8589419100
2025-12-17 00:15:20,640 - aiogram.event - INFO - Update id=873021264 is handled. Duration 186 ms by bot id=8589419100
2025-12-17 00:15:22,665 - src.bot.middleware.logging_middleware - INFO - Callback received: settings from user 5782455721
2025-12-17 00:15:22,665 - src.bot.middleware.logging_middleware - INFO - Callback received: settings from user 5782455721
2025-12-17 00:15:22,852 - src.bot.middleware.logging_middleware - INFO - Handler completed successfully
2025-12-17 00:15:22,852 - src.bot.middleware.logging_middleware - INFO - Handler completed successfully
2025-12-17 00:15:22,853 - aiogram.event - INFO - Update id=873021265 is handled. Duration 187 ms by bot id=8589419100
2025-12-17 00:15:22,853 - aiogram.event - INFO - Update id=873021265 is handled. Duration 187 ms by bot id=8589419100
2025-12-17 00:15:23,622 - src.bot.middleware.logging_middleware - INFO - Callback received: settings:groups from user 5782455721
2025-12-17 00:15:23,622 - src.bot.middleware.logging_middleware - INFO - Callback received: settings:groups from user 5782455721
2025-12-17 00:15:23,822 - src.bot.middleware.logging_middleware - INFO - Handler completed successfully
2025-12-17 00:15:23,822 - src.bot.middleware.logging_middleware - INFO - Handler completed successfully
2025-12-17 00:15:23,823 - aiogram.event - INFO - Update id=873021266 is handled. Duration 202 ms by bot id=8589419100
2025-12-17 00:15:23,823 - aiogram.event - INFO - Update id=873021266 is handled. Duration 202 ms by bot id=8589419100
2025-12-17 00:15:25,324 - src.bot.middleware.logging_middleware - INFO - Callback received: settings from user 5782455721
2025-12-17 00:15:25,324 - src.bot.middleware.logging_middleware - INFO - Callback received: settings from user 5782455721
2025-12-17 00:15:25,512 - src.bot.middleware.logging_middleware - INFO - Handler completed successfully
2025-12-17 00:15:25,512 - src.bot.middleware.logging_middleware - INFO - Handler completed successfully
2025-12-17 00:15:25,512 - aiogram.event - INFO - Update id=873021267 is handled. Duration 186 ms by bot id=8589419100
2025-12-17 00:15:25,512 - aiogram.event - INFO - Update id=873021267 is handled. Duration 186 ms by bot id=8589419100
2025-12-17 00:15:26,167 - src.bot.middleware.logging_middleware - INFO - Callback received: settings:regions from user 5782455721
2025-12-17 00:15:26,167 - src.bot.middleware.logging_middleware - INFO - Callback received: settings:regions from user 5782455721
2025-12-17 00:15:26,342 - src.bot.middleware.logging_middleware - INFO - Handler completed successfully
2025-12-17 00:15:26,342 - src.bot.middleware.logging_middleware - INFO - Handler completed successfully
2025-12-17 00:15:26,345 - aiogram.event - INFO - Update id=873021268 is handled. Duration 187 ms by bot id=8589419100
2025-12-17 00:15:26,345 - aiogram.event - INFO - Update id=873021268 is handled. Duration 187 ms by bot id=8589419100
2025-12-17 00:15:27,724 - src.bot.middleware.logging_middleware - INFO - Callback received: settings from user 5782455721
2025-12-17 00:15:27,724 - src.bot.middleware.logging_middleware - INFO - Callback received: settings from user 5782455721
2025-12-17 00:15:27,937 - src.bot.middleware.logging_middleware - INFO - Handler completed successfully
2025-12-17 00:15:27,937 - src.bot.middleware.logging_middleware - INFO - Handler completed successfully
2025-12-17 00:15:27,937 - aiogram.event - INFO - Update id=873021269 is handled. Duration 218 ms by bot id=8589419100
2025-12-17 00:15:27,937 - aiogram.event - INFO - Update id=873021269 is handled. Duration 218 ms by bot id=8589419100
2025-12-17 00:15:28,780 - src.bot.middleware.logging_middleware - INFO - Callback received: settings:groups from user 5782455721
2025-12-17 00:15:28,780 - src.bot.middleware.logging_middleware - INFO - Callback received: settings:groups from user 5782455721
2025-12-17 00:15:28,978 - src.bot.middleware.logging_middleware - INFO - Handler completed successfully
2025-12-17 00:15:28,978 - src.bot.middleware.logging_middleware - INFO - Handler completed successfully
2025-12-17 00:15:28,978 - aiogram.event - INFO - Update id=873021270 is handled. Duration 203 ms by bot id=8589419100
2025-12-17 00:15:28,978 - aiogram.event - INFO - Update id=873021270 is handled. Duration 203 ms by bot id=8589419100
2025-12-17 00:15:29,691 - aiogram.event - INFO - Update id=873021271 is not handled. Duration 0 ms by bot id=8589419100
2025-12-17 00:15:29,691 - aiogram.event - INFO - Update id=873021271 is not handled. Duration 0 ms by bot id=8589419100
2025-12-17 00:16:51,491 - aiogram.dispatcher - ERROR - Failed to fetch updates - TelegramNetworkError: HTTP Client says - ServerDisconnectedError: Server disconnected
2025-12-17 00:16:51,491 - aiogram.dispatcher - ERROR - Failed to fetch updates - TelegramNetworkError: HTTP Client says - ServerDisconnectedError: Server disconnected
2025-12-17 00:16:51,492 - aiogram.dispatcher - WARNING - Sleep for 1.000000 seconds and try again... (tryings = 0, bot id = 8589419100)
2025-12-17 00:16:51,492 - aiogram.dispatcher - WARNING - Sleep for 1.000000 seconds and try again... (tryings = 0, bot id = 8589419100)
2025-12-17 00:17:02,833 - aiogram.dispatcher - INFO - Connection established (tryings = 1, bot id = 8589419100)
2025-12-17 00:17:02,833 - aiogram.dispatcher - INFO - Connection established (tryings = 1, bot id = 8589419100)
2025-12-17 00:18:02,082 - aiogram.dispatcher - ERROR - Failed to fetch updates - TelegramNetworkError: HTTP Client says - ServerDisconnectedError: Server disconnected
2025-12-17 00:18:02,082 - aiogram.dispatcher - ERROR - Failed to fetch updates - TelegramNetworkError: HTTP Client says - ServerDisconnectedError: Server disconnected
2025-12-17 00:18:02,082 - aiogram.dispatcher - WARNING - Sleep for 1.000000 seconds and try again... (tryings = 0, bot id = 8589419100)
2025-12-17 00:18:02,082 - aiogram.dispatcher - WARNING - Sleep for 1.000000 seconds and try again... (tryings = 0, bot id = 8589419100)
2025-12-17 00:18:13,430 - aiogram.dispatcher - INFO - Connection established (tryings = 1, bot id = 8589419100)
2025-12-17 00:18:13,430 - aiogram.dispatcher - INFO - Connection established (tryings = 1, bot id = 8589419100)
2025-12-17 00:18:57,600 - __main__ - INFO - {"event": "Starting Telegram Dispatcher Platform...", "logger": "__main__", "level": "info", "timestamp": "2025-12-16T21:18:57.600235Z"}
2025-12-17 00:18:57,600 - __main__ - INFO - {"event": "Starting Telegram Dispatcher Platform...", "logger": "__main__", "level": "info", "timestamp": "2025-12-16T21:18:57.600235Z"}
2025-12-17 00:18:58,007 - __main__ - INFO - {"event": "Bot started. Press Ctrl+C to stop.", "logger": "__main__", "level": "info", "timestamp": "2025-12-16T21:18:58.007673Z"}
2025-12-17 00:18:58,007 - __main__ - INFO - {"event": "Bot started. Press Ctrl+C to stop.", "logger": "__main__", "level": "info", "timestamp": "2025-12-16T21:18:58.007673Z"}
2025-12-17 00:18:58,008 - aiogram.dispatcher - INFO - Start polling
2025-12-17 00:18:58,008 - aiogram.dispatcher - INFO - Start polling
2025-12-17 00:18:58,385 - aiogram.dispatcher - INFO - Run polling for bot @disp_hunter_bot id=8589419100 - 'Disp_Hunter'
2025-12-17 00:18:58,385 - aiogram.dispatcher - INFO - Run polling for bot @disp_hunter_bot id=8589419100 - 'Disp_Hunter'
2025-12-17 00:19:27,955 - src.bot.middleware.logging_middleware - INFO - Callback received: settings:add_group from user 5782455721
2025-12-17 00:19:27,955 - src.bot.middleware.logging_middleware - INFO - Callback received: settings:add_group from user 5782455721
2025-12-17 00:19:28,113 - telethon.crypto.libssl - INFO - Failed to load SSL library: <class 'OSError'> (no library called "ssl" found)
2025-12-17 00:19:28,113 - telethon.crypto.libssl - INFO - Failed to load SSL library: <class 'OSError'> (no library called "ssl" found)
2025-12-17 00:19:28,116 - telethon.crypto.aes - INFO - cryptg detected, it will be used for encryption
2025-12-17 00:19:28,116 - telethon.crypto.aes - INFO - cryptg detected, it will be used for encryption
2025-12-17 00:19:28,228 - telethon.network.mtprotosender - INFO - Connecting to 149.154.167.51:443/TcpFull...
2025-12-17 00:19:28,228 - telethon.network.mtprotosender - INFO - Connecting to 149.154.167.51:443/TcpFull...
2025-12-17 00:19:28,233 - telethon.network.mtprotosender - INFO - Connection to 149.154.167.51:443/TcpFull complete!
2025-12-17 00:19:28,233 - telethon.network.mtprotosender - INFO - Connection to 149.154.167.51:443/TcpFull complete!
2025-12-17 00:19:29,231 - src.bot.middleware.logging_middleware - INFO - Handler completed successfully
2025-12-17 00:19:29,231 - src.bot.middleware.logging_middleware - INFO - Handler completed successfully
2025-12-17 00:19:29,231 - aiogram.event - INFO - Update id=873021272 is handled. Duration 1281 ms by bot id=8589419100
2025-12-17 00:19:29,231 - aiogram.event - INFO - Update id=873021272 is handled. Duration 1281 ms by bot id=8589419100
2025-12-17 00:21:46,850 - __main__ - INFO - {"event": "Starting Telegram Dispatcher Platform...", "logger": "__main__", "level": "info", "timestamp": "2025-12-16T21:21:46.850324Z"}
2025-12-17 00:21:46,850 - __main__ - INFO - {"event": "Starting Telegram Dispatcher Platform...", "logger": "__main__", "level": "info", "timestamp": "2025-12-16T21:21:46.850324Z"}
2025-12-17 00:21:47,264 - __main__ - INFO - {"event": "Bot started. Press Ctrl+C to stop.", "logger": "__main__", "level": "info", "timestamp": "2025-12-16T21:21:47.264790Z"}
2025-12-17 00:21:47,264 - __main__ - INFO - {"event": "Bot started. Press Ctrl+C to stop.", "logger": "__main__", "level": "info", "timestamp": "2025-12-16T21:21:47.264790Z"}
2025-12-17 00:21:47,265 - aiogram.dispatcher - INFO - Start polling
2025-12-17 00:21:47,265 - aiogram.dispatcher - INFO - Start polling
2025-12-17 00:21:47,643 - aiogram.dispatcher - INFO - Run polling for bot @disp_hunter_bot id=8589419100 - 'Disp_Hunter'
2025-12-17 00:21:47,643 - aiogram.dispatcher - INFO - Run polling for bot @disp_hunter_bot id=8589419100 - 'Disp_Hunter'
2025-12-17 00:22:02,592 - src.bot.middleware.logging_middleware - INFO - Message received: /cancel from user 5782455721
2025-12-17 00:22:02,592 - src.bot.middleware.logging_middleware - INFO - Message received: /cancel from user 5782455721
2025-12-17 00:22:02,946 - src.bot.middleware.logging_middleware - INFO - Handler completed successfully
2025-12-17 00:22:02,946 - src.bot.middleware.logging_middleware - INFO - Handler completed successfully
2025-12-17 00:22:02,946 - aiogram.event - INFO - Update id=873021273 is handled. Duration 343 ms by bot id=8589419100
2025-12-17 00:22:02,946 - aiogram.event - INFO - Update id=873021273 is handled. Duration 343 ms by bot id=8589419100
2025-12-17 00:22:06,829 - src.bot.middleware.logging_middleware - INFO - Message received: /start from user 5782455721
2025-12-17 00:22:06,829 - src.bot.middleware.logging_middleware - INFO - Message received: /start from user 5782455721
2025-12-17 00:22:06,925 - src.bot.middleware.logging_middleware - INFO - Handler completed successfully
2025-12-17 00:22:06,925 - src.bot.middleware.logging_middleware - INFO - Handler completed successfully
2025-12-17 00:22:06,925 - aiogram.event - INFO - Update id=873021274 is handled. Duration 92 ms by bot id=8589419100
2025-12-17 00:22:06,925 - aiogram.event - INFO - Update id=873021274 is handled. Duration 92 ms by bot id=8589419100
2025-12-17 00:22:08,331 - src.bot.middleware.logging_middleware - INFO - Callback received: settings from user 5782455721
2025-12-17 00:22:08,331 - src.bot.middleware.logging_middleware - INFO - Callback received: settings from user 5782455721
2025-12-17 00:22:08,587 - src.bot.middleware.logging_middleware - INFO - Handler completed successfully
2025-12-17 00:22:08,587 - src.bot.middleware.logging_middleware - INFO - Handler completed successfully
2025-12-17 00:22:08,588 - aiogram.event - INFO - Update id=873021275 is handled. Duration 265 ms by bot id=8589419100
2025-12-17 00:22:08,588 - aiogram.event - INFO - Update id=873021275 is handled. Duration 265 ms by bot id=8589419100
2025-12-17 00:22:09,965 - src.bot.middleware.logging_middleware - INFO - Callback received: settings:groups from user 5782455721
2025-12-17 00:22:09,965 - src.bot.middleware.logging_middleware - INFO - Callback received: settings:groups from user 5782455721
2025-12-17 00:22:10,359 - src.bot.middleware.logging_middleware - INFO - Handler completed successfully
2025-12-17 00:22:10,359 - src.bot.middleware.logging_middleware - INFO - Handler completed successfully
2025-12-17 00:22:10,360 - aiogram.event - INFO - Update id=873021276 is handled. Duration 406 ms by bot id=8589419100
2025-12-17 00:22:10,360 - aiogram.event - INFO - Update id=873021276 is handled. Duration 406 ms by bot id=8589419100
2025-12-17 00:22:11,128 - src.bot.middleware.logging_middleware - INFO - Callback received: settings:add_group from user 5782455721
2025-12-17 00:22:11,128 - src.bot.middleware.logging_middleware - INFO - Callback received: settings:add_group from user 5782455721
2025-12-17 00:22:11,283 - telethon.crypto.libssl - INFO - Failed to load SSL library: <class 'OSError'> (no library called "ssl" found)
2025-12-17 00:22:11,283 - telethon.crypto.libssl - INFO - Failed to load SSL library: <class 'OSError'> (no library called "ssl" found)
2025-12-17 00:22:11,285 - telethon.crypto.aes - INFO - cryptg detected, it will be used for encryption
2025-12-17 00:22:11,285 - telethon.crypto.aes - INFO - cryptg detected, it will be used for encryption
2025-12-17 00:22:11,374 - telethon.network.mtprotosender - INFO - Connecting to 149.154.167.51:443/TcpFull...
2025-12-17 00:22:11,374 - telethon.network.mtprotosender - INFO - Connecting to 149.154.167.51:443/TcpFull...
2025-12-17 00:22:11,378 - telethon.network.mtprotosender - INFO - Connection to 149.154.167.51:443/TcpFull complete!
2025-12-17 00:22:11,378 - telethon.network.mtprotosender - INFO - Connection to 149.154.167.51:443/TcpFull complete!
2025-12-17 00:22:13,228 - src.bot.middleware.logging_middleware - INFO - Handler completed successfully
2025-12-17 00:22:13,228 - src.bot.middleware.logging_middleware - INFO - Handler completed successfully
2025-12-17 00:22:13,229 - aiogram.event - INFO - Update id=873021277 is handled. Duration 2110 ms by bot id=8589419100
2025-12-17 00:22:13,229 - aiogram.event - INFO - Update id=873021277 is handled. Duration 2110 ms by bot id=8589419100
2025-12-17 00:22:15,918 - src.bot.middleware.logging_middleware - INFO - Callback received: group:toggle:-1002770911077 from user 5782455721
2025-12-17 00:22:15,918 - src.bot.middleware.logging_middleware - INFO - Callback received: group:toggle:-1002770911077 from user 5782455721
2025-12-17 00:22:16,091 - src.bot.middleware.logging_middleware - INFO - Handler completed successfully
2025-12-17 00:22:16,091 - src.bot.middleware.logging_middleware - INFO - Handler completed successfully
2025-12-17 00:22:16,092 - aiogram.event - INFO - Update id=873021278 is handled. Duration 187 ms by bot id=8589419100
2025-12-17 00:22:16,092 - aiogram.event - INFO - Update id=873021278 is handled. Duration 187 ms by bot id=8589419100
2025-12-17 00:22:17,219 - src.bot.middleware.logging_middleware - INFO - Callback received: group:save from user 5782455721
2025-12-17 00:22:17,219 - src.bot.middleware.logging_middleware - INFO - Callback received: group:save from user 5782455721
2025-12-17 00:22:17,400 - src.bot.middleware.logging_middleware - INFO - Handler completed successfully
2025-12-17 00:22:17,400 - src.bot.middleware.logging_middleware - INFO - Handler completed successfully
2025-12-17 00:22:17,401 - aiogram.event - INFO - Update id=873021279 is handled. Duration 187 ms by bot id=8589419100
2025-12-17 00:22:17,401 - aiogram.event - INFO - Update id=873021279 is handled. Duration 187 ms by bot id=8589419100
2025-12-17 00:24:52,911 - __main__ - INFO - {"event": "Starting Telegram Dispatcher Platform...", "logger": "__main__", "level": "info", "timestamp": "2025-12-16T21:24:52.911201Z"}
2025-12-17 00:24:52,911 - __main__ - INFO - {"event": "Starting Telegram Dispatcher Platform...", "logger": "__main__", "level": "info", "timestamp": "2025-12-16T21:24:52.911201Z"}
2025-12-17 00:24:53,442 - __main__ - INFO - {"event": "Bot commands menu set up successfully", "logger": "__main__", "level": "info", "timestamp": "2025-12-16T21:24:53.442073Z"}
2025-12-17 00:24:53,442 - __main__ - INFO - {"event": "Bot commands menu set up successfully", "logger": "__main__", "level": "info", "timestamp": "2025-12-16T21:24:53.442073Z"}
2025-12-17 00:24:53,668 - __main__ - INFO - {"event": "Bot started. Press Ctrl+C to stop.", "logger": "__main__", "level": "info", "timestamp": "2025-12-16T21:24:53.668533Z"}
2025-12-17 00:24:53,668 - __main__ - INFO - {"event": "Bot started. Press Ctrl+C to stop.", "logger": "__main__", "level": "info", "timestamp": "2025-12-16T21:24:53.668533Z"}
2025-12-17 00:24:53,669 - aiogram.dispatcher - INFO - Start polling
2025-12-17 00:24:53,669 - aiogram.dispatcher - INFO - Start polling
2025-12-17 00:24:53,742 - aiogram.dispatcher - INFO - Run polling for bot @disp_hunter_bot id=8589419100 - 'Disp_Hunter'
2025-12-17 00:24:53,742 - aiogram.dispatcher - INFO - Run polling for bot @disp_hunter_bot id=8589419100 - 'Disp_Hunter'
2025-12-17 00:25:22,778 - aiogram.dispatcher - ERROR - Failed to fetch updates - TelegramNetworkError: HTTP Client says - ServerDisconnectedError: Server disconnected
2025-12-17 00:25:22,778 - aiogram.dispatcher - ERROR - Failed to fetch updates - TelegramNetworkError: HTTP Client says - ServerDisconnectedError: Server disconnected
2025-12-17 00:25:22,779 - aiogram.dispatcher - WARNING - Sleep for 1.000000 seconds and try again... (tryings = 0, bot id = 8589419100)
2025-12-17 00:25:22,779 - aiogram.dispatcher - WARNING - Sleep for 1.000000 seconds and try again... (tryings = 0, bot id = 8589419100)
2025-12-17 00:25:24,113 - aiogram.dispatcher - INFO - Connection established (tryings = 1, bot id = 8589419100)
2025-12-17 00:25:24,113 - aiogram.dispatcher - INFO - Connection established (tryings = 1, bot id = 8589419100)
2025-12-17 00:25:24,114 - src.bot.middleware.logging_middleware - INFO - Message received: /start from user 5782455721
2025-12-17 00:25:24,114 - src.bot.middleware.logging_middleware - INFO - Message received: /start from user 5782455721
2025-12-17 00:25:24,466 - src.bot.middleware.logging_middleware - INFO - Handler completed successfully
2025-12-17 00:25:24,466 - src.bot.middleware.logging_middleware - INFO - Handler completed successfully
2025-12-17 00:25:24,466 - aiogram.event - INFO - Update id=873021280 is handled. Duration 358 ms by bot id=8589419100
2025-12-17 00:25:24,466 - aiogram.event - INFO - Update id=873021280 is handled. Duration 358 ms by bot id=8589419100
2025-12-17 00:26:39,017 - __main__ - INFO - {"event": "Starting Telegram Dispatcher Platform...", "logger": "__main__", "level": "info", "timestamp": "2025-12-16T21:26:39.017258Z"}
2025-12-17 00:26:39,017 - __main__ - INFO - {"event": "Starting Telegram Dispatcher Platform...", "logger": "__main__", "level": "info", "timestamp": "2025-12-16T21:26:39.017258Z"}
2025-12-17 00:26:39,583 - __main__ - INFO - {"event": "Bot commands menu set up successfully", "logger": "__main__", "level": "info", "timestamp": "2025-12-16T21:26:39.583873Z"}
2025-12-17 00:26:39,583 - __main__ - INFO - {"event": "Bot commands menu set up successfully", "logger": "__main__", "level": "info", "timestamp": "2025-12-16T21:26:39.583873Z"}
2025-12-17 00:26:39,854 - __main__ - INFO - {"event": "Bot started. Press Ctrl+C to stop.", "logger": "__main__", "level": "info", "timestamp": "2025-12-16T21:26:39.854902Z"}
2025-12-17 00:26:39,854 - __main__ - INFO - {"event": "Bot started. Press Ctrl+C to stop.", "logger": "__main__", "level": "info", "timestamp": "2025-12-16T21:26:39.854902Z"}
2025-12-17 00:26:39,855 - aiogram.dispatcher - INFO - Start polling
2025-12-17 00:26:39,855 - aiogram.dispatcher - INFO - Start polling
2025-12-17 00:26:39,929 - aiogram.dispatcher - INFO - Run polling for bot @disp_hunter_bot id=8589419100 - 'Disp_Hunter'
2025-12-17 00:26:39,929 - aiogram.dispatcher - INFO - Run polling for bot @disp_hunter_bot id=8589419100 - 'Disp_Hunter'
2025-12-17 00:27:03,776 - src.bot.middleware.logging_middleware - INFO - Message received: /start from user 5782455721
2025-12-17 00:27:03,776 - src.bot.middleware.logging_middleware - INFO - Message received: /start from user 5782455721
2025-12-17 00:27:04,137 - src.bot.middleware.logging_middleware - INFO - Handler completed successfully
2025-12-17 00:27:04,137 - src.bot.middleware.logging_middleware - INFO - Handler completed successfully
2025-12-17 00:27:04,138 - aiogram.event - INFO - Update id=873021281 is handled. Duration 358 ms by bot id=8589419100
2025-12-17 00:27:04,138 - aiogram.event - INFO - Update id=873021281 is handled. Duration 358 ms by bot id=8589419100
2025-12-17 00:27:10,679 - src.bot.middleware.logging_middleware - INFO - Handler completed successfully
2025-12-17 00:27:10,679 - src.bot.middleware.logging_middleware - INFO - Handler completed successfully
2025-12-17 00:27:10,680 - aiogram.event - INFO - Update id=873021282 is handled. Duration 125 ms by bot id=8589419100
2025-12-17 00:27:10,680 - aiogram.event - INFO - Update id=873021282 is handled. Duration 125 ms by bot id=8589419100
2025-12-17 00:27:15,408 - src.bot.middleware.logging_middleware - INFO - Handler completed successfully
2025-12-17 00:27:15,408 - src.bot.middleware.logging_middleware - INFO - Handler completed successfully
2025-12-17 00:27:15,409 - aiogram.event - INFO - Update id=873021283 is handled. Duration 187 ms by bot id=8589419100
2025-12-17 00:27:15,409 - aiogram.event - INFO - Update id=873021283 is handled. Duration 187 ms by bot id=8589419100
2025-12-17 00:27:18,641 - src.bot.middleware.logging_middleware - INFO - Callback received: order:input:template from user 5782455721
2025-12-17 00:27:18,641 - src.bot.middleware.logging_middleware - INFO - Callback received: order:input:template from user 5782455721
2025-12-17 00:27:18,831 - src.bot.middleware.logging_middleware - INFO - Handler completed successfully
2025-12-17 00:27:18,831 - src.bot.middleware.logging_middleware - INFO - Handler completed successfully
2025-12-17 00:27:18,832 - aiogram.event - INFO - Update id=873021284 is handled. Duration 188 ms by bot id=8589419100
2025-12-17 00:27:18,832 - aiogram.event - INFO - Update id=873021284 is handled. Duration 188 ms by bot id=8589419100
2025-12-17 00:27:24,760 - src.bot.middleware.logging_middleware - INFO - Handler completed successfully
2025-12-17 00:27:24,760 - src.bot.middleware.logging_middleware - INFO - Handler completed successfully
2025-12-17 00:27:24,761 - aiogram.event - INFO - Update id=873021285 is handled. Duration 233 ms by bot id=8589419100
2025-12-17 00:27:24,761 - aiogram.event - INFO - Update id=873021285 is handled. Duration 233 ms by bot id=8589419100
2025-12-17 00:27:27,634 - src.bot.middleware.logging_middleware - INFO - Callback received: order:input:voice from user 5782455721
2025-12-17 00:27:27,634 - src.bot.middleware.logging_middleware - INFO - Callback received: order:input:voice from user 5782455721
2025-12-17 00:27:27,832 - src.bot.middleware.logging_middleware - INFO - Handler completed successfully
2025-12-17 00:27:27,832 - src.bot.middleware.logging_middleware - INFO - Handler completed successfully
2025-12-17 00:27:27,832 - aiogram.event - INFO - Update id=873021286 is handled. Duration 188 ms by bot id=8589419100
2025-12-17 00:27:27,832 - aiogram.event - INFO - Update id=873021286 is handled. Duration 188 ms by bot id=8589419100
2025-12-17 00:27:38,798 - src.bot.middleware.logging_middleware - INFO - Handler completed successfully
2025-12-17 00:27:38,798 - src.bot.middleware.logging_middleware - INFO - Handler completed successfully
2025-12-17 00:27:38,798 - aiogram.event - INFO - Update id=873021287 is handled. Duration 92 ms by bot id=8589419100
2025-12-17 00:27:38,798 - aiogram.event - INFO - Update id=873021287 is handled. Duration 92 ms by bot id=8589419100
2025-12-17 00:30:45,456 - __main__ - INFO - {"event": "Starting Telegram Dispatcher Platform...", "logger": "__main__", "level": "info", "timestamp": "2025-12-16T21:30:45.456035Z"}
2025-12-17 00:30:45,456 - __main__ - INFO - {"event": "Starting Telegram Dispatcher Platform...", "logger": "__main__", "level": "info", "timestamp": "2025-12-16T21:30:45.456035Z"}
2025-12-17 00:30:45,989 - __main__ - INFO - {"event": "Bot commands menu set up successfully", "logger": "__main__", "level": "info", "timestamp": "2025-12-16T21:30:45.989874Z"}
2025-12-17 00:30:45,989 - __main__ - INFO - {"event": "Bot commands menu set up successfully", "logger": "__main__", "level": "info", "timestamp": "2025-12-16T21:30:45.989874Z"}
2025-12-17 00:30:46,219 - __main__ - INFO - {"event": "Bot started. Press Ctrl+C to stop.", "logger": "__main__", "level": "info", "timestamp": "2025-12-16T21:30:46.219872Z"}
2025-12-17 00:30:46,219 - __main__ - INFO - {"event": "Bot started. Press Ctrl+C to stop.", "logger": "__main__", "level": "info", "timestamp": "2025-12-16T21:30:46.219872Z"}
2025-12-17 00:30:46,219 - aiogram.dispatcher - INFO - Start polling
2025-12-17 00:30:46,219 - aiogram.dispatcher - INFO - Start polling
2025-12-17 00:30:46,296 - aiogram.dispatcher - INFO - Run polling for bot @disp_hunter_bot id=8589419100 - 'Disp_Hunter'
2025-12-17 00:30:46,296 - aiogram.dispatcher - INFO - Run polling for bot @disp_hunter_bot id=8589419100 - 'Disp_Hunter'
2025-12-17 00:30:46,370 - aiogram.dispatcher - ERROR - Failed to fetch updates - TelegramConflictError: Telegram server says - Conflict: terminated by other getUpdates request; make sure that only one bot instance is running
2025-12-17 00:30:46,370 - aiogram.dispatcher - ERROR - Failed to fetch updates - TelegramConflictError: Telegram server says - Conflict: terminated by other getUpdates request; make sure that only one bot instance is running
2025-12-17 00:30:46,372 - aiogram.dispatcher - WARNING - Sleep for 1.000000 seconds and try again... (tryings = 0, bot id = 8589419100)
2025-12-17 00:30:46,372 - aiogram.dispatcher - WARNING - Sleep for 1.000000 seconds and try again... (tryings = 0, bot id = 8589419100)
2025-12-17 00:30:50,453 - aiogram.dispatcher - ERROR - Failed to fetch updates - TelegramConflictError: Telegram server says - Conflict: terminated by other getUpdates request; make sure that only one bot instance is running
2025-12-17 00:30:50,453 - aiogram.dispatcher - ERROR - Failed to fetch updates - TelegramConflictError: Telegram server says - Conflict: terminated by other getUpdates request; make sure that only one bot instance is running
2025-12-17 00:30:50,454 - aiogram.dispatcher - WARNING - Sleep for 1.000000 seconds and try again... (tryings = 0, bot id = 8589419100)
2025-12-17 00:30:50,454 - aiogram.dispatcher - WARNING - Sleep for 1.000000 seconds and try again... (tryings = 0, bot id = 8589419100)
2025-12-17 00:30:51,553 - aiogram.dispatcher - ERROR - Failed to fetch updates - TelegramConflictError: Telegram server says - Conflict: terminated by other getUpdates request; make sure that only one bot instance is running
2025-12-17 00:30:51,553 - aiogram.dispatcher - ERROR - Failed to fetch updates - TelegramConflictError: Telegram server says - Conflict: terminated by other getUpdates request; make sure that only one bot instance is running
2025-12-17 00:30:51,553 - aiogram.dispatcher - WARNING - Sleep for 1.404549 seconds and try again... (tryings = 1, bot id = 8589419100)
2025-12-17 00:30:51,553 - aiogram.dispatcher - WARNING - Sleep for 1.404549 seconds and try again... (tryings = 1, bot id = 8589419100)
2025-12-17 00:30:56,046 - aiogram.dispatcher - ERROR - Failed to fetch updates - TelegramConflictError: Telegram server says - Conflict: terminated by other getUpdates request; make sure that only one bot instance is running
2025-12-17 00:30:56,046 - aiogram.dispatcher - ERROR - Failed to fetch updates - TelegramConflictError: Telegram server says - Conflict: terminated by other getUpdates request; make sure that only one bot instance is running
2025-12-17 00:30:56,047 - aiogram.dispatcher - WARNING - Sleep for 1.449272 seconds and try again... (tryings = 1, bot id = 8589419100)
2025-12-17 00:30:56,047 - aiogram.dispatcher - WARNING - Sleep for 1.449272 seconds and try again... (tryings = 1, bot id = 8589419100)
2025-12-17 00:30:57,583 - aiogram.dispatcher - ERROR - Failed to fetch updates - TelegramConflictError: Telegram server says - Conflict: terminated by other getUpdates request; make sure that only one bot instance is running
2025-12-17 00:30:57,583 - aiogram.dispatcher - ERROR - Failed to fetch updates - TelegramConflictError: Telegram server says - Conflict: terminated by other getUpdates request; make sure that only one bot instance is running
2025-12-17 00:30:57,584 - aiogram.dispatcher - WARNING - Sleep for 1.696156 seconds and try again... (tryings = 2, bot id = 8589419100)
2025-12-17 00:30:57,584 - aiogram.dispatcher - WARNING - Sleep for 1.696156 seconds and try again... (tryings = 2, bot id = 8589419100)
2025-12-17 00:31:02,371 - aiogram.dispatcher - ERROR - Failed to fetch updates - TelegramConflictError: Telegram server says - Conflict: terminated by other getUpdates request; make sure that only one bot instance is running
2025-12-17 00:31:02,371 - aiogram.dispatcher - ERROR - Failed to fetch updates - TelegramConflictError: Telegram server says - Conflict: terminated by other getUpdates request; make sure that only one bot instance is running
2025-12-17 00:31:02,372 - aiogram.dispatcher - WARNING - Sleep for 1.878383 seconds and try again... (tryings = 2, bot id = 8589419100)
2025-12-17 00:31:02,372 - aiogram.dispatcher - WARNING - Sleep for 1.878383 seconds and try again... (tryings = 2, bot id = 8589419100)
2025-12-17 00:31:04,335 - aiogram.dispatcher - ERROR - Failed to fetch updates - TelegramConflictError: Telegram server says - Conflict: terminated by other getUpdates request; make sure that only one bot instance is running
2025-12-17 00:31:04,335 - aiogram.dispatcher - ERROR - Failed to fetch updates - TelegramConflictError: Telegram server says - Conflict: terminated by other getUpdates request; make sure that only one bot instance is running
2025-12-17 00:31:04,335 - aiogram.dispatcher - WARNING - Sleep for 2.120411 seconds and try again... (tryings = 3, bot id = 8589419100)
2025-12-17 00:31:04,335 - aiogram.dispatcher - WARNING - Sleep for 2.120411 seconds and try again... (tryings = 3, bot id = 8589419100)
2025-12-17 00:31:09,541 - aiogram.dispatcher - ERROR - Failed to fetch updates - TelegramConflictError: Telegram server says - Conflict: terminated by other getUpdates request; make sure that only one bot instance is running
2025-12-17 00:31:09,541 - aiogram.dispatcher - ERROR - Failed to fetch updates - TelegramConflictError: Telegram server says - Conflict: terminated by other getUpdates request; make sure that only one bot instance is running
2025-12-17 00:31:09,542 - aiogram.dispatcher - WARNING - Sleep for 2.703164 seconds and try again... (tryings = 3, bot id = 8589419100)
2025-12-17 00:31:09,542 - aiogram.dispatcher - WARNING - Sleep for 2.703164 seconds and try again... (tryings = 3, bot id = 8589419100)
2025-12-17 00:31:12,343 - aiogram.dispatcher - ERROR - Failed to fetch updates - TelegramConflictError: Telegram server says - Conflict: terminated by other getUpdates request; make sure that only one bot instance is running
2025-12-17 00:31:12,343 - aiogram.dispatcher - ERROR - Failed to fetch updates - TelegramConflictError: Telegram server says - Conflict: terminated by other getUpdates request; make sure that only one bot instance is running
2025-12-17 00:31:12,344 - aiogram.dispatcher - WARNING - Sleep for 2.919051 seconds and try again... (tryings = 4, bot id = 8589419100)
2025-12-17 00:31:12,344 - aiogram.dispatcher - WARNING - Sleep for 2.919051 seconds and try again... (tryings = 4, bot id = 8589419100)
2025-12-17 00:31:18,338 - aiogram.dispatcher - ERROR - Failed to fetch updates - TelegramConflictError: Telegram server says - Conflict: terminated by other getUpdates request; make sure that only one bot instance is running
2025-12-17 00:31:18,338 - aiogram.dispatcher - ERROR - Failed to fetch updates - TelegramConflictError: Telegram server says - Conflict: terminated by other getUpdates request; make sure that only one bot instance is running
2025-12-17 00:31:18,340 - aiogram.dispatcher - WARNING - Sleep for 3.335596 seconds and try again... (tryings = 4, bot id = 8589419100)
2025-12-17 00:31:18,340 - aiogram.dispatcher - WARNING - Sleep for 3.335596 seconds and try again... (tryings = 4, bot id = 8589419100)
2025-12-17 00:31:21,757 - aiogram.dispatcher - ERROR - Failed to fetch updates - TelegramConflictError: Telegram server says - Conflict: terminated by other getUpdates request; make sure that only one bot instance is running
2025-12-17 00:31:21,757 - aiogram.dispatcher - ERROR - Failed to fetch updates - TelegramConflictError: Telegram server says - Conflict: terminated by other getUpdates request; make sure that only one bot instance is running
2025-12-17 00:31:21,758 - aiogram.dispatcher - WARNING - Sleep for 3.886466 seconds and try again... (tryings = 5, bot id = 8589419100)
2025-12-17 00:31:21,758 - aiogram.dispatcher - WARNING - Sleep for 3.886466 seconds and try again... (tryings = 5, bot id = 8589419100)
2025-12-17 00:31:25,734 - aiogram.dispatcher - ERROR - Failed to fetch updates - TelegramConflictError: Telegram server says - Conflict: terminated by other getUpdates request; make sure that only one bot instance is running
2025-12-17 00:31:25,734 - aiogram.dispatcher - ERROR - Failed to fetch updates - TelegramConflictError: Telegram server says - Conflict: terminated by other getUpdates request; make sure that only one bot instance is running
2025-12-17 00:31:25,734 - aiogram.dispatcher - WARNING - Sleep for 4.321694 seconds and try again... (tryings = 5, bot id = 8589419100)
2025-12-17 00:31:25,734 - aiogram.dispatcher - WARNING - Sleep for 4.321694 seconds and try again... (tryings = 5, bot id = 8589419100)
2025-12-17 00:31:30,129 - aiogram.dispatcher - ERROR - Failed to fetch updates - TelegramConflictError: Telegram server says - Conflict: terminated by other getUpdates request; make sure that only one bot instance is running
2025-12-17 00:31:30,129 - aiogram.dispatcher - ERROR - Failed to fetch updates - TelegramConflictError: Telegram server says - Conflict: terminated by other getUpdates request; make sure that only one bot instance is running
2025-12-17 00:31:30,130 - aiogram.dispatcher - WARNING - Sleep for 4.931192 seconds and try again... (tryings = 6, bot id = 8589419100)
2025-12-17 00:31:30,130 - aiogram.dispatcher - WARNING - Sleep for 4.931192 seconds and try again... (tryings = 6, bot id = 8589419100)
2025-12-17 00:31:35,149 - aiogram.dispatcher - ERROR - Failed to fetch updates - TelegramConflictError: Telegram server says - Conflict: terminated by other getUpdates request; make sure that only one bot instance is running
2025-12-17 00:31:35,149 - aiogram.dispatcher - ERROR - Failed to fetch updates - TelegramConflictError: Telegram server says - Conflict: terminated by other getUpdates request; make sure that only one bot instance is running
2025-12-17 00:31:35,150 - aiogram.dispatcher - WARNING - Sleep for 4.984379 seconds and try again... (tryings = 6, bot id = 8589419100)
2025-12-17 00:31:35,150 - aiogram.dispatcher - WARNING - Sleep for 4.984379 seconds and try again... (tryings = 6, bot id = 8589419100)
2025-12-17 00:31:40,256 - aiogram.dispatcher - ERROR - Failed to fetch updates - TelegramConflictError: Telegram server says - Conflict: terminated by other getUpdates request; make sure that only one bot instance is running
2025-12-17 00:31:40,256 - aiogram.dispatcher - ERROR - Failed to fetch updates - TelegramConflictError: Telegram server says - Conflict: terminated by other getUpdates request; make sure that only one bot instance is running
2025-12-17 00:31:40,257 - aiogram.dispatcher - WARNING - Sleep for 4.987245 seconds and try again... (tryings = 7, bot id = 8589419100)
2025-12-17 00:31:40,257 - aiogram.dispatcher - WARNING - Sleep for 4.987245 seconds and try again... (tryings = 7, bot id = 8589419100)
2025-12-17 00:31:45,331 - aiogram.dispatcher - ERROR - Failed to fetch updates - TelegramConflictError: Telegram server says - Conflict: terminated by other getUpdates request; make sure that only one bot instance is running
2025-12-17 00:31:45,331 - aiogram.dispatcher - ERROR - Failed to fetch updates - TelegramConflictError: Telegram server says - Conflict: terminated by other getUpdates request; make sure that only one bot instance is running
2025-12-17 00:31:45,332 - aiogram.dispatcher - WARNING - Sleep for 5.168924 seconds and try again... (tryings = 7, bot id = 8589419100)
2025-12-17 00:31:45,332 - aiogram.dispatcher - WARNING - Sleep for 5.168924 seconds and try again... (tryings = 7, bot id = 8589419100)
2025-12-17 00:31:50,575 - aiogram.dispatcher - ERROR - Failed to fetch updates - TelegramConflictError: Telegram server says - Conflict: terminated by other getUpdates request; make sure that only one bot instance is running
2025-12-17 00:31:50,575 - aiogram.dispatcher - ERROR - Failed to fetch updates - TelegramConflictError: Telegram server says - Conflict: terminated by other getUpdates request; make sure that only one bot instance is running
2025-12-17 00:31:50,575 - aiogram.dispatcher - WARNING - Sleep for 5.098995 seconds and try again... (tryings = 8, bot id = 8589419100)
2025-12-17 00:31:50,575 - aiogram.dispatcher - WARNING - Sleep for 5.098995 seconds and try again... (tryings = 8, bot id = 8589419100)
2025-12-17 00:31:55,761 - aiogram.dispatcher - ERROR - Failed to fetch updates - TelegramConflictError: Telegram server says - Conflict: terminated by other getUpdates request; make sure that only one bot instance is running
2025-12-17 00:31:55,761 - aiogram.dispatcher - ERROR - Failed to fetch updates - TelegramConflictError: Telegram server says - Conflict: terminated by other getUpdates request; make sure that only one bot instance is running
2025-12-17 00:31:55,761 - aiogram.dispatcher - WARNING - Sleep for 5.079470 seconds and try again... (tryings = 8, bot id = 8589419100)
2025-12-17 00:31:55,761 - aiogram.dispatcher - WARNING - Sleep for 5.079470 seconds and try again... (tryings = 8, bot id = 8589419100)
2025-12-17 00:32:00,921 - aiogram.dispatcher - ERROR - Failed to fetch updates - TelegramConflictError: Telegram server says - Conflict: terminated by other getUpdates request; make sure that only one bot instance is running
2025-12-17 00:32:00,921 - aiogram.dispatcher - ERROR - Failed to fetch updates - TelegramConflictError: Telegram server says - Conflict: terminated by other getUpdates request; make sure that only one bot instance is running
2025-12-17 00:32:00,922 - aiogram.dispatcher - WARNING - Sleep for 4.999829 seconds and try again... (tryings = 9, bot id = 8589419100)
2025-12-17 00:32:00,922 - aiogram.dispatcher - WARNING - Sleep for 4.999829 seconds and try again... (tryings = 9, bot id = 8589419100)
2025-12-17 00:32:06,010 - aiogram.dispatcher - ERROR - Failed to fetch updates - TelegramConflictError: Telegram server says - Conflict: terminated by other getUpdates request; make sure that only one bot instance is running
2025-12-17 00:32:06,010 - aiogram.dispatcher - ERROR - Failed to fetch updates - TelegramConflictError: Telegram server says - Conflict: terminated by other getUpdates request; make sure that only one bot instance is running
2025-12-17 00:32:06,011 - aiogram.dispatcher - WARNING - Sleep for 5.039038 seconds and try again... (tryings = 9, bot id = 8589419100)
2025-12-17 00:32:06,011 - aiogram.dispatcher - WARNING - Sleep for 5.039038 seconds and try again... (tryings = 9, bot id = 8589419100)
2025-12-17 00:32:11,130 - aiogram.dispatcher - ERROR - Failed to fetch updates - TelegramConflictError: Telegram server says - Conflict: terminated by other getUpdates request; make sure that only one bot instance is running
2025-12-17 00:32:11,130 - aiogram.dispatcher - ERROR - Failed to fetch updates - TelegramConflictError: Telegram server says - Conflict: terminated by other getUpdates request; make sure that only one bot instance is running
2025-12-17 00:32:11,130 - aiogram.dispatcher - WARNING - Sleep for 5.039206 seconds and try again... (tryings = 10, bot id = 8589419100)
2025-12-17 00:32:11,130 - aiogram.dispatcher - WARNING - Sleep for 5.039206 seconds and try again... (tryings = 10, bot id = 8589419100)
2025-12-17 00:32:16,254 - aiogram.dispatcher - ERROR - Failed to fetch updates - TelegramConflictError: Telegram server says - Conflict: terminated by other getUpdates request; make sure that only one bot instance is running
2025-12-17 00:32:16,254 - aiogram.dispatcher - ERROR - Failed to fetch updates - TelegramConflictError: Telegram server says - Conflict: terminated by other getUpdates request; make sure that only one bot instance is running
2025-12-17 00:32:16,256 - aiogram.dispatcher - WARNING - Sleep for 4.976563 seconds and try again... (tryings = 10, bot id = 8589419100)
2025-12-17 00:32:16,256 - aiogram.dispatcher - WARNING - Sleep for 4.976563 seconds and try again... (tryings = 10, bot id = 8589419100)
2025-12-17 00:32:21,316 - aiogram.dispatcher - ERROR - Failed to fetch updates - TelegramConflictError: Telegram server says - Conflict: terminated by other getUpdates request; make sure that only one bot instance is running
2025-12-17 00:32:21,316 - aiogram.dispatcher - ERROR - Failed to fetch updates - TelegramConflictError: Telegram server says - Conflict: terminated by other getUpdates request; make sure that only one bot instance is running
2025-12-17 00:32:21,317 - aiogram.dispatcher - WARNING - Sleep for 4.962479 seconds and try again... (tryings = 11, bot id = 8589419100)
2025-12-17 00:32:21,317 - aiogram.dispatcher - WARNING - Sleep for 4.962479 seconds and try again... (tryings = 11, bot id = 8589419100)
2025-12-17 00:32:26,371 - aiogram.dispatcher - ERROR - Failed to fetch updates - TelegramConflictError: Telegram server says - Conflict: terminated by other getUpdates request; make sure that only one bot instance is running
2025-12-17 00:32:26,371 - aiogram.dispatcher - ERROR - Failed to fetch updates - TelegramConflictError: Telegram server says - Conflict: terminated by other getUpdates request; make sure that only one bot instance is running
2025-12-17 00:32:26,372 - aiogram.dispatcher - WARNING - Sleep for 4.902399 seconds and try again... (tryings = 11, bot id = 8589419100)
2025-12-17 00:32:26,372 - aiogram.dispatcher - WARNING - Sleep for 4.902399 seconds and try again... (tryings = 11, bot id = 8589419100)
2025-12-17 00:32:31,367 - aiogram.dispatcher - ERROR - Failed to fetch updates - TelegramConflictError: Telegram server says - Conflict: terminated by other getUpdates request; make sure that only one bot instance is running
2025-12-17 00:32:31,367 - aiogram.dispatcher - ERROR - Failed to fetch updates - TelegramConflictError: Telegram server says - Conflict: terminated by other getUpdates request; make sure that only one bot instance is running
2025-12-17 00:32:31,368 - aiogram.dispatcher - WARNING - Sleep for 5.082105 seconds and try again... (tryings = 12, bot id = 8589419100)
2025-12-17 00:32:31,368 - aiogram.dispatcher - WARNING - Sleep for 5.082105 seconds and try again... (tryings = 12, bot id = 8589419100)
2025-12-17 00:32:36,524 - aiogram.dispatcher - ERROR - Failed to fetch updates - TelegramConflictError: Telegram server says - Conflict: terminated by other getUpdates request; make sure that only one bot instance is running
2025-12-17 00:32:36,524 - aiogram.dispatcher - ERROR - Failed to fetch updates - TelegramConflictError: Telegram server says - Conflict: terminated by other getUpdates request; make sure that only one bot instance is running
2025-12-17 00:32:36,525 - aiogram.dispatcher - WARNING - Sleep for 5.043349 seconds and try again... (tryings = 12, bot id = 8589419100)
2025-12-17 00:32:36,525 - aiogram.dispatcher - WARNING - Sleep for 5.043349 seconds and try again... (tryings = 12, bot id = 8589419100)
2025-12-17 00:32:41,660 - aiogram.dispatcher - ERROR - Failed to fetch updates - TelegramConflictError: Telegram server says - Conflict: terminated by other getUpdates request; make sure that only one bot instance is running
2025-12-17 00:32:41,660 - aiogram.dispatcher - ERROR - Failed to fetch updates - TelegramConflictError: Telegram server says - Conflict: terminated by other getUpdates request; make sure that only one bot instance is running
2025-12-17 00:32:41,661 - aiogram.dispatcher - WARNING - Sleep for 5.064522 seconds and try again... (tryings = 13, bot id = 8589419100)
2025-12-17 00:32:41,661 - aiogram.dispatcher - WARNING - Sleep for 5.064522 seconds and try again... (tryings = 13, bot id = 8589419100)
2025-12-17 00:32:46,802 - aiogram.dispatcher - ERROR - Failed to fetch updates - TelegramConflictError: Telegram server says - Conflict: terminated by other getUpdates request; make sure that only one bot instance is running
2025-12-17 00:32:46,802 - aiogram.dispatcher - ERROR - Failed to fetch updates - TelegramConflictError: Telegram server says - Conflict: terminated by other getUpdates request; make sure that only one bot instance is running
2025-12-17 00:32:46,803 - aiogram.dispatcher - WARNING - Sleep for 4.959410 seconds and try again... (tryings = 13, bot id = 8589419100)
2025-12-17 00:32:46,803 - aiogram.dispatcher - WARNING - Sleep for 4.959410 seconds and try again... (tryings = 13, bot id = 8589419100)
2025-12-17 00:32:51,851 - aiogram.dispatcher - ERROR - Failed to fetch updates - TelegramConflictError: Telegram server says - Conflict: terminated by other getUpdates request; make sure that only one bot instance is running
2025-12-17 00:32:51,851 - aiogram.dispatcher - ERROR - Failed to fetch updates - TelegramConflictError: Telegram server says - Conflict: terminated by other getUpdates request; make sure that only one bot instance is running
2025-12-17 00:32:51,851 - aiogram.dispatcher - WARNING - Sleep for 4.996608 seconds and try again... (tryings = 14, bot id = 8589419100)
2025-12-17 00:32:51,851 - aiogram.dispatcher - WARNING - Sleep for 4.996608 seconds and try again... (tryings = 14, bot id = 8589419100)
2025-12-17 00:32:56,927 - aiogram.dispatcher - ERROR - Failed to fetch updates - TelegramConflictError: Telegram server says - Conflict: terminated by other getUpdates request; make sure that only one bot instance is running
2025-12-17 00:32:56,927 - aiogram.dispatcher - ERROR - Failed to fetch updates - TelegramConflictError: Telegram server says - Conflict: terminated by other getUpdates request; make sure that only one bot instance is running
2025-12-17 00:32:56,928 - aiogram.dispatcher - WARNING - Sleep for 4.998545 seconds and try again... (tryings = 14, bot id = 8589419100)
2025-12-17 00:32:56,928 - aiogram.dispatcher - WARNING - Sleep for 4.998545 seconds and try again... (tryings = 14, bot id = 8589419100)
2025-12-17 00:33:02,014 - aiogram.dispatcher - ERROR - Failed to fetch updates - TelegramConflictError: Telegram server says - Conflict: terminated by other getUpdates request; make sure that only one bot instance is running
2025-12-17 00:33:02,014 - aiogram.dispatcher - ERROR - Failed to fetch updates - TelegramConflictError: Telegram server says - Conflict: terminated by other getUpdates request; make sure that only one bot instance is running
2025-12-17 00:33:02,014 - aiogram.dispatcher - WARNING - Sleep for 5.234066 seconds and try again... (tryings = 15, bot id = 8589419100)
2025-12-17 00:33:02,014 - aiogram.dispatcher - WARNING - Sleep for 5.234066 seconds and try again... (tryings = 15, bot id = 8589419100)
2025-12-17 00:33:07,333 - aiogram.dispatcher - ERROR - Failed to fetch updates - TelegramConflictError: Telegram server says - Conflict: terminated by other getUpdates request; make sure that only one bot instance is running
2025-12-17 00:33:07,333 - aiogram.dispatcher - ERROR - Failed to fetch updates - TelegramConflictError: Telegram server says - Conflict: terminated by other getUpdates request; make sure that only one bot instance is running
2025-12-17 00:33:07,334 - aiogram.dispatcher - WARNING - Sleep for 4.966146 seconds and try again... (tryings = 15, bot id = 8589419100)
2025-12-17 00:33:07,334 - aiogram.dispatcher - WARNING - Sleep for 4.966146 seconds and try again... (tryings = 15, bot id = 8589419100)
2025-12-17 00:33:12,435 - aiogram.dispatcher - ERROR - Failed to fetch updates - TelegramConflictError: Telegram server says - Conflict: terminated by other getUpdates request; make sure that only one bot instance is running
2025-12-17 00:33:12,435 - aiogram.dispatcher - ERROR - Failed to fetch updates - TelegramConflictError: Telegram server says - Conflict: terminated by other getUpdates request; make sure that only one bot instance is running
2025-12-17 00:33:12,436 - aiogram.dispatcher - WARNING - Sleep for 5.020078 seconds and try again... (tryings = 16, bot id = 8589419100)
2025-12-17 00:33:12,436 - aiogram.dispatcher - WARNING - Sleep for 5.020078 seconds and try again... (tryings = 16, bot id = 8589419100)
2025-12-17 00:33:17,573 - aiogram.dispatcher - ERROR - Failed to fetch updates - TelegramConflictError: Telegram server says - Conflict: terminated by other getUpdates request; make sure that only one bot instance is running
2025-12-17 00:33:17,573 - aiogram.dispatcher - ERROR - Failed to fetch updates - TelegramConflictError: Telegram server says - Conflict: terminated by other getUpdates request; make sure that only one bot instance is running
2025-12-17 00:33:17,574 - aiogram.dispatcher - WARNING - Sleep for 4.914385 seconds and try again... (tryings = 16, bot id = 8589419100)
2025-12-17 00:33:17,574 - aiogram.dispatcher - WARNING - Sleep for 4.914385 seconds and try again... (tryings = 16, bot id = 8589419100)
2025-12-17 00:33:22,644 - aiogram.dispatcher - ERROR - Failed to fetch updates - TelegramConflictError: Telegram server says - Conflict: terminated by other getUpdates request; make sure that only one bot instance is running
2025-12-17 00:33:22,644 - aiogram.dispatcher - ERROR - Failed to fetch updates - TelegramConflictError: Telegram server says - Conflict: terminated by other getUpdates request; make sure that only one bot instance is running
2025-12-17 00:33:22,644 - aiogram.dispatcher - WARNING - Sleep for 5.134967 seconds and try again... (tryings = 17, bot id = 8589419100)
2025-12-17 00:33:22,644 - aiogram.dispatcher - WARNING - Sleep for 5.134967 seconds and try again... (tryings = 17, bot id = 8589419100)
2025-12-17 00:33:27,871 - aiogram.dispatcher - ERROR - Failed to fetch updates - TelegramConflictError: Telegram server says - Conflict: terminated by other getUpdates request; make sure that only one bot instance is running
2025-12-17 00:33:27,871 - aiogram.dispatcher - ERROR - Failed to fetch updates - TelegramConflictError: Telegram server says - Conflict: terminated by other getUpdates request; make sure that only one bot instance is running
2025-12-17 00:33:27,871 - aiogram.dispatcher - WARNING - Sleep for 4.850348 seconds and try again... (tryings = 17, bot id = 8589419100)
2025-12-17 00:33:27,871 - aiogram.dispatcher - WARNING - Sleep for 4.850348 seconds and try again... (tryings = 17, bot id = 8589419100)
2025-12-17 00:33:32,799 - aiogram.dispatcher - ERROR - Failed to fetch updates - TelegramConflictError: Telegram server says - Conflict: terminated by other getUpdates request; make sure that only one bot instance is running
2025-12-17 00:33:32,799 - aiogram.dispatcher - ERROR - Failed to fetch updates - TelegramConflictError: Telegram server says - Conflict: terminated by other getUpdates request; make sure that only one bot instance is running
2025-12-17 00:33:32,800 - aiogram.dispatcher - WARNING - Sleep for 5.102250 seconds and try again... (tryings = 18, bot id = 8589419100)
2025-12-17 00:33:32,800 - aiogram.dispatcher - WARNING - Sleep for 5.102250 seconds and try again... (tryings = 18, bot id = 8589419100)
2025-12-17 00:33:37,995 - aiogram.dispatcher - ERROR - Failed to fetch updates - TelegramConflictError: Telegram server says - Conflict: terminated by other getUpdates request; make sure that only one bot instance is running
2025-12-17 00:33:37,995 - aiogram.dispatcher - ERROR - Failed to fetch updates - TelegramConflictError: Telegram server says - Conflict: terminated by other getUpdates request; make sure that only one bot instance is running
2025-12-17 00:33:37,996 - aiogram.dispatcher - WARNING - Sleep for 5.041946 seconds and try again... (tryings = 18, bot id = 8589419100)
2025-12-17 00:33:37,996 - aiogram.dispatcher - WARNING - Sleep for 5.041946 seconds and try again... (tryings = 18, bot id = 8589419100)
2025-12-17 00:33:43,121 - aiogram.dispatcher - ERROR - Failed to fetch updates - TelegramConflictError: Telegram server says - Conflict: terminated by other getUpdates request; make sure that only one bot instance is running
2025-12-17 00:33:43,121 - aiogram.dispatcher - ERROR - Failed to fetch updates - TelegramConflictError: Telegram server says - Conflict: terminated by other getUpdates request; make sure that only one bot instance is running
2025-12-17 00:33:43,121 - aiogram.dispatcher - WARNING - Sleep for 4.970333 seconds and try again... (tryings = 19, bot id = 8589419100)
2025-12-17 00:33:43,121 - aiogram.dispatcher - WARNING - Sleep for 4.970333 seconds and try again... (tryings = 19, bot id = 8589419100)
2025-12-17 00:33:48,180 - aiogram.dispatcher - ERROR - Failed to fetch updates - TelegramConflictError: Telegram server says - Conflict: terminated by other getUpdates request; make sure that only one bot instance is running
2025-12-17 00:33:48,180 - aiogram.dispatcher - ERROR - Failed to fetch updates - TelegramConflictError: Telegram server says - Conflict: terminated by other getUpdates request; make sure that only one bot instance is running
2025-12-17 00:33:48,180 - aiogram.dispatcher - WARNING - Sleep for 5.063604 seconds and try again... (tryings = 19, bot id = 8589419100)
2025-12-17 00:33:48,180 - aiogram.dispatcher - WARNING - Sleep for 5.063604 seconds and try again... (tryings = 19, bot id = 8589419100)
2025-12-17 00:33:53,324 - aiogram.dispatcher - ERROR - Failed to fetch updates - TelegramConflictError: Telegram server says - Conflict: terminated by other getUpdates request; make sure that only one bot instance is running
2025-12-17 00:33:53,324 - aiogram.dispatcher - ERROR - Failed to fetch updates - TelegramConflictError: Telegram server says - Conflict: terminated by other getUpdates request; make sure that only one bot instance is running
2025-12-17 00:33:53,325 - aiogram.dispatcher - WARNING - Sleep for 5.044730 seconds and try again... (tryings = 20, bot id = 8589419100)
2025-12-17 00:33:53,325 - aiogram.dispatcher - WARNING - Sleep for 5.044730 seconds and try again... (tryings = 20, bot id = 8589419100)
2025-12-17 00:33:58,455 - aiogram.dispatcher - ERROR - Failed to fetch updates - TelegramConflictError: Telegram server says - Conflict: terminated by other getUpdates request; make sure that only one bot instance is running
2025-12-17 00:33:58,455 - aiogram.dispatcher - ERROR - Failed to fetch updates - TelegramConflictError: Telegram server says - Conflict: terminated by other getUpdates request; make sure that only one bot instance is running
2025-12-17 00:33:58,457 - aiogram.dispatcher - WARNING - Sleep for 5.034863 seconds and try again... (tryings = 20, bot id = 8589419100)
2025-12-17 00:33:58,457 - aiogram.dispatcher - WARNING - Sleep for 5.034863 seconds and try again... (tryings = 20, bot id = 8589419100)
2025-12-17 00:34:08,455 - aiogram.dispatcher - INFO - Connection established (tryings = 21, bot id = 8589419100)
2025-12-17 00:34:08,455 - aiogram.dispatcher - INFO - Connection established (tryings = 21, bot id = 8589419100)
2025-12-17 00:34:22,458 - aiogram.dispatcher - ERROR - Failed to fetch updates - TelegramNetworkError: HTTP Client says - ServerDisconnectedError: Server disconnected
2025-12-17 00:34:22,458 - aiogram.dispatcher - ERROR - Failed to fetch updates - TelegramNetworkError: HTTP Client says - ServerDisconnectedError: Server disconnected
2025-12-17 00:34:22,459 - aiogram.dispatcher - WARNING - Sleep for 5.030262 seconds and try again... (tryings = 21, bot id = 8589419100)
2025-12-17 00:34:22,459 - aiogram.dispatcher - WARNING - Sleep for 5.030262 seconds and try again... (tryings = 21, bot id = 8589419100)
2025-12-17 00:34:27,406 - aiogram.dispatcher - ERROR - Failed to fetch updates - TelegramNetworkError: HTTP Client says - ServerDisconnectedError: Server disconnected
2025-12-17 00:34:27,406 - aiogram.dispatcher - ERROR - Failed to fetch updates - TelegramNetworkError: HTTP Client says - ServerDisconnectedError: Server disconnected
2025-12-17 00:34:27,407 - aiogram.dispatcher - WARNING - Sleep for 1.000000 seconds and try again... (tryings = 0, bot id = 8589419100)
2025-12-17 00:34:27,407 - aiogram.dispatcher - WARNING - Sleep for 1.000000 seconds and try again... (tryings = 0, bot id = 8589419100)
2025-12-17 00:34:37,825 - aiogram.dispatcher - INFO - Connection established (tryings = 22, bot id = 8589419100)
2025-12-17 00:34:37,825 - aiogram.dispatcher - INFO - Connection established (tryings = 22, bot id = 8589419100)
2025-12-17 00:34:47,891 - aiogram.dispatcher - ERROR - Failed to fetch updates - TelegramConflictError: Telegram server says - Conflict: terminated by other getUpdates request; make sure that only one bot instance is running
2025-12-17 00:34:47,891 - aiogram.dispatcher - ERROR - Failed to fetch updates - TelegramConflictError: Telegram server says - Conflict: terminated by other getUpdates request; make sure that only one bot instance is running
2025-12-17 00:34:47,892 - aiogram.dispatcher - WARNING - Sleep for 1.000000 seconds and try again... (tryings = 0, bot id = 8589419100)
2025-12-17 00:34:47,892 - aiogram.dispatcher - WARNING - Sleep for 1.000000 seconds and try again... (tryings = 0, bot id = 8589419100)
2025-12-17 00:34:51,974 - aiogram.dispatcher - ERROR - Failed to fetch updates - TelegramConflictError: Telegram server says - Conflict: terminated by other getUpdates request; make sure that only one bot instance is running
2025-12-17 00:34:51,974 - aiogram.dispatcher - ERROR - Failed to fetch updates - TelegramConflictError: Telegram server says - Conflict: terminated by other getUpdates request; make sure that only one bot instance is running
2025-12-17 00:34:51,975 - aiogram.dispatcher - WARNING - Sleep for 1.172964 seconds and try again... (tryings = 1, bot id = 8589419100)
2025-12-17 00:34:51,975 - aiogram.dispatcher - WARNING - Sleep for 1.172964 seconds and try again... (tryings = 1, bot id = 8589419100)
2025-12-17 00:34:53,227 - aiogram.dispatcher - ERROR - Failed to fetch updates - TelegramConflictError: Telegram server says - Conflict: terminated by other getUpdates request; make sure that only one bot instance is running
2025-12-17 00:34:53,227 - aiogram.dispatcher - ERROR - Failed to fetch updates - TelegramConflictError: Telegram server says - Conflict: terminated by other getUpdates request; make sure that only one bot instance is running
2025-12-17 00:34:53,228 - aiogram.dispatcher - WARNING - Sleep for 1.228934 seconds and try again... (tryings = 1, bot id = 8589419100)
2025-12-17 00:34:53,228 - aiogram.dispatcher - WARNING - Sleep for 1.228934 seconds and try again... (tryings = 1, bot id = 8589419100)
2025-12-17 00:34:57,534 - aiogram.dispatcher - ERROR - Failed to fetch updates - TelegramConflictError: Telegram server says - Conflict: terminated by other getUpdates request; make sure that only one bot instance is running
2025-12-17 00:34:57,534 - aiogram.dispatcher - ERROR - Failed to fetch updates - TelegramConflictError: Telegram server says - Conflict: terminated by other getUpdates request; make sure that only one bot instance is running
2025-12-17 00:34:57,536 - aiogram.dispatcher - WARNING - Sleep for 1.517524 seconds and try again... (tryings = 2, bot id = 8589419100)
2025-12-17 00:34:57,536 - aiogram.dispatcher - WARNING - Sleep for 1.517524 seconds and try again... (tryings = 2, bot id = 8589419100)
2025-12-17 00:34:59,131 - aiogram.dispatcher - ERROR - Failed to fetch updates - TelegramConflictError: Telegram server says - Conflict: terminated by other getUpdates request; make sure that only one bot instance is running
2025-12-17 00:34:59,131 - aiogram.dispatcher - ERROR - Failed to fetch updates - TelegramConflictError: Telegram server says - Conflict: terminated by other getUpdates request; make sure that only one bot instance is running
2025-12-17 00:34:59,132 - aiogram.dispatcher - WARNING - Sleep for 1.707765 seconds and try again... (tryings = 2, bot id = 8589419100)
2025-12-17 00:34:59,132 - aiogram.dispatcher - WARNING - Sleep for 1.707765 seconds and try again... (tryings = 2, bot id = 8589419100)
2025-12-17 00:35:03,942 - aiogram.dispatcher - ERROR - Failed to fetch updates - TelegramConflictError: Telegram server says - Conflict: terminated by other getUpdates request; make sure that only one bot instance is running
2025-12-17 00:35:03,942 - aiogram.dispatcher - ERROR - Failed to fetch updates - TelegramConflictError: Telegram server says - Conflict: terminated by other getUpdates request; make sure that only one bot instance is running
2025-12-17 00:35:03,943 - aiogram.dispatcher - WARNING - Sleep for 2.174472 seconds and try again... (tryings = 3, bot id = 8589419100)
2025-12-17 00:35:03,943 - aiogram.dispatcher - WARNING - Sleep for 2.174472 seconds and try again... (tryings = 3, bot id = 8589419100)
2025-12-17 00:35:06,191 - aiogram.dispatcher - ERROR - Failed to fetch updates - TelegramConflictError: Telegram server says - Conflict: terminated by other getUpdates request; make sure that only one bot instance is running
2025-12-17 00:35:06,191 - aiogram.dispatcher - ERROR - Failed to fetch updates - TelegramConflictError: Telegram server says - Conflict: terminated by other getUpdates request; make sure that only one bot instance is running
2025-12-17 00:35:06,192 - aiogram.dispatcher - WARNING - Sleep for 2.183499 seconds and try again... (tryings = 3, bot id = 8589419100)
2025-12-17 00:35:06,192 - aiogram.dispatcher - WARNING - Sleep for 2.183499 seconds and try again... (tryings = 3, bot id = 8589419100)
2025-12-17 00:35:11,461 - aiogram.dispatcher - ERROR - Failed to fetch updates - TelegramConflictError: Telegram server says - Conflict: terminated by other getUpdates request; make sure that only one bot instance is running
2025-12-17 00:35:11,461 - aiogram.dispatcher - ERROR - Failed to fetch updates - TelegramConflictError: Telegram server says - Conflict: terminated by other getUpdates request; make sure that only one bot instance is running
2025-12-17 00:35:11,462 - aiogram.dispatcher - WARNING - Sleep for 2.848776 seconds and try again... (tryings = 4, bot id = 8589419100)
2025-12-17 00:35:11,462 - aiogram.dispatcher - WARNING - Sleep for 2.848776 seconds and try again... (tryings = 4, bot id = 8589419100)
2025-12-17 00:35:14,393 - aiogram.dispatcher - ERROR - Failed to fetch updates - TelegramConflictError: Telegram server says - Conflict: terminated by other getUpdates request; make sure that only one bot instance is running
2025-12-17 00:35:14,393 - aiogram.dispatcher - ERROR - Failed to fetch updates - TelegramConflictError: Telegram server says - Conflict: terminated by other getUpdates request; make sure that only one bot instance is running
2025-12-17 00:35:14,393 - aiogram.dispatcher - WARNING - Sleep for 2.673278 seconds and try again... (tryings = 4, bot id = 8589419100)
2025-12-17 00:35:14,393 - aiogram.dispatcher - WARNING - Sleep for 2.673278 seconds and try again... (tryings = 4, bot id = 8589419100)
2025-12-17 00:35:20,147 - aiogram.dispatcher - ERROR - Failed to fetch updates - TelegramConflictError: Telegram server says - Conflict: terminated by other getUpdates request; make sure that only one bot instance is running
2025-12-17 00:35:20,147 - aiogram.dispatcher - ERROR - Failed to fetch updates - TelegramConflictError: Telegram server says - Conflict: terminated by other getUpdates request; make sure that only one bot instance is running
2025-12-17 00:35:20,148 - aiogram.dispatcher - WARNING - Sleep for 3.660169 seconds and try again... (tryings = 5, bot id = 8589419100)
2025-12-17 00:35:20,148 - aiogram.dispatcher - WARNING - Sleep for 3.660169 seconds and try again... (tryings = 5, bot id = 8589419100)
2025-12-17 00:35:23,889 - aiogram.dispatcher - ERROR - Failed to fetch updates - TelegramConflictError: Telegram server says - Conflict: terminated by other getUpdates request; make sure that only one bot instance is running
2025-12-17 00:35:23,889 - aiogram.dispatcher - ERROR - Failed to fetch updates - TelegramConflictError: Telegram server says - Conflict: terminated by other getUpdates request; make sure that only one bot instance is running
2025-12-17 00:35:23,890 - aiogram.dispatcher - WARNING - Sleep for 3.365434 seconds and try again... (tryings = 5, bot id = 8589419100)
2025-12-17 00:35:23,890 - aiogram.dispatcher - WARNING - Sleep for 3.365434 seconds and try again... (tryings = 5, bot id = 8589419100)
2025-12-17 00:35:27,335 - aiogram.dispatcher - ERROR - Failed to fetch updates - TelegramConflictError: Telegram server says - Conflict: terminated by other getUpdates request; make sure that only one bot instance is running
2025-12-17 00:35:27,335 - aiogram.dispatcher - ERROR - Failed to fetch updates - TelegramConflictError: Telegram server says - Conflict: terminated by other getUpdates request; make sure that only one bot instance is running
2025-12-17 00:35:27,337 - aiogram.dispatcher - WARNING - Sleep for 4.889968 seconds and try again... (tryings = 6, bot id = 8589419100)
2025-12-17 00:35:27,337 - aiogram.dispatcher - WARNING - Sleep for 4.889968 seconds and try again... (tryings = 6, bot id = 8589419100)
2025-12-17 00:35:32,306 - aiogram.dispatcher - ERROR - Failed to fetch updates - TelegramConflictError: Telegram server says - Conflict: terminated by other getUpdates request; make sure that only one bot instance is running
2025-12-17 00:35:32,306 - aiogram.dispatcher - ERROR - Failed to fetch updates - TelegramConflictError: Telegram server says - Conflict: terminated by other getUpdates request; make sure that only one bot instance is running
2025-12-17 00:35:32,307 - aiogram.dispatcher - WARNING - Sleep for 4.366382 seconds and try again... (tryings = 6, bot id = 8589419100)
2025-12-17 00:35:32,307 - aiogram.dispatcher - WARNING - Sleep for 4.366382 seconds and try again... (tryings = 6, bot id = 8589419100)
2025-12-17 00:35:36,747 - aiogram.dispatcher - ERROR - Failed to fetch updates - TelegramConflictError: Telegram server says - Conflict: terminated by other getUpdates request; make sure that only one bot instance is running
2025-12-17 00:35:36,747 - aiogram.dispatcher - ERROR - Failed to fetch updates - TelegramConflictError: Telegram server says - Conflict: terminated by other getUpdates request; make sure that only one bot instance is running
2025-12-17 00:35:36,748 - aiogram.dispatcher - WARNING - Sleep for 4.936266 seconds and try again... (tryings = 7, bot id = 8589419100)
2025-12-17 00:35:36,748 - aiogram.dispatcher - WARNING - Sleep for 4.936266 seconds and try again... (tryings = 7, bot id = 8589419100)
2025-12-17 00:35:41,770 - aiogram.dispatcher - ERROR - Failed to fetch updates - TelegramConflictError: Telegram server says - Conflict: terminated by other getUpdates request; make sure that only one bot instance is running
2025-12-17 00:35:41,770 - aiogram.dispatcher - ERROR - Failed to fetch updates - TelegramConflictError: Telegram server says - Conflict: terminated by other getUpdates request; make sure that only one bot instance is running
2025-12-17 00:35:41,771 - aiogram.dispatcher - WARNING - Sleep for 4.971317 seconds and try again... (tryings = 7, bot id = 8589419100)
2025-12-17 00:35:41,771 - aiogram.dispatcher - WARNING - Sleep for 4.971317 seconds and try again... (tryings = 7, bot id = 8589419100)
2025-12-17 00:35:46,827 - aiogram.dispatcher - ERROR - Failed to fetch updates - TelegramConflictError: Telegram server says - Conflict: terminated by other getUpdates request; make sure that only one bot instance is running
2025-12-17 00:35:46,827 - aiogram.dispatcher - ERROR - Failed to fetch updates - TelegramConflictError: Telegram server says - Conflict: terminated by other getUpdates request; make sure that only one bot instance is running
2025-12-17 00:35:46,828 - aiogram.dispatcher - WARNING - Sleep for 5.058445 seconds and try again... (tryings = 8, bot id = 8589419100)
2025-12-17 00:35:46,828 - aiogram.dispatcher - WARNING - Sleep for 5.058445 seconds and try again... (tryings = 8, bot id = 8589419100)
2025-12-17 00:35:51,965 - aiogram.dispatcher - ERROR - Failed to fetch updates - TelegramConflictError: Telegram server says - Conflict: terminated by other getUpdates request; make sure that only one bot instance is running
2025-12-17 00:35:51,965 - aiogram.dispatcher - ERROR - Failed to fetch updates - TelegramConflictError: Telegram server says - Conflict: terminated by other getUpdates request; make sure that only one bot instance is running
2025-12-17 00:35:51,966 - aiogram.dispatcher - WARNING - Sleep for 4.977609 seconds and try again... (tryings = 8, bot id = 8589419100)
2025-12-17 00:35:51,966 - aiogram.dispatcher - WARNING - Sleep for 4.977609 seconds and try again... (tryings = 8, bot id = 8589419100)
2025-12-17 00:35:57,022 - aiogram.dispatcher - ERROR - Failed to fetch updates - TelegramConflictError: Telegram server says - Conflict: terminated by other getUpdates request; make sure that only one bot instance is running
2025-12-17 00:35:57,022 - aiogram.dispatcher - ERROR - Failed to fetch updates - TelegramConflictError: Telegram server says - Conflict: terminated by other getUpdates request; make sure that only one bot instance is running
2025-12-17 00:35:57,023 - aiogram.dispatcher - WARNING - Sleep for 4.952119 seconds and try again... (tryings = 9, bot id = 8589419100)
2025-12-17 00:35:57,023 - aiogram.dispatcher - WARNING - Sleep for 4.952119 seconds and try again... (tryings = 9, bot id = 8589419100)
2025-12-17 00:36:02,059 - aiogram.dispatcher - ERROR - Failed to fetch updates - TelegramConflictError: Telegram server says - Conflict: terminated by other getUpdates request; make sure that only one bot instance is running
2025-12-17 00:36:02,059 - aiogram.dispatcher - ERROR - Failed to fetch updates - TelegramConflictError: Telegram server says - Conflict: terminated by other getUpdates request; make sure that only one bot instance is running
2025-12-17 00:36:02,060 - aiogram.dispatcher - WARNING - Sleep for 4.991764 seconds and try again... (tryings = 9, bot id = 8589419100)
2025-12-17 00:36:02,060 - aiogram.dispatcher - WARNING - Sleep for 4.991764 seconds and try again... (tryings = 9, bot id = 8589419100)
2025-12-17 00:36:07,129 - aiogram.dispatcher - ERROR - Failed to fetch updates - TelegramConflictError: Telegram server says - Conflict: terminated by other getUpdates request; make sure that only one bot instance is running
2025-12-17 00:36:07,129 - aiogram.dispatcher - ERROR - Failed to fetch updates - TelegramConflictError: Telegram server says - Conflict: terminated by other getUpdates request; make sure that only one bot instance is running
2025-12-17 00:36:07,130 - aiogram.dispatcher - WARNING - Sleep for 4.814567 seconds and try again... (tryings = 10, bot id = 8589419100)
2025-12-17 00:36:07,130 - aiogram.dispatcher - WARNING - Sleep for 4.814567 seconds and try again... (tryings = 10, bot id = 8589419100)
2025-12-17 00:36:12,026 - aiogram.dispatcher - ERROR - Failed to fetch updates - TelegramConflictError: Telegram server says - Conflict: terminated by other getUpdates request; make sure that only one bot instance is running
2025-12-17 00:36:12,026 - aiogram.dispatcher - ERROR - Failed to fetch updates - TelegramConflictError: Telegram server says - Conflict: terminated by other getUpdates request; make sure that only one bot instance is running
2025-12-17 00:36:12,027 - aiogram.dispatcher - WARNING - Sleep for 4.902483 seconds and try again... (tryings = 10, bot id = 8589419100)
2025-12-17 00:36:12,027 - aiogram.dispatcher - WARNING - Sleep for 4.902483 seconds and try again... (tryings = 10, bot id = 8589419100)
2025-12-17 00:36:17,019 - aiogram.dispatcher - ERROR - Failed to fetch updates - TelegramConflictError: Telegram server says - Conflict: terminated by other getUpdates request; make sure that only one bot instance is running
2025-12-17 00:36:17,019 - aiogram.dispatcher - ERROR - Failed to fetch updates - TelegramConflictError: Telegram server says - Conflict: terminated by other getUpdates request; make sure that only one bot instance is running
2025-12-17 00:36:17,021 - aiogram.dispatcher - WARNING - Sleep for 5.123346 seconds and try again... (tryings = 11, bot id = 8589419100)
2025-12-17 00:36:17,021 - aiogram.dispatcher - WARNING - Sleep for 5.123346 seconds and try again... (tryings = 11, bot id = 8589419100)
2025-12-17 00:36:22,225 - aiogram.dispatcher - ERROR - Failed to fetch updates - TelegramConflictError: Telegram server says - Conflict: terminated by other getUpdates request; make sure that only one bot instance is running
2025-12-17 00:36:22,225 - aiogram.dispatcher - ERROR - Failed to fetch updates - TelegramConflictError: Telegram server says - Conflict: terminated by other getUpdates request; make sure that only one bot instance is running
2025-12-17 00:36:22,225 - aiogram.dispatcher - WARNING - Sleep for 5.075168 seconds and try again... (tryings = 11, bot id = 8589419100)
2025-12-17 00:36:22,225 - aiogram.dispatcher - WARNING - Sleep for 5.075168 seconds and try again... (tryings = 11, bot id = 8589419100)
2025-12-17 00:36:27,387 - aiogram.dispatcher - ERROR - Failed to fetch updates - TelegramConflictError: Telegram server says - Conflict: terminated by other getUpdates request; make sure that only one bot instance is running
2025-12-17 00:36:27,387 - aiogram.dispatcher - ERROR - Failed to fetch updates - TelegramConflictError: Telegram server says - Conflict: terminated by other getUpdates request; make sure that only one bot instance is running
2025-12-17 00:36:27,389 - aiogram.dispatcher - WARNING - Sleep for 4.883293 seconds and try again... (tryings = 12, bot id = 8589419100)
2025-12-17 00:36:27,389 - aiogram.dispatcher - WARNING - Sleep for 4.883293 seconds and try again... (tryings = 12, bot id = 8589419100)
2025-12-17 00:36:32,354 - aiogram.dispatcher - ERROR - Failed to fetch updates - TelegramConflictError: Telegram server says - Conflict: terminated by other getUpdates request; make sure that only one bot instance is running
2025-12-17 00:36:32,354 - aiogram.dispatcher - ERROR - Failed to fetch updates - TelegramConflictError: Telegram server says - Conflict: terminated by other getUpdates request; make sure that only one bot instance is running
2025-12-17 00:36:32,355 - aiogram.dispatcher - WARNING - Sleep for 5.017716 seconds and try again... (tryings = 12, bot id = 8589419100)
2025-12-17 00:36:32,355 - aiogram.dispatcher - WARNING - Sleep for 5.017716 seconds and try again... (tryings = 12, bot id = 8589419100)
2025-12-17 00:36:37,447 - aiogram.dispatcher - ERROR - Failed to fetch updates - TelegramConflictError: Telegram server says - Conflict: terminated by other getUpdates request; make sure that only one bot instance is running
2025-12-17 00:36:37,447 - aiogram.dispatcher - ERROR - Failed to fetch updates - TelegramConflictError: Telegram server says - Conflict: terminated by other getUpdates request; make sure that only one bot instance is running
2025-12-17 00:36:37,448 - aiogram.dispatcher - WARNING - Sleep for 4.853032 seconds and try again... (tryings = 13, bot id = 8589419100)
2025-12-17 00:36:37,448 - aiogram.dispatcher - WARNING - Sleep for 4.853032 seconds and try again... (tryings = 13, bot id = 8589419100)
2025-12-17 00:36:42,385 - aiogram.dispatcher - ERROR - Failed to fetch updates - TelegramConflictError: Telegram server says - Conflict: terminated by other getUpdates request; make sure that only one bot instance is running
2025-12-17 00:36:42,385 - aiogram.dispatcher - ERROR - Failed to fetch updates - TelegramConflictError: Telegram server says - Conflict: terminated by other getUpdates request; make sure that only one bot instance is running
2025-12-17 00:36:42,385 - aiogram.dispatcher - WARNING - Sleep for 5.034887 seconds and try again... (tryings = 13, bot id = 8589419100)
2025-12-17 00:36:42,385 - aiogram.dispatcher - WARNING - Sleep for 5.034887 seconds and try again... (tryings = 13, bot id = 8589419100)
2025-12-17 00:36:47,516 - aiogram.dispatcher - ERROR - Failed to fetch updates - TelegramConflictError: Telegram server says - Conflict: terminated by other getUpdates request; make sure that only one bot instance is running
2025-12-17 00:36:47,516 - aiogram.dispatcher - ERROR - Failed to fetch updates - TelegramConflictError: Telegram server says - Conflict: terminated by other getUpdates request; make sure that only one bot instance is running
2025-12-17 00:36:47,516 - aiogram.dispatcher - WARNING - Sleep for 4.957983 seconds and try again... (tryings = 14, bot id = 8589419100)
2025-12-17 00:36:47,516 - aiogram.dispatcher - WARNING - Sleep for 4.957983 seconds and try again... (tryings = 14, bot id = 8589419100)
2025-12-17 00:36:52,561 - aiogram.dispatcher - ERROR - Failed to fetch updates - TelegramConflictError: Telegram server says - Conflict: terminated by other getUpdates request; make sure that only one bot instance is running
2025-12-17 00:36:52,561 - aiogram.dispatcher - ERROR - Failed to fetch updates - TelegramConflictError: Telegram server says - Conflict: terminated by other getUpdates request; make sure that only one bot instance is running
2025-12-17 00:36:52,562 - aiogram.dispatcher - WARNING - Sleep for 5.032786 seconds and try again... (tryings = 14, bot id = 8589419100)
2025-12-17 00:36:52,562 - aiogram.dispatcher - WARNING - Sleep for 5.032786 seconds and try again... (tryings = 14, bot id = 8589419100)
2025-12-17 00:36:57,675 - aiogram.dispatcher - ERROR - Failed to fetch updates - TelegramConflictError: Telegram server says - Conflict: terminated by other getUpdates request; make sure that only one bot instance is running
2025-12-17 00:36:57,675 - aiogram.dispatcher - ERROR - Failed to fetch updates - TelegramConflictError: Telegram server says - Conflict: terminated by other getUpdates request; make sure that only one bot instance is running
2025-12-17 00:36:57,675 - aiogram.dispatcher - WARNING - Sleep for 4.989282 seconds and try again... (tryings = 15, bot id = 8589419100)
2025-12-17 00:36:57,675 - aiogram.dispatcher - WARNING - Sleep for 4.989282 seconds and try again... (tryings = 15, bot id = 8589419100)
2025-12-17 00:37:02,744 - aiogram.dispatcher - ERROR - Failed to fetch updates - TelegramConflictError: Telegram server says - Conflict: terminated by other getUpdates request; make sure that only one bot instance is running
2025-12-17 00:37:02,744 - aiogram.dispatcher - ERROR - Failed to fetch updates - TelegramConflictError: Telegram server says - Conflict: terminated by other getUpdates request; make sure that only one bot instance is running
2025-12-17 00:37:02,745 - aiogram.dispatcher - WARNING - Sleep for 5.081921 seconds and try again... (tryings = 15, bot id = 8589419100)
2025-12-17 00:37:02,745 - aiogram.dispatcher - WARNING - Sleep for 5.081921 seconds and try again... (tryings = 15, bot id = 8589419100)
2025-12-17 00:37:07,917 - aiogram.dispatcher - ERROR - Failed to fetch updates - TelegramConflictError: Telegram server says - Conflict: terminated by other getUpdates request; make sure that only one bot instance is running
2025-12-17 00:37:07,917 - aiogram.dispatcher - ERROR - Failed to fetch updates - TelegramConflictError: Telegram server says - Conflict: terminated by other getUpdates request; make sure that only one bot instance is running
2025-12-17 00:37:07,917 - aiogram.dispatcher - WARNING - Sleep for 4.968951 seconds and try again... (tryings = 16, bot id = 8589419100)
2025-12-17 00:37:07,917 - aiogram.dispatcher - WARNING - Sleep for 4.968951 seconds and try again... (tryings = 16, bot id = 8589419100)
2025-12-17 00:37:12,969 - aiogram.dispatcher - ERROR - Failed to fetch updates - TelegramConflictError: Telegram server says - Conflict: terminated by other getUpdates request; make sure that only one bot instance is running
2025-12-17 00:37:12,969 - aiogram.dispatcher - ERROR - Failed to fetch updates - TelegramConflictError: Telegram server says - Conflict: terminated by other getUpdates request; make sure that only one bot instance is running
2025-12-17 00:37:12,970 - aiogram.dispatcher - WARNING - Sleep for 5.100051 seconds and try again... (tryings = 16, bot id = 8589419100)
2025-12-17 00:37:12,970 - aiogram.dispatcher - WARNING - Sleep for 5.100051 seconds and try again... (tryings = 16, bot id = 8589419100)
2025-12-17 00:37:18,152 - aiogram.dispatcher - ERROR - Failed to fetch updates - TelegramConflictError: Telegram server says - Conflict: terminated by other getUpdates request; make sure that only one bot instance is running
2025-12-17 00:37:18,152 - aiogram.dispatcher - ERROR - Failed to fetch updates - TelegramConflictError: Telegram server says - Conflict: terminated by other getUpdates request; make sure that only one bot instance is running
2025-12-17 00:37:18,154 - aiogram.dispatcher - WARNING - Sleep for 5.103882 seconds and try again... (tryings = 17, bot id = 8589419100)
2025-12-17 00:37:18,154 - aiogram.dispatcher - WARNING - Sleep for 5.103882 seconds and try again... (tryings = 17, bot id = 8589419100)
2025-12-17 00:37:23,099 - aiogram.dispatcher - INFO - Connection established (tryings = 17, bot id = 8589419100)
2025-12-17 00:37:23,099 - aiogram.dispatcher - INFO - Connection established (tryings = 17, bot id = 8589419100)
2025-12-17 00:37:23,334 - aiogram.dispatcher - ERROR - Failed to fetch updates - TelegramConflictError: Telegram server says - Conflict: terminated by other getUpdates request; make sure that only one bot instance is running
2025-12-17 00:37:23,334 - aiogram.dispatcher - ERROR - Failed to fetch updates - TelegramConflictError: Telegram server says - Conflict: terminated by other getUpdates request; make sure that only one bot instance is running
2025-12-17 00:37:23,335 - aiogram.dispatcher - WARNING - Sleep for 1.000000 seconds and try again... (tryings = 0, bot id = 8589419100)
2025-12-17 00:37:23,335 - aiogram.dispatcher - WARNING - Sleep for 1.000000 seconds and try again... (tryings = 0, bot id = 8589419100)
2025-12-17 00:37:23,473 - src.bot.middleware.logging_middleware - INFO - Handler completed successfully
2025-12-17 00:37:23,473 - src.bot.middleware.logging_middleware - INFO - Handler completed successfully
2025-12-17 00:37:23,474 - aiogram.event - INFO - Update id=873021288 is handled. Duration 375 ms by bot id=8589419100
2025-12-17 00:37:23,474 - aiogram.event - INFO - Update id=873021288 is handled. Duration 375 ms by bot id=8589419100
2025-12-17 00:37:27,431 - aiogram.dispatcher - ERROR - Failed to fetch updates - TelegramConflictError: Telegram server says - Conflict: terminated by other getUpdates request; make sure that only one bot instance is running
2025-12-17 00:37:27,431 - aiogram.dispatcher - ERROR - Failed to fetch updates - TelegramConflictError: Telegram server says - Conflict: terminated by other getUpdates request; make sure that only one bot instance is running
2025-12-17 00:37:27,432 - aiogram.dispatcher - WARNING - Sleep for 5.030640 seconds and try again... (tryings = 18, bot id = 8589419100)
2025-12-17 00:37:27,432 - aiogram.dispatcher - WARNING - Sleep for 5.030640 seconds and try again... (tryings = 18, bot id = 8589419100)
2025-12-17 00:37:32,540 - aiogram.dispatcher - ERROR - Failed to fetch updates - TelegramConflictError: Telegram server says - Conflict: terminated by other getUpdates request; make sure that only one bot instance is running
2025-12-17 00:37:32,540 - aiogram.dispatcher - ERROR - Failed to fetch updates - TelegramConflictError: Telegram server says - Conflict: terminated by other getUpdates request; make sure that only one bot instance is running
2025-12-17 00:37:32,541 - aiogram.dispatcher - WARNING - Sleep for 1.472570 seconds and try again... (tryings = 1, bot id = 8589419100)
2025-12-17 00:37:32,541 - aiogram.dispatcher - WARNING - Sleep for 1.472570 seconds and try again... (tryings = 1, bot id = 8589419100)
2025-12-17 00:37:37,091 - aiogram.dispatcher - ERROR - Failed to fetch updates - TelegramConflictError: Telegram server says - Conflict: terminated by other getUpdates request; make sure that only one bot instance is running
2025-12-17 00:37:37,091 - aiogram.dispatcher - ERROR - Failed to fetch updates - TelegramConflictError: Telegram server says - Conflict: terminated by other getUpdates request; make sure that only one bot instance is running
2025-12-17 00:37:37,091 - aiogram.dispatcher - WARNING - Sleep for 5.068702 seconds and try again... (tryings = 19, bot id = 8589419100)
2025-12-17 00:37:37,091 - aiogram.dispatcher - WARNING - Sleep for 5.068702 seconds and try again... (tryings = 19, bot id = 8589419100)
2025-12-17 00:37:42,233 - aiogram.dispatcher - ERROR - Failed to fetch updates - TelegramConflictError: Telegram server says - Conflict: terminated by other getUpdates request; make sure that only one bot instance is running
2025-12-17 00:37:42,233 - aiogram.dispatcher - ERROR - Failed to fetch updates - TelegramConflictError: Telegram server says - Conflict: terminated by other getUpdates request; make sure that only one bot instance is running
2025-12-17 00:37:42,234 - aiogram.dispatcher - WARNING - Sleep for 2.003247 seconds and try again... (tryings = 2, bot id = 8589419100)
2025-12-17 00:37:42,234 - aiogram.dispatcher - WARNING - Sleep for 2.003247 seconds and try again... (tryings = 2, bot id = 8589419100)
2025-12-17 00:37:47,323 - aiogram.dispatcher - ERROR - Failed to fetch updates - TelegramConflictError: Telegram server says - Conflict: terminated by other getUpdates request; make sure that only one bot instance is running
2025-12-17 00:37:47,323 - aiogram.dispatcher - ERROR - Failed to fetch updates - TelegramConflictError: Telegram server says - Conflict: terminated by other getUpdates request; make sure that only one bot instance is running
2025-12-17 00:37:47,324 - aiogram.dispatcher - WARNING - Sleep for 5.099065 seconds and try again... (tryings = 20, bot id = 8589419100)
2025-12-17 00:37:47,324 - aiogram.dispatcher - WARNING - Sleep for 5.099065 seconds and try again... (tryings = 20, bot id = 8589419100)
2025-12-17 00:37:52,497 - aiogram.dispatcher - ERROR - Failed to fetch updates - TelegramConflictError: Telegram server says - Conflict: terminated by other getUpdates request; make sure that only one bot instance is running
2025-12-17 00:37:52,497 - aiogram.dispatcher - ERROR - Failed to fetch updates - TelegramConflictError: Telegram server says - Conflict: terminated by other getUpdates request; make sure that only one bot instance is running
2025-12-17 00:37:52,498 - aiogram.dispatcher - WARNING - Sleep for 2.475465 seconds and try again... (tryings = 3, bot id = 8589419100)
2025-12-17 00:37:52,498 - aiogram.dispatcher - WARNING - Sleep for 2.475465 seconds and try again... (tryings = 3, bot id = 8589419100)
2025-12-17 00:37:58,045 - aiogram.dispatcher - ERROR - Failed to fetch updates - TelegramConflictError: Telegram server says - Conflict: terminated by other getUpdates request; make sure that only one bot instance is running
2025-12-17 00:37:58,045 - aiogram.dispatcher - ERROR - Failed to fetch updates - TelegramConflictError: Telegram server says - Conflict: terminated by other getUpdates request; make sure that only one bot instance is running
2025-12-17 00:37:58,046 - aiogram.dispatcher - WARNING - Sleep for 4.994193 seconds and try again... (tryings = 21, bot id = 8589419100)
2025-12-17 00:37:58,046 - aiogram.dispatcher - WARNING - Sleep for 4.994193 seconds and try again... (tryings = 21, bot id = 8589419100)
2025-12-17 00:38:03,119 - aiogram.dispatcher - ERROR - Failed to fetch updates - TelegramConflictError: Telegram server says - Conflict: terminated by other getUpdates request; make sure that only one bot instance is running
2025-12-17 00:38:03,119 - aiogram.dispatcher - ERROR - Failed to fetch updates - TelegramConflictError: Telegram server says - Conflict: terminated by other getUpdates request; make sure that only one bot instance is running
2025-12-17 00:38:03,119 - aiogram.dispatcher - WARNING - Sleep for 3.126258 seconds and try again... (tryings = 4, bot id = 8589419100)
2025-12-17 00:38:03,119 - aiogram.dispatcher - WARNING - Sleep for 3.126258 seconds and try again... (tryings = 4, bot id = 8589419100)
2025-12-17 00:38:06,324 - aiogram.dispatcher - ERROR - Failed to fetch updates - TelegramConflictError: Telegram server says - Conflict: terminated by other getUpdates request; make sure that only one bot instance is running
2025-12-17 00:38:06,324 - aiogram.dispatcher - ERROR - Failed to fetch updates - TelegramConflictError: Telegram server says - Conflict: terminated by other getUpdates request; make sure that only one bot instance is running
2025-12-17 00:38:06,325 - aiogram.dispatcher - WARNING - Sleep for 4.843139 seconds and try again... (tryings = 22, bot id = 8589419100)
2025-12-17 00:38:06,325 - aiogram.dispatcher - WARNING - Sleep for 4.843139 seconds and try again... (tryings = 22, bot id = 8589419100)
2025-12-17 00:38:11,250 - aiogram.dispatcher - ERROR - Failed to fetch updates - TelegramConflictError: Telegram server says - Conflict: terminated by other getUpdates request; make sure that only one bot instance is running
2025-12-17 00:38:11,250 - aiogram.dispatcher - ERROR - Failed to fetch updates - TelegramConflictError: Telegram server says - Conflict: terminated by other getUpdates request; make sure that only one bot instance is running
2025-12-17 00:38:11,251 - aiogram.dispatcher - WARNING - Sleep for 4.078214 seconds and try again... (tryings = 5, bot id = 8589419100)
2025-12-17 00:38:11,251 - aiogram.dispatcher - WARNING - Sleep for 4.078214 seconds and try again... (tryings = 5, bot id = 8589419100)
2025-12-17 00:38:15,404 - aiogram.dispatcher - ERROR - Failed to fetch updates - TelegramConflictError: Telegram server says - Conflict: terminated by other getUpdates request; make sure that only one bot instance is running
2025-12-17 00:38:15,404 - aiogram.dispatcher - ERROR - Failed to fetch updates - TelegramConflictError: Telegram server says - Conflict: terminated by other getUpdates request; make sure that only one bot instance is running
2025-12-17 00:38:15,406 - aiogram.dispatcher - WARNING - Sleep for 5.117249 seconds and try again... (tryings = 23, bot id = 8589419100)
2025-12-17 00:38:15,406 - aiogram.dispatcher - WARNING - Sleep for 5.117249 seconds and try again... (tryings = 23, bot id = 8589419100)
2025-12-17 00:38:20,595 - aiogram.dispatcher - ERROR - Failed to fetch updates - TelegramConflictError: Telegram server says - Conflict: terminated by other getUpdates request; make sure that only one bot instance is running
2025-12-17 00:38:20,595 - aiogram.dispatcher - ERROR - Failed to fetch updates - TelegramConflictError: Telegram server says - Conflict: terminated by other getUpdates request; make sure that only one bot instance is running
2025-12-17 00:38:20,596 - aiogram.dispatcher - WARNING - Sleep for 4.934335 seconds and try again... (tryings = 6, bot id = 8589419100)
2025-12-17 00:38:20,596 - aiogram.dispatcher - WARNING - Sleep for 4.934335 seconds and try again... (tryings = 6, bot id = 8589419100)
2025-12-17 00:38:25,613 - aiogram.dispatcher - ERROR - Failed to fetch updates - TelegramConflictError: Telegram server says - Conflict: terminated by other getUpdates request; make sure that only one bot instance is running
2025-12-17 00:38:25,613 - aiogram.dispatcher - ERROR - Failed to fetch updates - TelegramConflictError: Telegram server says - Conflict: terminated by other getUpdates request; make sure that only one bot instance is running
2025-12-17 00:38:25,613 - aiogram.dispatcher - WARNING - Sleep for 5.202201 seconds and try again... (tryings = 24, bot id = 8589419100)
2025-12-17 00:38:25,613 - aiogram.dispatcher - WARNING - Sleep for 5.202201 seconds and try again... (tryings = 24, bot id = 8589419100)
2025-12-17 00:38:30,902 - aiogram.dispatcher - ERROR - Failed to fetch updates - TelegramConflictError: Telegram server says - Conflict: terminated by other getUpdates request; make sure that only one bot instance is running
2025-12-17 00:38:30,902 - aiogram.dispatcher - ERROR - Failed to fetch updates - TelegramConflictError: Telegram server says - Conflict: terminated by other getUpdates request; make sure that only one bot instance is running
2025-12-17 00:38:30,902 - aiogram.dispatcher - WARNING - Sleep for 5.000978 seconds and try again... (tryings = 7, bot id = 8589419100)
2025-12-17 00:38:30,902 - aiogram.dispatcher - WARNING - Sleep for 5.000978 seconds and try again... (tryings = 7, bot id = 8589419100)
2025-12-17 00:38:35,982 - aiogram.dispatcher - ERROR - Failed to fetch updates - TelegramConflictError: Telegram server says - Conflict: terminated by other getUpdates request; make sure that only one bot instance is running
2025-12-17 00:38:35,982 - aiogram.dispatcher - ERROR - Failed to fetch updates - TelegramConflictError: Telegram server says - Conflict: terminated by other getUpdates request; make sure that only one bot instance is running
2025-12-17 00:38:35,984 - aiogram.dispatcher - WARNING - Sleep for 5.039775 seconds and try again... (tryings = 25, bot id = 8589419100)
2025-12-17 00:38:35,984 - aiogram.dispatcher - WARNING - Sleep for 5.039775 seconds and try again... (tryings = 25, bot id = 8589419100)
2025-12-17 00:38:39,725 - __main__ - INFO - {"event": "Starting Telegram Dispatcher Platform...", "logger": "__main__", "level": "info", "timestamp": "2025-12-16T21:38:39.725276Z"}
2025-12-17 00:38:39,725 - __main__ - INFO - {"event": "Starting Telegram Dispatcher Platform...", "logger": "__main__", "level": "info", "timestamp": "2025-12-16T21:38:39.725276Z"}
2025-12-17 00:38:40,388 - __main__ - INFO - {"event": "Bot commands menu set up successfully", "logger": "__main__", "level": "info", "timestamp": "2025-12-16T21:38:40.388170Z"}
2025-12-17 00:38:40,388 - __main__ - INFO - {"event": "Bot commands menu set up successfully", "logger": "__main__", "level": "info", "timestamp": "2025-12-16T21:38:40.388170Z"}
2025-12-17 00:38:40,607 - __main__ - INFO - {"event": "Bot started. Press Ctrl+C to stop.", "logger": "__main__", "level": "info", "timestamp": "2025-12-16T21:38:40.607343Z"}
2025-12-17 00:38:40,607 - __main__ - INFO - {"event": "Bot started. Press Ctrl+C to stop.", "logger": "__main__", "level": "info", "timestamp": "2025-12-16T21:38:40.607343Z"}
2025-12-17 00:38:40,608 - aiogram.dispatcher - INFO - Start polling
2025-12-17 00:38:40,608 - aiogram.dispatcher - INFO - Start polling
2025-12-17 00:38:40,681 - aiogram.dispatcher - INFO - Run polling for bot @disp_hunter_bot id=8589419100 - 'Disp_Hunter'
2025-12-17 00:38:40,681 - aiogram.dispatcher - INFO - Run polling for bot @disp_hunter_bot id=8589419100 - 'Disp_Hunter'
2025-12-17 00:38:54,961 - src.bot.middleware.logging_middleware - INFO - Callback received: order:input:voice from user 5782455721
2025-12-17 00:38:54,961 - src.bot.middleware.logging_middleware - INFO - Callback received: order:input:voice from user 5782455721
2025-12-17 00:38:55,382 - src.bot.middleware.logging_middleware - INFO - Handler completed successfully
2025-12-17 00:38:55,382 - src.bot.middleware.logging_middleware - INFO - Handler completed successfully
2025-12-17 00:38:55,383 - aiogram.event - INFO - Update id=873021289 is handled. Duration 421 ms by bot id=8589419100
2025-12-17 00:38:55,383 - aiogram.event - INFO - Update id=873021289 is handled. Duration 421 ms by bot id=8589419100
2025-12-17 00:39:03,369 - src.bot.handlers.order_handlers - ERROR - Error recognizing voice: object bytes can't be used in 'await' expression
Traceback (most recent call last):
  File "C:\Users\Play\Desktop\disp-tax\src\bot\handlers\order_handlers.py", line 240, in process_order_content
    voice_data = await voice_bytes.read()
                 ^^^^^^^^^^^^^^^^^^^^^^^^
TypeError: object bytes can't be used in 'await' expression
2025-12-17 00:39:03,369 - src.bot.handlers.order_handlers - ERROR - Error recognizing voice: object bytes can't be used in 'await' expression
Traceback (most recent call last):
  File "C:\Users\Play\Desktop\disp-tax\src\bot\handlers\order_handlers.py", line 240, in process_order_content
    voice_data = await voice_bytes.read()
                 ^^^^^^^^^^^^^^^^^^^^^^^^
TypeError: object bytes can't be used in 'await' expression
2025-12-17 00:39:03,469 - src.bot.middleware.logging_middleware - INFO - Handler completed successfully
2025-12-17 00:39:03,469 - src.bot.middleware.logging_middleware - INFO - Handler completed successfully
2025-12-17 00:39:03,470 - aiogram.event - INFO - Update id=873021290 is handled. Duration 563 ms by bot id=8589419100
2025-12-17 00:39:03,470 - aiogram.event - INFO - Update id=873021290 is handled. Duration 563 ms by bot id=8589419100
2025-12-17 00:39:52,303 - __main__ - INFO - {"event": "Starting Telegram Dispatcher Platform...", "logger": "__main__", "level": "info", "timestamp": "2025-12-16T21:39:52.303052Z"}
2025-12-17 00:39:52,303 - __main__ - INFO - {"event": "Starting Telegram Dispatcher Platform...", "logger": "__main__", "level": "info", "timestamp": "2025-12-16T21:39:52.303052Z"}
2025-12-17 00:39:52,808 - __main__ - INFO - {"event": "Bot commands menu set up successfully", "logger": "__main__", "level": "info", "timestamp": "2025-12-16T21:39:52.808021Z"}
2025-12-17 00:39:52,808 - __main__ - INFO - {"event": "Bot commands menu set up successfully", "logger": "__main__", "level": "info", "timestamp": "2025-12-16T21:39:52.808021Z"}
2025-12-17 00:39:53,028 - __main__ - INFO - {"event": "Bot started. Press Ctrl+C to stop.", "logger": "__main__", "level": "info", "timestamp": "2025-12-16T21:39:53.028157Z"}
2025-12-17 00:39:53,028 - __main__ - INFO - {"event": "Bot started. Press Ctrl+C to stop.", "logger": "__main__", "level": "info", "timestamp": "2025-12-16T21:39:53.028157Z"}
2025-12-17 00:39:53,028 - aiogram.dispatcher - INFO - Start polling
2025-12-17 00:39:53,028 - aiogram.dispatcher - INFO - Start polling
2025-12-17 00:39:53,107 - aiogram.dispatcher - INFO - Run polling for bot @disp_hunter_bot id=8589419100 - 'Disp_Hunter'
2025-12-17 00:39:53,107 - aiogram.dispatcher - INFO - Run polling for bot @disp_hunter_bot id=8589419100 - 'Disp_Hunter'
2025-12-17 00:39:56,484 - src.bot.middleware.logging_middleware - INFO - Handler completed successfully
2025-12-17 00:39:56,484 - src.bot.middleware.logging_middleware - INFO - Handler completed successfully
2025-12-17 00:39:56,485 - aiogram.event - INFO - Update id=873021291 is handled. Duration 375 ms by bot id=8589419100
2025-12-17 00:39:56,485 - aiogram.event - INFO - Update id=873021291 is handled. Duration 375 ms by bot id=8589419100
2025-12-17 00:39:57,536 - src.bot.middleware.logging_middleware - INFO - Callback received: order:input:voice from user 5782455721
2025-12-17 00:39:57,536 - src.bot.middleware.logging_middleware - INFO - Callback received: order:input:voice from user 5782455721
2025-12-17 00:39:57,724 - src.bot.middleware.logging_middleware - INFO - Handler completed successfully
2025-12-17 00:39:57,724 - src.bot.middleware.logging_middleware - INFO - Handler completed successfully
2025-12-17 00:39:57,725 - aiogram.event - INFO - Update id=873021292 is handled. Duration 188 ms by bot id=8589419100
2025-12-17 00:39:57,725 - aiogram.event - INFO - Update id=873021292 is handled. Duration 188 ms by bot id=8589419100
2025-12-17 00:40:05,342 - src.services.speech_recognition - ERROR - Error recognizing speech with OpenAI: a bytes-like object is required, not '_io.BytesIO'
2025-12-17 00:40:05,342 - src.services.speech_recognition - ERROR - Error recognizing speech with OpenAI: a bytes-like object is required, not '_io.BytesIO'
2025-12-17 00:40:05,342 - src.services.speech_recognition - WARNING - No speech recognition provider available
2025-12-17 00:40:05,342 - src.services.speech_recognition - WARNING - No speech recognition provider available
2025-12-17 00:40:05,450 - src.bot.middleware.logging_middleware - INFO - Handler completed successfully
2025-12-17 00:40:05,450 - src.bot.middleware.logging_middleware - INFO - Handler completed successfully
2025-12-17 00:40:05,451 - aiogram.event - INFO - Update id=873021293 is handled. Duration 563 ms by bot id=8589419100
2025-12-17 00:40:05,451 - aiogram.event - INFO - Update id=873021293 is handled. Duration 563 ms by bot id=8589419100
2025-12-17 00:40:53,437 - src.bot.middleware.logging_middleware - INFO - Handler completed successfully
2025-12-17 00:40:53,437 - src.bot.middleware.logging_middleware - INFO - Handler completed successfully
2025-12-17 00:40:53,438 - aiogram.event - INFO - Update id=873021294 is handled. Duration 109 ms by bot id=8589419100
2025-12-17 00:40:53,438 - aiogram.event - INFO - Update id=873021294 is handled. Duration 109 ms by bot id=8589419100
2025-12-17 00:41:01,719 - src.bot.handlers.order_handlers - ERROR - Error creating order: Cannot transition from draft to draft
Traceback (most recent call last):
  File "C:\Users\Play\Desktop\disp-tax\src\bot\handlers\order_handlers.py", line 289, in process_order_content
    content = message.text
            ^^^^^^^^^^^^^^
  File "C:\Users\Play\Desktop\disp-tax\src\services\order_service.py", line 47, in create_order
    await OrderFSM.transition(
  File "C:\Users\Play\Desktop\disp-tax\src\fsm\order_fsm.py", line 82, in transition
    raise OrderFSMError(
src.fsm.order_fsm.OrderFSMError: Cannot transition from draft to draft
2025-12-17 00:41:01,719 - src.bot.handlers.order_handlers - ERROR - Error creating order: Cannot transition from draft to draft
Traceback (most recent call last):
  File "C:\Users\Play\Desktop\disp-tax\src\bot\handlers\order_handlers.py", line 289, in process_order_content
    content = message.text
            ^^^^^^^^^^^^^^
  File "C:\Users\Play\Desktop\disp-tax\src\services\order_service.py", line 47, in create_order
    await OrderFSM.transition(
  File "C:\Users\Play\Desktop\disp-tax\src\fsm\order_fsm.py", line 82, in transition
    raise OrderFSMError(
src.fsm.order_fsm.OrderFSMError: Cannot transition from draft to draft
2025-12-17 00:41:01,897 - src.bot.middleware.logging_middleware - INFO - Handler completed successfully
2025-12-17 00:41:01,897 - src.bot.middleware.logging_middleware - INFO - Handler completed successfully
2025-12-17 00:41:01,898 - aiogram.event - INFO - Update id=873021295 is handled. Duration 218 ms by bot id=8589419100
2025-12-17 00:41:01,898 - aiogram.event - INFO - Update id=873021295 is handled. Duration 218 ms by bot id=8589419100
2025-12-17 00:41:04,963 - src.bot.middleware.logging_middleware - INFO - Callback received: back_to_menu from user 5782455721
2025-12-17 00:41:04,963 - src.bot.middleware.logging_middleware - INFO - Callback received: back_to_menu from user 5782455721
2025-12-17 00:41:05,140 - src.bot.middleware.logging_middleware - INFO - Handler completed successfully
2025-12-17 00:41:05,140 - src.bot.middleware.logging_middleware - INFO - Handler completed successfully
2025-12-17 00:41:05,140 - aiogram.event - INFO - Update id=873021296 is handled. Duration 171 ms by bot id=8589419100
2025-12-17 00:41:05,140 - aiogram.event - INFO - Update id=873021296 is handled. Duration 171 ms by bot id=8589419100
2025-12-17 00:41:05,904 - src.bot.handlers.order_handlers - ERROR - Error creating order: Cannot transition from draft to draft
Traceback (most recent call last):
  File "C:\Users\Play\Desktop\disp-tax\src\bot\handlers\order_handlers.py", line 289, in process_order_content
    content = message.text
            ^^^^^^^^^^^^^^
  File "C:\Users\Play\Desktop\disp-tax\src\services\order_service.py", line 47, in create_order
    await OrderFSM.transition(
  File "C:\Users\Play\Desktop\disp-tax\src\fsm\order_fsm.py", line 82, in transition
    raise OrderFSMError(
src.fsm.order_fsm.OrderFSMError: Cannot transition from draft to draft
2025-12-17 00:41:05,904 - src.bot.handlers.order_handlers - ERROR - Error creating order: Cannot transition from draft to draft
Traceback (most recent call last):
  File "C:\Users\Play\Desktop\disp-tax\src\bot\handlers\order_handlers.py", line 289, in process_order_content
    content = message.text
            ^^^^^^^^^^^^^^
  File "C:\Users\Play\Desktop\disp-tax\src\services\order_service.py", line 47, in create_order
    await OrderFSM.transition(
  File "C:\Users\Play\Desktop\disp-tax\src\fsm\order_fsm.py", line 82, in transition
    raise OrderFSMError(
src.fsm.order_fsm.OrderFSMError: Cannot transition from draft to draft
2025-12-17 00:41:05,997 - src.bot.middleware.logging_middleware - INFO - Handler completed successfully
2025-12-17 00:41:05,997 - src.bot.middleware.logging_middleware - INFO - Handler completed successfully
2025-12-17 00:41:05,998 - aiogram.event - INFO - Update id=873021297 is handled. Duration 108 ms by bot id=8589419100
2025-12-17 00:41:05,998 - aiogram.event - INFO - Update id=873021297 is handled. Duration 108 ms by bot id=8589419100
2025-12-17 00:41:16,448 - __main__ - INFO - {"event": "Starting Telegram Dispatcher Platform...", "logger": "__main__", "level": "info", "timestamp": "2025-12-16T21:41:16.448252Z"}
2025-12-17 00:41:16,448 - __main__ - INFO - {"event": "Starting Telegram Dispatcher Platform...", "logger": "__main__", "level": "info", "timestamp": "2025-12-16T21:41:16.448252Z"}
2025-12-17 00:41:17,089 - __main__ - INFO - {"event": "Bot commands menu set up successfully", "logger": "__main__", "level": "info", "timestamp": "2025-12-16T21:41:17.089640Z"}
2025-12-17 00:41:17,089 - __main__ - INFO - {"event": "Bot commands menu set up successfully", "logger": "__main__", "level": "info", "timestamp": "2025-12-16T21:41:17.089640Z"}
2025-12-17 00:41:17,316 - __main__ - INFO - {"event": "Bot started. Press Ctrl+C to stop.", "logger": "__main__", "level": "info", "timestamp": "2025-12-16T21:41:17.316438Z"}
2025-12-17 00:41:17,316 - __main__ - INFO - {"event": "Bot started. Press Ctrl+C to stop.", "logger": "__main__", "level": "info", "timestamp": "2025-12-16T21:41:17.316438Z"}
2025-12-17 00:41:17,317 - aiogram.dispatcher - INFO - Start polling
2025-12-17 00:41:17,317 - aiogram.dispatcher - INFO - Start polling
2025-12-17 00:41:17,392 - aiogram.dispatcher - INFO - Run polling for bot @disp_hunter_bot id=8589419100 - 'Disp_Hunter'
2025-12-17 00:41:17,392 - aiogram.dispatcher - INFO - Run polling for bot @disp_hunter_bot id=8589419100 - 'Disp_Hunter'
2025-12-17 00:41:32,341 - src.bot.middleware.logging_middleware - INFO - Handler completed successfully
2025-12-17 00:41:32,341 - src.bot.middleware.logging_middleware - INFO - Handler completed successfully
2025-12-17 00:41:32,342 - aiogram.event - INFO - Update id=873021298 is handled. Duration 358 ms by bot id=8589419100
2025-12-17 00:41:32,342 - aiogram.event - INFO - Update id=873021298 is handled. Duration 358 ms by bot id=8589419100
2025-12-17 00:41:33,290 - src.bot.middleware.logging_middleware - INFO - Callback received: order:input:voice from user 5782455721
2025-12-17 00:41:33,290 - src.bot.middleware.logging_middleware - INFO - Callback received: order:input:voice from user 5782455721
2025-12-17 00:41:33,461 - src.bot.middleware.logging_middleware - INFO - Handler completed successfully
2025-12-17 00:41:33,461 - src.bot.middleware.logging_middleware - INFO - Handler completed successfully
2025-12-17 00:41:33,463 - aiogram.event - INFO - Update id=873021299 is handled. Duration 172 ms by bot id=8589419100
2025-12-17 00:41:33,463 - aiogram.event - INFO - Update id=873021299 is handled. Duration 172 ms by bot id=8589419100
2025-12-17 00:41:39,123 - src.bot.handlers.order_handlers - INFO - Downloaded voice file, size: 67585 bytes
2025-12-17 00:41:39,123 - src.bot.handlers.order_handlers - INFO - Downloaded voice file, size: 67585 bytes
2025-12-17 00:41:39,125 - src.services.speech_recognition - INFO - Sending voice file to OpenAI, size: 67585 bytes
2025-12-17 00:41:39,125 - src.services.speech_recognition - INFO - Sending voice file to OpenAI, size: 67585 bytes
2025-12-17 00:41:39,757 - src.services.speech_recognition - ERROR - OpenAI API error: 401 - {
  "error": {
    "message": "Incorrect API key provided: sk-proj-*****************************************************************************************************************************************************1-kA. You can find your API key at https://platform.openai.com/account/api-keys.",
    "type": "invalid_request_error",
    "code": "invalid_api_key",
    "param": null
  },
  "status": 401
}
2025-12-17 00:41:39,757 - src.services.speech_recognition - ERROR - OpenAI API error: 401 - {
  "error": {
    "message": "Incorrect API key provided: sk-proj-*****************************************************************************************************************************************************1-kA. You can find your API key at https://platform.openai.com/account/api-keys.",
    "type": "invalid_request_error",
    "code": "invalid_api_key",
    "param": null
  },
  "status": 401
}
2025-12-17 00:41:39,758 - src.services.speech_recognition - WARNING - No speech recognition provider available
2025-12-17 00:41:39,758 - src.services.speech_recognition - WARNING - No speech recognition provider available
2025-12-17 00:41:39,869 - src.bot.middleware.logging_middleware - INFO - Handler completed successfully
2025-12-17 00:41:39,869 - src.bot.middleware.logging_middleware - INFO - Handler completed successfully
2025-12-17 00:41:39,869 - aiogram.event - INFO - Update id=873021300 is handled. Duration 1170 ms by bot id=8589419100
2025-12-17 00:41:39,869 - aiogram.event - INFO - Update id=873021300 is handled. Duration 1170 ms by bot id=8589419100
2025-12-17 00:43:00,502 - aiogram.dispatcher - ERROR - Failed to fetch updates - TelegramNetworkError: HTTP Client says - ServerDisconnectedError: Server disconnected
2025-12-17 00:43:00,502 - aiogram.dispatcher - ERROR - Failed to fetch updates - TelegramNetworkError: HTTP Client says - ServerDisconnectedError: Server disconnected
2025-12-17 00:43:00,503 - aiogram.dispatcher - WARNING - Sleep for 1.000000 seconds and try again... (tryings = 0, bot id = 8589419100)
2025-12-17 00:43:00,503 - aiogram.dispatcher - WARNING - Sleep for 1.000000 seconds and try again... (tryings = 0, bot id = 8589419100)
2025-12-17 00:43:11,839 - aiogram.dispatcher - INFO - Connection established (tryings = 1, bot id = 8589419100)
2025-12-17 00:43:11,839 - aiogram.dispatcher - INFO - Connection established (tryings = 1, bot id = 8589419100)
2025-12-17 00:43:50,778 - src.bot.middleware.logging_middleware - INFO - Handler completed successfully
2025-12-17 00:43:50,778 - src.bot.middleware.logging_middleware - INFO - Handler completed successfully
2025-12-17 00:43:50,778 - aiogram.event - INFO - Update id=873021301 is handled. Duration 343 ms by bot id=8589419100
2025-12-17 00:43:50,778 - aiogram.event - INFO - Update id=873021301 is handled. Duration 343 ms by bot id=8589419100
2025-12-17 00:43:51,978 - src.bot.middleware.logging_middleware - INFO - Callback received: order:input:template from user 5782455721
2025-12-17 00:43:51,978 - src.bot.middleware.logging_middleware - INFO - Callback received: order:input:template from user 5782455721
2025-12-17 00:43:52,150 - src.bot.middleware.logging_middleware - INFO - Handler completed successfully
2025-12-17 00:43:52,150 - src.bot.middleware.logging_middleware - INFO - Handler completed successfully
2025-12-17 00:43:52,151 - aiogram.event - INFO - Update id=873021302 is handled. Duration 171 ms by bot id=8589419100
2025-12-17 00:43:52,151 - aiogram.event - INFO - Update id=873021302 is handled. Duration 171 ms by bot id=8589419100
2025-12-17 00:46:42,023 - aiogram.dispatcher - ERROR - Failed to fetch updates - TelegramNetworkError: HTTP Client says - ServerDisconnectedError: Server disconnected
2025-12-17 00:46:42,023 - aiogram.dispatcher - ERROR - Failed to fetch updates - TelegramNetworkError: HTTP Client says - ServerDisconnectedError: Server disconnected
2025-12-17 00:46:42,023 - aiogram.dispatcher - WARNING - Sleep for 1.000000 seconds and try again... (tryings = 0, bot id = 8589419100)
2025-12-17 00:46:42,023 - aiogram.dispatcher - WARNING - Sleep for 1.000000 seconds and try again... (tryings = 0, bot id = 8589419100)
2025-12-17 00:46:53,362 - aiogram.dispatcher - INFO - Connection established (tryings = 1, bot id = 8589419100)
2025-12-17 00:46:53,362 - aiogram.dispatcher - INFO - Connection established (tryings = 1, bot id = 8589419100)
2025-12-17 00:51:44,275 - aiogram.dispatcher - ERROR - Failed to fetch updates - TelegramNetworkError: HTTP Client says - ServerDisconnectedError: Server disconnected
2025-12-17 00:51:44,275 - aiogram.dispatcher - ERROR - Failed to fetch updates - TelegramNetworkError: HTTP Client says - ServerDisconnectedError: Server disconnected
2025-12-17 00:51:44,276 - aiogram.dispatcher - WARNING - Sleep for 1.000000 seconds and try again... (tryings = 0, bot id = 8589419100)
2025-12-17 00:51:44,276 - aiogram.dispatcher - WARNING - Sleep for 1.000000 seconds and try again... (tryings = 0, bot id = 8589419100)
2025-12-17 00:51:55,605 - aiogram.dispatcher - INFO - Connection established (tryings = 1, bot id = 8589419100)
2025-12-17 00:51:55,605 - aiogram.dispatcher - INFO - Connection established (tryings = 1, bot id = 8589419100)
2025-12-17 01:10:52,880 - aiogram.dispatcher - ERROR - Failed to fetch updates - TelegramNetworkError: HTTP Client says - ServerDisconnectedError: Server disconnected
2025-12-17 01:10:52,880 - aiogram.dispatcher - ERROR - Failed to fetch updates - TelegramNetworkError: HTTP Client says - ServerDisconnectedError: Server disconnected
2025-12-17 01:10:52,881 - aiogram.dispatcher - WARNING - Sleep for 1.000000 seconds and try again... (tryings = 0, bot id = 8589419100)
2025-12-17 01:10:52,881 - aiogram.dispatcher - WARNING - Sleep for 1.000000 seconds and try again... (tryings = 0, bot id = 8589419100)
2025-12-17 01:11:04,212 - aiogram.dispatcher - INFO - Connection established (tryings = 1, bot id = 8589419100)
2025-12-17 01:11:04,212 - aiogram.dispatcher - INFO - Connection established (tryings = 1, bot id = 8589419100)
2025-12-17 01:19:56,796 - aiogram.dispatcher - ERROR - Failed to fetch updates - TelegramNetworkError: HTTP Client says - ServerDisconnectedError: Server disconnected
2025-12-17 01:19:56,796 - aiogram.dispatcher - ERROR - Failed to fetch updates - TelegramNetworkError: HTTP Client says - ServerDisconnectedError: Server disconnected
2025-12-17 01:19:56,797 - aiogram.dispatcher - WARNING - Sleep for 1.000000 seconds and try again... (tryings = 0, bot id = 8589419100)
2025-12-17 01:19:56,797 - aiogram.dispatcher - WARNING - Sleep for 1.000000 seconds and try again... (tryings = 0, bot id = 8589419100)
2025-12-17 01:20:08,130 - aiogram.dispatcher - INFO - Connection established (tryings = 1, bot id = 8589419100)
2025-12-17 01:20:08,130 - aiogram.dispatcher - INFO - Connection established (tryings = 1, bot id = 8589419100)
2025-12-17 01:38:45,297 - aiogram.dispatcher - ERROR - Failed to fetch updates - TelegramNetworkError: HTTP Client says - ServerDisconnectedError: Server disconnected
2025-12-17 01:38:45,297 - aiogram.dispatcher - ERROR - Failed to fetch updates - TelegramNetworkError: HTTP Client says - ServerDisconnectedError: Server disconnected
2025-12-17 01:38:45,298 - aiogram.dispatcher - WARNING - Sleep for 1.000000 seconds and try again... (tryings = 0, bot id = 8589419100)
2025-12-17 01:38:45,298 - aiogram.dispatcher - WARNING - Sleep for 1.000000 seconds and try again... (tryings = 0, bot id = 8589419100)
2025-12-17 01:38:56,624 - aiogram.dispatcher - INFO - Connection established (tryings = 1, bot id = 8589419100)
2025-12-17 01:38:56,624 - aiogram.dispatcher - INFO - Connection established (tryings = 1, bot id = 8589419100)
2025-12-17 01:48:09,399 - aiogram.dispatcher - ERROR - Failed to fetch updates - TelegramNetworkError: HTTP Client says - ServerDisconnectedError: Server disconnected
2025-12-17 01:48:09,399 - aiogram.dispatcher - ERROR - Failed to fetch updates - TelegramNetworkError: HTTP Client says - ServerDisconnectedError: Server disconnected
2025-12-17 01:48:09,402 - aiogram.dispatcher - WARNING - Sleep for 1.000000 seconds and try again... (tryings = 0, bot id = 8589419100)
2025-12-17 01:48:09,402 - aiogram.dispatcher - WARNING - Sleep for 1.000000 seconds and try again... (tryings = 0, bot id = 8589419100)
2025-12-17 01:48:21,784 - aiogram.dispatcher - INFO - Connection established (tryings = 1, bot id = 8589419100)
2025-12-17 01:48:21,784 - aiogram.dispatcher - INFO - Connection established (tryings = 1, bot id = 8589419100)
2025-12-17 01:56:54,313 - aiogram.dispatcher - ERROR - Failed to fetch updates - TelegramNetworkError: HTTP Client says - ServerDisconnectedError: Server disconnected
2025-12-17 01:56:54,313 - aiogram.dispatcher - ERROR - Failed to fetch updates - TelegramNetworkError: HTTP Client says - ServerDisconnectedError: Server disconnected
2025-12-17 01:56:54,314 - aiogram.dispatcher - WARNING - Sleep for 1.000000 seconds and try again... (tryings = 0, bot id = 8589419100)
2025-12-17 01:56:54,314 - aiogram.dispatcher - WARNING - Sleep for 1.000000 seconds and try again... (tryings = 0, bot id = 8589419100)
2025-12-17 01:57:05,652 - aiogram.dispatcher - INFO - Connection established (tryings = 1, bot id = 8589419100)
2025-12-17 01:57:05,652 - aiogram.dispatcher - INFO - Connection established (tryings = 1, bot id = 8589419100)
2025-12-17 02:16:13,338 - aiogram.dispatcher - ERROR - Failed to fetch updates - TelegramNetworkError: HTTP Client says - ServerDisconnectedError: Server disconnected
2025-12-17 02:16:13,338 - aiogram.dispatcher - ERROR - Failed to fetch updates - TelegramNetworkError: HTTP Client says - ServerDisconnectedError: Server disconnected
2025-12-17 02:16:13,339 - aiogram.dispatcher - WARNING - Sleep for 1.000000 seconds and try again... (tryings = 0, bot id = 8589419100)
2025-12-17 02:16:13,339 - aiogram.dispatcher - WARNING - Sleep for 1.000000 seconds and try again... (tryings = 0, bot id = 8589419100)
2025-12-17 02:16:24,670 - aiogram.dispatcher - INFO - Connection established (tryings = 1, bot id = 8589419100)
2025-12-17 02:16:24,670 - aiogram.dispatcher - INFO - Connection established (tryings = 1, bot id = 8589419100)
2025-12-17 02:43:25,974 - aiogram.dispatcher - ERROR - Failed to fetch updates - TelegramNetworkError: HTTP Client says - ServerDisconnectedError: Server disconnected
2025-12-17 02:43:25,974 - aiogram.dispatcher - ERROR - Failed to fetch updates - TelegramNetworkError: HTTP Client says - ServerDisconnectedError: Server disconnected
2025-12-17 02:43:25,975 - aiogram.dispatcher - WARNING - Sleep for 1.000000 seconds and try again... (tryings = 0, bot id = 8589419100)
2025-12-17 02:43:25,975 - aiogram.dispatcher - WARNING - Sleep for 1.000000 seconds and try again... (tryings = 0, bot id = 8589419100)
2025-12-17 02:43:37,297 - aiogram.dispatcher - INFO - Connection established (tryings = 1, bot id = 8589419100)
2025-12-17 02:43:37,297 - aiogram.dispatcher - INFO - Connection established (tryings = 1, bot id = 8589419100)
2025-12-17 02:49:08,447 - aiogram.dispatcher - ERROR - Failed to fetch updates - TelegramNetworkError: HTTP Client says - ServerDisconnectedError: Server disconnected
2025-12-17 02:49:08,447 - aiogram.dispatcher - ERROR - Failed to fetch updates - TelegramNetworkError: HTTP Client says - ServerDisconnectedError: Server disconnected
2025-12-17 02:49:08,448 - aiogram.dispatcher - WARNING - Sleep for 1.000000 seconds and try again... (tryings = 0, bot id = 8589419100)
2025-12-17 02:49:08,448 - aiogram.dispatcher - WARNING - Sleep for 1.000000 seconds and try again... (tryings = 0, bot id = 8589419100)
2025-12-17 02:49:19,827 - aiogram.dispatcher - INFO - Connection established (tryings = 1, bot id = 8589419100)
2025-12-17 02:49:19,827 - aiogram.dispatcher - INFO - Connection established (tryings = 1, bot id = 8589419100)
2025-12-17 03:19:42,233 - aiogram.dispatcher - ERROR - Failed to fetch updates - TelegramNetworkError: HTTP Client says - ServerDisconnectedError: Server disconnected
2025-12-17 03:19:42,233 - aiogram.dispatcher - ERROR - Failed to fetch updates - TelegramNetworkError: HTTP Client says - ServerDisconnectedError: Server disconnected
2025-12-17 03:19:42,233 - aiogram.dispatcher - WARNING - Sleep for 1.000000 seconds and try again... (tryings = 0, bot id = 8589419100)
2025-12-17 03:19:42,233 - aiogram.dispatcher - WARNING - Sleep for 1.000000 seconds and try again... (tryings = 0, bot id = 8589419100)
2025-12-17 03:19:53,560 - aiogram.dispatcher - INFO - Connection established (tryings = 1, bot id = 8589419100)
2025-12-17 03:19:53,560 - aiogram.dispatcher - INFO - Connection established (tryings = 1, bot id = 8589419100)
2025-12-17 03:37:50,507 - aiogram.dispatcher - ERROR - Failed to fetch updates - TelegramNetworkError: HTTP Client says - ServerDisconnectedError: Server disconnected
2025-12-17 03:37:50,507 - aiogram.dispatcher - ERROR - Failed to fetch updates - TelegramNetworkError: HTTP Client says - ServerDisconnectedError: Server disconnected
2025-12-17 03:37:50,508 - aiogram.dispatcher - WARNING - Sleep for 1.000000 seconds and try again... (tryings = 0, bot id = 8589419100)
2025-12-17 03:37:50,508 - aiogram.dispatcher - WARNING - Sleep for 1.000000 seconds and try again... (tryings = 0, bot id = 8589419100)
2025-12-17 03:38:01,841 - aiogram.dispatcher - INFO - Connection established (tryings = 1, bot id = 8589419100)
2025-12-17 03:38:01,841 - aiogram.dispatcher - INFO - Connection established (tryings = 1, bot id = 8589419100)
2025-12-17 03:38:30,874 - aiogram.dispatcher - ERROR - Failed to fetch updates - TelegramNetworkError: HTTP Client says - ServerDisconnectedError: Server disconnected
2025-12-17 03:38:30,874 - aiogram.dispatcher - ERROR - Failed to fetch updates - TelegramNetworkError: HTTP Client says - ServerDisconnectedError: Server disconnected
2025-12-17 03:38:30,875 - aiogram.dispatcher - WARNING - Sleep for 1.000000 seconds and try again... (tryings = 0, bot id = 8589419100)
2025-12-17 03:38:30,875 - aiogram.dispatcher - WARNING - Sleep for 1.000000 seconds and try again... (tryings = 0, bot id = 8589419100)
2025-12-17 03:38:42,207 - aiogram.dispatcher - INFO - Connection established (tryings = 1, bot id = 8589419100)
2025-12-17 03:38:42,207 - aiogram.dispatcher - INFO - Connection established (tryings = 1, bot id = 8589419100)
2025-12-17 04:07:53,782 - aiogram.dispatcher - ERROR - Failed to fetch updates - TelegramNetworkError: HTTP Client says - ServerDisconnectedError: Server disconnected
2025-12-17 04:07:53,782 - aiogram.dispatcher - ERROR - Failed to fetch updates - TelegramNetworkError: HTTP Client says - ServerDisconnectedError: Server disconnected
2025-12-17 04:07:53,782 - aiogram.dispatcher - WARNING - Sleep for 1.000000 seconds and try again... (tryings = 0, bot id = 8589419100)
2025-12-17 04:07:53,782 - aiogram.dispatcher - WARNING - Sleep for 1.000000 seconds and try again... (tryings = 0, bot id = 8589419100)
2025-12-17 04:08:05,105 - aiogram.dispatcher - INFO - Connection established (tryings = 1, bot id = 8589419100)
2025-12-17 04:08:05,105 - aiogram.dispatcher - INFO - Connection established (tryings = 1, bot id = 8589419100)
2025-12-17 04:13:26,279 - aiogram.dispatcher - ERROR - Failed to fetch updates - TelegramNetworkError: HTTP Client says - ServerDisconnectedError: Server disconnected
2025-12-17 04:13:26,279 - aiogram.dispatcher - ERROR - Failed to fetch updates - TelegramNetworkError: HTTP Client says - ServerDisconnectedError: Server disconnected
2025-12-17 04:13:26,280 - aiogram.dispatcher - WARNING - Sleep for 1.000000 seconds and try again... (tryings = 0, bot id = 8589419100)
2025-12-17 04:13:26,280 - aiogram.dispatcher - WARNING - Sleep for 1.000000 seconds and try again... (tryings = 0, bot id = 8589419100)
2025-12-17 04:13:37,604 - aiogram.dispatcher - INFO - Connection established (tryings = 1, bot id = 8589419100)
2025-12-17 04:13:37,604 - aiogram.dispatcher - INFO - Connection established (tryings = 1, bot id = 8589419100)
2025-12-17 04:13:56,538 - aiogram.dispatcher - ERROR - Failed to fetch updates - TelegramNetworkError: HTTP Client says - ServerDisconnectedError: Server disconnected
2025-12-17 04:13:56,538 - aiogram.dispatcher - ERROR - Failed to fetch updates - TelegramNetworkError: HTTP Client says - ServerDisconnectedError: Server disconnected
2025-12-17 04:13:56,539 - aiogram.dispatcher - WARNING - Sleep for 1.000000 seconds and try again... (tryings = 0, bot id = 8589419100)
2025-12-17 04:13:56,539 - aiogram.dispatcher - WARNING - Sleep for 1.000000 seconds and try again... (tryings = 0, bot id = 8589419100)
2025-12-17 04:14:07,870 - aiogram.dispatcher - INFO - Connection established (tryings = 1, bot id = 8589419100)
2025-12-17 04:14:07,870 - aiogram.dispatcher - INFO - Connection established (tryings = 1, bot id = 8589419100)
2025-12-17 04:14:57,028 - aiogram.dispatcher - ERROR - Failed to fetch updates - TelegramNetworkError: HTTP Client says - ServerDisconnectedError: Server disconnected
2025-12-17 04:14:57,028 - aiogram.dispatcher - ERROR - Failed to fetch updates - TelegramNetworkError: HTTP Client says - ServerDisconnectedError: Server disconnected
2025-12-17 04:14:57,029 - aiogram.dispatcher - WARNING - Sleep for 1.000000 seconds and try again... (tryings = 0, bot id = 8589419100)
2025-12-17 04:14:57,029 - aiogram.dispatcher - WARNING - Sleep for 1.000000 seconds and try again... (tryings = 0, bot id = 8589419100)
2025-12-17 04:15:08,374 - aiogram.dispatcher - INFO - Connection established (tryings = 1, bot id = 8589419100)
2025-12-17 04:15:08,374 - aiogram.dispatcher - INFO - Connection established (tryings = 1, bot id = 8589419100)
2025-12-17 04:25:41,691 - aiogram.dispatcher - ERROR - Failed to fetch updates - TelegramNetworkError: HTTP Client says - ServerDisconnectedError: Server disconnected
2025-12-17 04:25:41,691 - aiogram.dispatcher - ERROR - Failed to fetch updates - TelegramNetworkError: HTTP Client says - ServerDisconnectedError: Server disconnected
2025-12-17 04:25:41,692 - aiogram.dispatcher - WARNING - Sleep for 1.000000 seconds and try again... (tryings = 0, bot id = 8589419100)
2025-12-17 04:25:41,692 - aiogram.dispatcher - WARNING - Sleep for 1.000000 seconds and try again... (tryings = 0, bot id = 8589419100)
2025-12-17 04:25:53,028 - aiogram.dispatcher - INFO - Connection established (tryings = 1, bot id = 8589419100)
2025-12-17 04:25:53,028 - aiogram.dispatcher - INFO - Connection established (tryings = 1, bot id = 8589419100)
2025-12-17 04:30:43,942 - aiogram.dispatcher - ERROR - Failed to fetch updates - TelegramNetworkError: HTTP Client says - ServerDisconnectedError: Server disconnected
2025-12-17 04:30:43,942 - aiogram.dispatcher - ERROR - Failed to fetch updates - TelegramNetworkError: HTTP Client says - ServerDisconnectedError: Server disconnected
2025-12-17 04:30:43,943 - aiogram.dispatcher - WARNING - Sleep for 1.000000 seconds and try again... (tryings = 0, bot id = 8589419100)
2025-12-17 04:30:43,943 - aiogram.dispatcher - WARNING - Sleep for 1.000000 seconds and try again... (tryings = 0, bot id = 8589419100)
2025-12-17 04:30:55,276 - aiogram.dispatcher - INFO - Connection established (tryings = 1, bot id = 8589419100)
2025-12-17 04:30:55,276 - aiogram.dispatcher - INFO - Connection established (tryings = 1, bot id = 8589419100)
2025-12-17 04:49:22,499 - aiogram.dispatcher - ERROR - Failed to fetch updates - TelegramNetworkError: HTTP Client says - ServerDisconnectedError: Server disconnected
2025-12-17 04:49:22,499 - aiogram.dispatcher - ERROR - Failed to fetch updates - TelegramNetworkError: HTTP Client says - ServerDisconnectedError: Server disconnected
2025-12-17 04:49:22,500 - aiogram.dispatcher - WARNING - Sleep for 1.000000 seconds and try again... (tryings = 0, bot id = 8589419100)
2025-12-17 04:49:22,500 - aiogram.dispatcher - WARNING - Sleep for 1.000000 seconds and try again... (tryings = 0, bot id = 8589419100)
2025-12-17 04:49:33,858 - aiogram.dispatcher - INFO - Connection established (tryings = 1, bot id = 8589419100)
2025-12-17 04:49:33,858 - aiogram.dispatcher - INFO - Connection established (tryings = 1, bot id = 8589419100)
2025-12-17 04:50:12,949 - aiogram.dispatcher - ERROR - Failed to fetch updates - TelegramNetworkError: HTTP Client says - ServerDisconnectedError: Server disconnected
2025-12-17 04:50:12,949 - aiogram.dispatcher - ERROR - Failed to fetch updates - TelegramNetworkError: HTTP Client says - ServerDisconnectedError: Server disconnected
2025-12-17 04:50:12,949 - aiogram.dispatcher - WARNING - Sleep for 1.000000 seconds and try again... (tryings = 0, bot id = 8589419100)
2025-12-17 04:50:12,949 - aiogram.dispatcher - WARNING - Sleep for 1.000000 seconds and try again... (tryings = 0, bot id = 8589419100)
2025-12-17 04:50:24,330 - aiogram.dispatcher - INFO - Connection established (tryings = 1, bot id = 8589419100)
2025-12-17 04:50:24,330 - aiogram.dispatcher - INFO - Connection established (tryings = 1, bot id = 8589419100)
2025-12-17 05:07:10,510 - aiogram.dispatcher - ERROR - Failed to fetch updates - TelegramNetworkError: HTTP Client says - ServerDisconnectedError: Server disconnected
2025-12-17 05:07:10,510 - aiogram.dispatcher - ERROR - Failed to fetch updates - TelegramNetworkError: HTTP Client says - ServerDisconnectedError: Server disconnected
2025-12-17 05:07:10,511 - aiogram.dispatcher - WARNING - Sleep for 1.000000 seconds and try again... (tryings = 0, bot id = 8589419100)
2025-12-17 05:07:10,511 - aiogram.dispatcher - WARNING - Sleep for 1.000000 seconds and try again... (tryings = 0, bot id = 8589419100)
2025-12-17 05:07:21,879 - aiogram.dispatcher - INFO - Connection established (tryings = 1, bot id = 8589419100)
2025-12-17 05:07:21,879 - aiogram.dispatcher - INFO - Connection established (tryings = 1, bot id = 8589419100)
2025-12-17 05:24:58,544 - aiogram.dispatcher - ERROR - Failed to fetch updates - TelegramNetworkError: HTTP Client says - ServerDisconnectedError: Server disconnected
2025-12-17 05:24:58,544 - aiogram.dispatcher - ERROR - Failed to fetch updates - TelegramNetworkError: HTTP Client says - ServerDisconnectedError: Server disconnected
2025-12-17 05:24:58,545 - aiogram.dispatcher - WARNING - Sleep for 1.000000 seconds and try again... (tryings = 0, bot id = 8589419100)
2025-12-17 05:24:58,545 - aiogram.dispatcher - WARNING - Sleep for 1.000000 seconds and try again... (tryings = 0, bot id = 8589419100)
2025-12-17 05:25:09,879 - aiogram.dispatcher - INFO - Connection established (tryings = 1, bot id = 8589419100)
2025-12-17 05:25:09,879 - aiogram.dispatcher - INFO - Connection established (tryings = 1, bot id = 8589419100)
